2026-05-07T06:43:45.722Z [getAllProjects] Start - User: a6f2643a-6e8f-4bf2-bd33-6e86e4236c71, Org: 17674cf9-9aab-470b-98d9-b65820a3436e
2026-05-07T06:43:45.726Z [getAllProjects] Database and Model verified. Testing connection...
2026-05-07T06:43:45.728Z [getAllProjects] Connection Successful
2026-05-07T06:43:45.729Z [getAllProjects] Fetching all projects (no pagination)...
2026-05-07T06:43:45.763Z [getAllProjects] Found 7 projects. Computing progress...
2026-05-07T06:43:45.767Z [getAllProjects] Success. Returning response.
2026-05-07T06:56:28.859Z [getAllProjects] Start - User: a6f2643a-6e8f-4bf2-bd33-6e86e4236c71, Org: 17674cf9-9aab-470b-98d9-b65820a3436e
2026-05-07T06:56:28.862Z [getAllProjects] Database and Model verified. Testing connection...
2026-05-07T06:56:28.864Z [getAllProjects] Connection Successful
2026-05-07T06:56:28.865Z [getAllProjects] Fetching all projects (no pagination)...
2026-05-07T06:56:28.882Z [getAllProjects] Found 7 projects. Computing progress...
2026-05-07T06:56:28.884Z [getAllProjects] Success. Returning response.
2026-05-07T06:56:34.607Z [getAllProjects] Start - User: a6f2643a-6e8f-4bf2-bd33-6e86e4236c71, Org: 17674cf9-9aab-470b-98d9-b65820a3436e
2026-05-07T06:56:34.608Z [getAllProjects] Database and Model verified. Testing connection...
2026-05-07T06:56:34.610Z [getAllProjects] Connection Successful
2026-05-07T06:56:34.611Z [getAllProjects] Fetching paginated projects (page: 1, limit: 10)...
2026-05-07T06:56:34.630Z [getAllProjects] Found 7 projects (Total: 7). Computing progress...
2026-05-07T06:56:34.631Z [getAllProjects] Success. Returning paginated response.
2026-05-07T06:56:35.923Z [getAllProjects] Start - User: a6f2643a-6e8f-4bf2-bd33-6e86e4236c71, Org: 17674cf9-9aab-470b-98d9-b65820a3436e
2026-05-07T06:56:35.924Z [getAllProjects] Database and Model verified. Testing connection...
2026-05-07T06:56:35.926Z [getAllProjects] Connection Successful
2026-05-07T06:56:35.927Z [getAllProjects] Fetching all projects (no pagination)...
2026-05-07T06:56:35.945Z [getAllProjects] Found 7 projects. Computing progress...
2026-05-07T06:56:35.946Z [getAllProjects] Success. Returning response.
2026-05-07T06:56:38.003Z [getAllProjects] Start - User: a6f2643a-6e8f-4bf2-bd33-6e86e4236c71, Org: 17674cf9-9aab-470b-98d9-b65820a3436e
2026-05-07T06:56:38.004Z [getAllProjects] Database and Model verified. Testing connection...
2026-05-07T06:56:38.006Z [getAllProjects] Connection Successful
2026-05-07T06:56:38.008Z [getAllProjects] Fetching all projects (no pagination)...
2026-05-07T06:56:38.017Z [getAllProjects] Found 7 projects. Computing progress...
2026-05-07T06:56:38.018Z [getAllProjects] Success. Returning response.
2026-05-07T11:25:08.144Z [getAllProjects] Start - User: a6f2643a-6e8f-4bf2-bd33-6e86e4236c71, Org: 17674cf9-9aab-470b-98d9-b65820a3436e
2026-05-07T11:25:08.147Z [getAllProjects] Database and Model verified. Testing connection...
2026-05-07T11:25:08.148Z [getAllProjects] Connection Successful
2026-05-07T11:25:08.151Z [getAllProjects] Fetching all projects (no pagination)...
2026-05-07T11:25:08.179Z [getAllProjects] Found 7 projects. Computing progress...
2026-05-07T11:25:08.180Z [getAllProjects] Success. Returning response.
2026-05-07T11:25:10.333Z [getAllProjects] Start - User: a6f2643a-6e8f-4bf2-bd33-6e86e4236c71, Org: 17674cf9-9aab-470b-98d9-b65820a3436e
2026-05-07T11:25:10.334Z [getAllProjects] Database and Model verified. Testing connection...
2026-05-07T11:25:10.336Z [getAllProjects] Connection Successful
2026-05-07T11:25:10.337Z [getAllProjects] Fetching paginated projects (page: 1, limit: 10)...
2026-05-07T11:25:10.352Z [getAllProjects] Found 7 projects (Total: 7). Computing progress...
2026-05-07T11:25:10.353Z [getAllProjects] Success. Returning paginated response.
2026-05-07T11:27:41.503Z [getAllProjects] Start - User: a6f2643a-6e8f-4bf2-bd33-6e86e4236c71, Org: 17674cf9-9aab-470b-98d9-b65820a3436e
2026-05-07T11:27:41.510Z [getAllProjects] Database and Model verified. Testing connection...
2026-05-07T11:27:41.514Z [getAllProjects] Connection Successful
2026-05-07T11:27:41.516Z [getAllProjects] Fetching paginated projects (page: 1, limit: 10)...
2026-05-07T11:27:41.548Z [getAllProjects] Found 7 projects (Total: 7). Computing progress...
2026-05-07T11:27:41.551Z [getAllProjects] Success. Returning paginated response.
2026-05-07T12:09:13.258Z [getAllProjects] Start - User: a6f2643a-6e8f-4bf2-bd33-6e86e4236c71, Org: 17674cf9-9aab-470b-98d9-b65820a3436e
2026-05-07T12:09:13.261Z [getAllProjects] Database and Model verified. Testing connection...
2026-05-07T12:09:13.264Z [getAllProjects] Connection Successful
2026-05-07T12:09:13.267Z [getAllProjects] Fetching all projects (no pagination)...
2026-05-07T12:09:13.351Z [getAllProjects] Found 7 projects. Computing progress...
2026-05-07T12:09:13.353Z [getAllProjects] Success. Returning response.
2026-05-07T12:10:20.253Z [getAllProjects] Start - User: a6f2643a-6e8f-4bf2-bd33-6e86e4236c71, Org: 17674cf9-9aab-470b-98d9-b65820a3436e
2026-05-07T12:10:20.258Z [getAllProjects] Database and Model verified. Testing connection...
2026-05-07T12:10:20.260Z [getAllProjects] Connection Successful
2026-05-07T12:10:20.261Z [getAllProjects] Fetching all projects (no pagination)...
2026-05-07T12:10:20.274Z [getAllProjects] Found 7 projects. Computing progress...
2026-05-07T12:10:20.275Z [getAllProjects] Success. Returning response.
2026-05-07T12:15:18.424Z [getAllProjects] Start - User: a6f2643a-6e8f-4bf2-bd33-6e86e4236c71, Org: 17674cf9-9aab-470b-98d9-b65820a3436e
2026-05-07T12:15:18.426Z [getAllProjects] Database and Model verified. Testing connection...
2026-05-07T12:15:18.428Z [getAllProjects] Connection Successful
2026-05-07T12:15:18.429Z [getAllProjects] Fetching all projects (no pagination)...
2026-05-07T12:15:18.447Z [getAllProjects] Found 7 projects. Computing progress...
2026-05-07T12:15:18.448Z [getAllProjects] Success. Returning response.
2026-05-08T05:25:48.221Z [getAllProjects] Start - User: a6f2643a-6e8f-4bf2-bd33-6e86e4236c71, Org: 17674cf9-9aab-470b-98d9-b65820a3436e
2026-05-08T05:25:48.224Z [getAllProjects] Database and Model verified. Testing connection...
2026-05-08T05:25:48.226Z [getAllProjects] Connection Successful
2026-05-08T05:25:48.227Z [getAllProjects] Fetching all projects (no pagination)...
2026-05-08T05:25:48.272Z [getAllProjects] Found 7 projects. Computing progress...
2026-05-08T05:25:48.284Z [getAllProjects] Success. Returning response.
2026-05-08T05:25:48.335Z [getAllProjects] Start - User: a6f2643a-6e8f-4bf2-bd33-6e86e4236c71, Org: 17674cf9-9aab-470b-98d9-b65820a3436e
2026-05-08T05:25:48.337Z [getAllProjects] Database and Model verified. Testing connection...
2026-05-08T05:25:48.339Z [getAllProjects] Connection Successful
2026-05-08T05:25:48.342Z [getAllProjects] Fetching all projects (no pagination)...
2026-05-08T05:25:48.361Z [getAllProjects] Found 7 projects. Computing progress...
2026-05-08T05:25:48.362Z [getAllProjects] Success. Returning response.
2026-05-08T05:30:48.284Z [getAllProjects] Start - User: a6f2643a-6e8f-4bf2-bd33-6e86e4236c71, Org: 17674cf9-9aab-470b-98d9-b65820a3436e
2026-05-08T05:30:48.286Z [getAllProjects] Database and Model verified. Testing connection...
2026-05-08T05:30:48.287Z [getAllProjects] Connection Successful
2026-05-08T05:30:48.288Z [getAllProjects] Fetching all projects (no pagination)...
2026-05-08T05:30:48.299Z [getAllProjects] Found 7 projects. Computing progress...
2026-05-08T05:30:48.300Z [getAllProjects] Success. Returning response.
2026-05-08T05:35:48.059Z [getAllProjects] Start - User: a6f2643a-6e8f-4bf2-bd33-6e86e4236c71, Org: 17674cf9-9aab-470b-98d9-b65820a3436e
2026-05-08T05:35:48.061Z [getAllProjects] Database and Model verified. Testing connection...
2026-05-08T05:35:48.062Z [getAllProjects] Connection Successful
2026-05-08T05:35:48.063Z [getAllProjects] Fetching all projects (no pagination)...
2026-05-08T05:35:48.119Z [getAllProjects] Found 7 projects. Computing progress...
2026-05-08T05:35:48.120Z [getAllProjects] Success. Returning response.
2026-05-08T05:40:48.129Z [getAllProjects] Start - User: a6f2643a-6e8f-4bf2-bd33-6e86e4236c71, Org: 17674cf9-9aab-470b-98d9-b65820a3436e
2026-05-08T05:40:48.131Z [getAllProjects] Database and Model verified. Testing connection...
2026-05-08T05:40:48.132Z [getAllProjects] Connection Successful
2026-05-08T05:40:48.133Z [getAllProjects] Fetching all projects (no pagination)...
2026-05-08T05:40:48.187Z [getAllProjects] Found 7 projects. Computing progress...
2026-05-08T05:40:48.188Z [getAllProjects] Success. Returning response.
2026-05-08T05:45:48.085Z [getAllProjects] Start - User: a6f2643a-6e8f-4bf2-bd33-6e86e4236c71, Org: 17674cf9-9aab-470b-98d9-b65820a3436e
2026-05-08T05:45:48.087Z [getAllProjects] Database and Model verified. Testing connection...
2026-05-08T05:45:48.088Z [getAllProjects] Connection Successful
2026-05-08T05:45:48.090Z [getAllProjects] Fetching all projects (no pagination)...
2026-05-08T05:45:48.110Z [getAllProjects] Found 7 projects. Computing progress...
2026-05-08T05:45:48.112Z [getAllProjects] Success. Returning response.
2026-05-08T05:49:10.473Z [getAllProjects] Start - User: a6f2643a-6e8f-4bf2-bd33-6e86e4236c71, Org: 17674cf9-9aab-470b-98d9-b65820a3436e
2026-05-08T05:49:10.475Z [getAllProjects] Database and Model verified. Testing connection...
2026-05-08T05:49:10.477Z [getAllProjects] Connection Successful
2026-05-08T05:49:10.478Z [getAllProjects] Fetching paginated projects (page: 1, limit: 10)...
2026-05-08T05:49:10.495Z [getAllProjects] Found 7 projects (Total: 7). Computing progress...
2026-05-08T05:49:10.497Z [getAllProjects] Success. Returning paginated response.
2026-05-08T05:51:35.593Z [getAllProjects] Start - User: a6f2643a-6e8f-4bf2-bd33-6e86e4236c71, Org: 17674cf9-9aab-470b-98d9-b65820a3436e
2026-05-08T05:51:35.595Z [getAllProjects] Database and Model verified. Testing connection...
2026-05-08T05:51:35.596Z [getAllProjects] Connection Successful
2026-05-08T05:51:35.598Z [getAllProjects] Fetching paginated projects (page: 1, limit: 10)...
2026-05-08T05:51:35.613Z [getAllProjects] Found 7 projects (Total: 7). Computing progress...
2026-05-08T05:51:35.615Z [getAllProjects] Success. Returning paginated response.
2026-05-08T05:52:58.460Z [getAllProjects] Start - User: a6f2643a-6e8f-4bf2-bd33-6e86e4236c71, Org: 17674cf9-9aab-470b-98d9-b65820a3436e
2026-05-08T05:52:58.462Z [getAllProjects] Database and Model verified. Testing connection...
2026-05-08T05:52:58.463Z [getAllProjects] Connection Successful
2026-05-08T05:52:58.464Z [getAllProjects] Fetching paginated projects (page: 1, limit: 10)...
2026-05-08T05:52:58.482Z [getAllProjects] Found 7 projects (Total: 7). Computing progress...
2026-05-08T05:52:58.484Z [getAllProjects] Success. Returning paginated response.
2026-05-08T05:52:59.987Z [getAllProjects] Start - User: a6f2643a-6e8f-4bf2-bd33-6e86e4236c71, Org: 17674cf9-9aab-470b-98d9-b65820a3436e
2026-05-08T05:52:59.989Z [getAllProjects] Database and Model verified. Testing connection...
2026-05-08T05:52:59.991Z [getAllProjects] Connection Successful
2026-05-08T05:52:59.992Z [getAllProjects] Fetching paginated projects (page: 1, limit: 10)...
2026-05-08T05:53:00.008Z [getAllProjects] Found 7 projects (Total: 7). Computing progress...
2026-05-08T05:53:00.009Z [getAllProjects] Success. Returning paginated response.
2026-05-08T05:53:06.570Z [getAllProjects] Start - User: a6f2643a-6e8f-4bf2-bd33-6e86e4236c71, Org: 17674cf9-9aab-470b-98d9-b65820a3436e
2026-05-08T05:53:06.572Z [getAllProjects] Database and Model verified. Testing connection...
2026-05-08T05:53:06.573Z [getAllProjects] Connection Successful
2026-05-08T05:53:06.575Z [getAllProjects] Fetching paginated projects (page: 1, limit: 10)...
2026-05-08T05:53:06.584Z [getAllProjects] Found 7 projects (Total: 7). Computing progress...
2026-05-08T05:53:06.586Z [getAllProjects] Success. Returning paginated response.
2026-05-08T05:53:08.010Z [getAllProjects] Start - User: a6f2643a-6e8f-4bf2-bd33-6e86e4236c71, Org: 17674cf9-9aab-470b-98d9-b65820a3436e
2026-05-08T05:53:08.012Z [getAllProjects] Database and Model verified. Testing connection...
2026-05-08T05:53:08.013Z [getAllProjects] Connection Successful
2026-05-08T05:53:08.015Z [getAllProjects] Fetching paginated projects (page: 1, limit: 10)...
2026-05-08T05:53:08.037Z [getAllProjects] Found 7 projects (Total: 7). Computing progress...
2026-05-08T05:53:08.039Z [getAllProjects] Success. Returning paginated response.
2026-05-08T05:53:52.461Z [getAllProjects] Start - User: a6f2643a-6e8f-4bf2-bd33-6e86e4236c71, Org: 17674cf9-9aab-470b-98d9-b65820a3436e
2026-05-08T05:53:52.462Z [getAllProjects] Database and Model verified. Testing connection...
2026-05-08T05:53:52.464Z [getAllProjects] Connection Successful
2026-05-08T05:53:52.466Z [getAllProjects] Fetching paginated projects (page: 1, limit: 10)...
2026-05-08T05:53:52.478Z [getAllProjects] Found 7 projects (Total: 7). Computing progress...
2026-05-08T05:53:52.480Z [getAllProjects] Success. Returning paginated response.
2026-05-08T05:54:21.000Z [getAllProjects] Start - User: a6f2643a-6e8f-4bf2-bd33-6e86e4236c71, Org: 17674cf9-9aab-470b-98d9-b65820a3436e
2026-05-08T05:54:21.001Z [getAllProjects] Database and Model verified. Testing connection...
2026-05-08T05:54:21.003Z [getAllProjects] Connection Successful
2026-05-08T05:54:21.004Z [getAllProjects] Fetching paginated projects (page: 1, limit: 10)...
2026-05-08T05:54:21.015Z [getAllProjects] Found 7 projects (Total: 7). Computing progress...
2026-05-08T05:54:21.017Z [getAllProjects] Success. Returning paginated response.
2026-05-08T05:56:24.005Z [getAllProjects] Start - User: a6f2643a-6e8f-4bf2-bd33-6e86e4236c71, Org: 17674cf9-9aab-470b-98d9-b65820a3436e
2026-05-08T05:56:24.007Z [getAllProjects] Database and Model verified. Testing connection...
2026-05-08T05:56:24.009Z [getAllProjects] Connection Successful
2026-05-08T05:56:24.010Z [getAllProjects] Fetching paginated projects (page: 1, limit: 10)...
2026-05-08T05:56:24.025Z [getAllProjects] Found 7 projects (Total: 7). Computing progress...
2026-05-08T05:56:24.026Z [getAllProjects] Success. Returning paginated response.
2026-05-08T05:56:43.984Z [getAllProjects] Start - User: a6f2643a-6e8f-4bf2-bd33-6e86e4236c71, Org: 17674cf9-9aab-470b-98d9-b65820a3436e
2026-05-08T05:56:43.985Z [getAllProjects] Database and Model verified. Testing connection...
2026-05-08T05:56:43.986Z [getAllProjects] Connection Successful
2026-05-08T05:56:43.988Z [getAllProjects] Fetching paginated projects (page: 1, limit: 10)...
2026-05-08T05:56:43.997Z [getAllProjects] Found 7 projects (Total: 7). Computing progress...
2026-05-08T05:56:43.998Z [getAllProjects] Success. Returning paginated response.
2026-05-08T05:57:14.640Z [getAllProjects] Start - User: a6f2643a-6e8f-4bf2-bd33-6e86e4236c71, Org: 17674cf9-9aab-470b-98d9-b65820a3436e
2026-05-08T05:57:14.642Z [getAllProjects] Database and Model verified. Testing connection...
2026-05-08T05:57:14.644Z [getAllProjects] Connection Successful
2026-05-08T05:57:14.645Z [getAllProjects] Fetching paginated projects (page: 1, limit: 10)...
2026-05-08T05:57:14.655Z [getAllProjects] Found 7 projects (Total: 7). Computing progress...
2026-05-08T05:57:14.657Z [getAllProjects] Success. Returning paginated response.
2026-05-08T05:57:28.318Z [getAllProjects] Start - User: a6f2643a-6e8f-4bf2-bd33-6e86e4236c71, Org: 17674cf9-9aab-470b-98d9-b65820a3436e
2026-05-08T05:57:28.319Z [getAllProjects] Database and Model verified. Testing connection...
2026-05-08T05:57:28.320Z [getAllProjects] Connection Successful
2026-05-08T05:57:28.322Z [getAllProjects] Fetching paginated projects (page: 1, limit: 10)...
2026-05-08T05:57:28.329Z [getAllProjects] Found 7 projects (Total: 7). Computing progress...
2026-05-08T05:57:28.331Z [getAllProjects] Success. Returning paginated response.
2026-05-08T06:00:13.073Z [getAllProjects] Start - User: a6f2643a-6e8f-4bf2-bd33-6e86e4236c71, Org: 17674cf9-9aab-470b-98d9-b65820a3436e
2026-05-08T06:00:13.075Z [getAllProjects] Database and Model verified. Testing connection...
2026-05-08T06:00:13.076Z [getAllProjects] Connection Successful
2026-05-08T06:00:13.077Z [getAllProjects] Fetching paginated projects (page: 1, limit: 10)...
2026-05-08T06:00:13.148Z [getAllProjects] Found 7 projects (Total: 7). Computing progress...
2026-05-08T06:00:13.150Z [getAllProjects] Success. Returning paginated response.
2026-05-08T06:00:46.315Z [getAllProjects] Start - User: a6f2643a-6e8f-4bf2-bd33-6e86e4236c71, Org: 17674cf9-9aab-470b-98d9-b65820a3436e
2026-05-08T06:00:46.317Z [getAllProjects] Database and Model verified. Testing connection...
2026-05-08T06:00:46.318Z [getAllProjects] Connection Successful
2026-05-08T06:00:46.319Z [getAllProjects] Fetching all projects (no pagination)...
2026-05-08T06:00:46.325Z [getAllProjects] Found 7 projects. Computing progress...
2026-05-08T06:00:46.326Z [getAllProjects] Success. Returning response.
2026-05-08T06:01:21.042Z [getAllProjects] Start - User: a6f2643a-6e8f-4bf2-bd33-6e86e4236c71, Org: 17674cf9-9aab-470b-98d9-b65820a3436e
2026-05-08T06:01:21.043Z [getAllProjects] Database and Model verified. Testing connection...
2026-05-08T06:01:21.044Z [getAllProjects] Connection Successful
2026-05-08T06:01:21.045Z [getAllProjects] Fetching all projects (no pagination)...
2026-05-08T06:01:21.053Z [getAllProjects] Found 7 projects. Computing progress...
2026-05-08T06:01:21.054Z [getAllProjects] Success. Returning response.
2026-05-08T06:02:00.856Z [getAllProjects] Start - User: a6f2643a-6e8f-4bf2-bd33-6e86e4236c71, Org: 17674cf9-9aab-470b-98d9-b65820a3436e
2026-05-08T06:02:00.858Z [getAllProjects] Database and Model verified. Testing connection...
2026-05-08T06:02:00.859Z [getAllProjects] Connection Successful
2026-05-08T06:02:00.860Z [getAllProjects] Fetching all projects (no pagination)...
2026-05-08T06:02:00.873Z [getAllProjects] Found 7 projects. Computing progress...
2026-05-08T06:02:00.874Z [getAllProjects] Success. Returning response.
2026-05-08T06:04:32.199Z [getAllProjects] Start - User: a6f2643a-6e8f-4bf2-bd33-6e86e4236c71, Org: 17674cf9-9aab-470b-98d9-b65820a3436e
2026-05-08T06:04:32.202Z [getAllProjects] Database and Model verified. Testing connection...
2026-05-08T06:04:32.207Z [getAllProjects] Connection Successful
2026-05-08T06:04:32.212Z [getAllProjects] Fetching all projects (no pagination)...
2026-05-08T06:04:32.232Z [getAllProjects] Found 7 projects. Computing progress...
2026-05-08T06:04:32.237Z [getAllProjects] Success. Returning response.
2026-05-08T06:16:38.503Z [getAllProjects] Start - User: a6f2643a-6e8f-4bf2-bd33-6e86e4236c71, Org: 17674cf9-9aab-470b-98d9-b65820a3436e
2026-05-08T06:16:38.505Z [getAllProjects] Database and Model verified. Testing connection...
2026-05-08T06:16:38.507Z [getAllProjects] Connection Successful
2026-05-08T06:16:38.509Z [getAllProjects] Fetching all projects (no pagination)...
2026-05-08T06:16:38.527Z [getAllProjects] Found 7 projects. Computing progress...
2026-05-08T06:16:38.529Z [getAllProjects] Success. Returning response.
2026-05-08T06:16:39.471Z [getAllProjects] Start - User: a6f2643a-6e8f-4bf2-bd33-6e86e4236c71, Org: 17674cf9-9aab-470b-98d9-b65820a3436e
2026-05-08T06:16:39.472Z [getAllProjects] Database and Model verified. Testing connection...
2026-05-08T06:16:39.474Z [getAllProjects] Connection Successful
2026-05-08T06:16:39.475Z [getAllProjects] Fetching all projects (no pagination)...
2026-05-08T06:16:39.482Z [getAllProjects] Found 7 projects. Computing progress...
2026-05-08T06:16:39.483Z [getAllProjects] Success. Returning response.
2026-05-08T06:16:58.521Z [getAllProjects] Start - User: a6f2643a-6e8f-4bf2-bd33-6e86e4236c71, Org: 17674cf9-9aab-470b-98d9-b65820a3436e
2026-05-08T06:16:58.523Z [getAllProjects] Database and Model verified. Testing connection...
2026-05-08T06:16:58.524Z [getAllProjects] Connection Successful
2026-05-08T06:16:58.526Z [getAllProjects] Fetching all projects (no pagination)...
2026-05-08T06:16:58.534Z [getAllProjects] Found 7 projects. Computing progress...
2026-05-08T06:16:58.535Z [getAllProjects] Success. Returning response.
2026-05-08T06:16:59.147Z [getAllProjects] Start - User: a6f2643a-6e8f-4bf2-bd33-6e86e4236c71, Org: 17674cf9-9aab-470b-98d9-b65820a3436e
2026-05-08T06:16:59.148Z [getAllProjects] Database and Model verified. Testing connection...
2026-05-08T06:16:59.150Z [getAllProjects] Connection Successful
2026-05-08T06:16:59.151Z [getAllProjects] Fetching all projects (no pagination)...
2026-05-08T06:16:59.158Z [getAllProjects] Found 7 projects. Computing progress...
2026-05-08T06:16:59.160Z [getAllProjects] Success. Returning response.
2026-05-08T06:17:04.252Z [getAllProjects] Start - User: a6f2643a-6e8f-4bf2-bd33-6e86e4236c71, Org: 17674cf9-9aab-470b-98d9-b65820a3436e
2026-05-08T06:17:04.253Z [getAllProjects] Database and Model verified. Testing connection...
2026-05-08T06:17:04.254Z [getAllProjects] Connection Successful
2026-05-08T06:17:04.256Z [getAllProjects] Fetching paginated projects (page: 1, limit: 10)...
2026-05-08T06:17:04.263Z [getAllProjects] Found 7 projects (Total: 7). Computing progress...
2026-05-08T06:17:04.265Z [getAllProjects] Success. Returning paginated response.
2026-05-08T06:17:10.035Z [getAllProjects] Start - User: a6f2643a-6e8f-4bf2-bd33-6e86e4236c71, Org: 17674cf9-9aab-470b-98d9-b65820a3436e
2026-05-08T06:17:10.037Z [getAllProjects] Database and Model verified. Testing connection...
2026-05-08T06:17:10.038Z [getAllProjects] Connection Successful
2026-05-08T06:17:10.039Z [getAllProjects] Fetching paginated projects (page: 1, limit: 10)...
2026-05-08T06:17:10.049Z [getAllProjects] Found 7 projects (Total: 7). Computing progress...
2026-05-08T06:17:10.051Z [getAllProjects] Success. Returning paginated response.
2026-05-08T06:17:20.820Z [getAllProjects] Start - User: a6f2643a-6e8f-4bf2-bd33-6e86e4236c71, Org: 17674cf9-9aab-470b-98d9-b65820a3436e
2026-05-08T06:17:20.822Z [getAllProjects] Database and Model verified. Testing connection...
2026-05-08T06:17:20.823Z [getAllProjects] Connection Successful
2026-05-08T06:17:20.824Z [getAllProjects] Fetching paginated projects (page: 1, limit: 10)...
2026-05-08T06:17:20.836Z [getAllProjects] Found 7 projects (Total: 7). Computing progress...
2026-05-08T06:17:20.837Z [getAllProjects] Success. Returning paginated response.
2026-05-08T06:23:21.768Z [getAllProjects] Start - User: a6f2643a-6e8f-4bf2-bd33-6e86e4236c71, Org: 17674cf9-9aab-470b-98d9-b65820a3436e
2026-05-08T06:23:21.771Z [getAllProjects] Database and Model verified. Testing connection...
2026-05-08T06:23:21.774Z [getAllProjects] Connection Successful
2026-05-08T06:23:21.776Z [getAllProjects] Fetching all projects (no pagination)...
2026-05-08T06:23:21.799Z [getAllProjects] Found 7 projects. Computing progress...
2026-05-08T06:23:21.801Z [getAllProjects] Success. Returning response.
2026-05-08T06:23:25.991Z [getAllProjects] Start - User: a6f2643a-6e8f-4bf2-bd33-6e86e4236c71, Org: 17674cf9-9aab-470b-98d9-b65820a3436e
2026-05-08T06:23:25.992Z [getAllProjects] Database and Model verified. Testing connection...
2026-05-08T06:23:25.993Z [getAllProjects] Connection Successful
2026-05-08T06:23:25.995Z [getAllProjects] Fetching paginated projects (page: 1, limit: 10)...
2026-05-08T06:23:26.002Z [getAllProjects] Found 7 projects (Total: 7). Computing progress...
2026-05-08T06:23:26.004Z [getAllProjects] Success. Returning paginated response.
2026-05-08T06:23:41.544Z [getAllProjects] Start - User: a6f2643a-6e8f-4bf2-bd33-6e86e4236c71, Org: 17674cf9-9aab-470b-98d9-b65820a3436e
2026-05-08T06:23:41.546Z [getAllProjects] Database and Model verified. Testing connection...
2026-05-08T06:23:41.547Z [getAllProjects] Connection Successful
2026-05-08T06:23:41.548Z [getAllProjects] Fetching paginated projects (page: 1, limit: 10)...
2026-05-08T06:23:41.562Z [getAllProjects] Found 7 projects (Total: 7). Computing progress...
2026-05-08T06:23:41.564Z [getAllProjects] Success. Returning paginated response.
2026-05-08T06:23:48.648Z [getAllProjects] Start - User: a6f2643a-6e8f-4bf2-bd33-6e86e4236c71, Org: 17674cf9-9aab-470b-98d9-b65820a3436e
2026-05-08T06:23:48.650Z [getAllProjects] Database and Model verified. Testing connection...
2026-05-08T06:23:48.652Z [getAllProjects] Connection Successful
2026-05-08T06:23:48.653Z [getAllProjects] Fetching paginated projects (page: 1, limit: 10)...
2026-05-08T06:23:48.667Z [getAllProjects] Found 7 projects (Total: 7). Computing progress...
2026-05-08T06:23:48.671Z [getAllProjects] Success. Returning paginated response.
2026-05-08T06:24:36.408Z [getAllProjects] Start - User: a6f2643a-6e8f-4bf2-bd33-6e86e4236c71, Org: 17674cf9-9aab-470b-98d9-b65820a3436e
2026-05-08T06:24:36.410Z [getAllProjects] Database and Model verified. Testing connection...
2026-05-08T06:24:36.411Z [getAllProjects] Connection Successful
2026-05-08T06:24:36.412Z [getAllProjects] Fetching all projects (no pagination)...
2026-05-08T06:24:36.419Z [getAllProjects] Found 7 projects. Computing progress...
2026-05-08T06:24:36.420Z [getAllProjects] Success. Returning response.
2026-05-08T06:27:12.847Z [getAllProjects] Start - User: a6f2643a-6e8f-4bf2-bd33-6e86e4236c71, Org: 17674cf9-9aab-470b-98d9-b65820a3436e
2026-05-08T06:27:12.849Z [getAllProjects] Database and Model verified. Testing connection...
2026-05-08T06:27:12.850Z [getAllProjects] Connection Successful
2026-05-08T06:27:12.851Z [getAllProjects] Fetching paginated projects (page: 1, limit: 10)...
2026-05-08T06:27:12.861Z [getAllProjects] Found 7 projects (Total: 7). Computing progress...
2026-05-08T06:27:12.862Z [getAllProjects] Success. Returning paginated response.
2026-05-08T06:29:05.434Z [getAllProjects] Start - User: a6f2643a-6e8f-4bf2-bd33-6e86e4236c71, Org: 17674cf9-9aab-470b-98d9-b65820a3436e
2026-05-08T06:29:05.435Z [getAllProjects] Database and Model verified. Testing connection...
2026-05-08T06:29:05.437Z [getAllProjects] Connection Successful
2026-05-08T06:29:05.438Z [getAllProjects] Fetching paginated projects (page: 1, limit: 10)...
2026-05-08T06:29:05.447Z [getAllProjects] Found 7 projects (Total: 7). Computing progress...
2026-05-08T06:29:05.448Z [getAllProjects] Success. Returning paginated response.
2026-05-08T06:29:39.370Z [getAllProjects] Start - User: a6f2643a-6e8f-4bf2-bd33-6e86e4236c71, Org: 17674cf9-9aab-470b-98d9-b65820a3436e
2026-05-08T06:29:39.372Z [getAllProjects] Database and Model verified. Testing connection...
2026-05-08T06:29:39.373Z [getAllProjects] Connection Successful
2026-05-08T06:29:39.374Z [getAllProjects] Fetching all projects (no pagination)...
2026-05-08T06:29:39.390Z [getAllProjects] Found 7 projects. Computing progress...
2026-05-08T06:29:39.391Z [getAllProjects] Success. Returning response.
2026-05-08T06:29:41.220Z [getAllProjects] Start - User: a6f2643a-6e8f-4bf2-bd33-6e86e4236c71, Org: 17674cf9-9aab-470b-98d9-b65820a3436e
2026-05-08T06:29:41.222Z [getAllProjects] Database and Model verified. Testing connection...
2026-05-08T06:29:41.223Z [getAllProjects] Connection Successful
2026-05-08T06:29:41.224Z [getAllProjects] Fetching paginated projects (page: 1, limit: 10)...
2026-05-08T06:29:41.232Z [getAllProjects] Found 7 projects (Total: 7). Computing progress...
2026-05-08T06:29:41.233Z [getAllProjects] Success. Returning paginated response.
2026-05-08T06:31:26.988Z [getAllProjects] Start - User: a6f2643a-6e8f-4bf2-bd33-6e86e4236c71, Org: 17674cf9-9aab-470b-98d9-b65820a3436e
2026-05-08T06:31:26.989Z [getAllProjects] Database and Model verified. Testing connection...
2026-05-08T06:31:26.991Z [getAllProjects] Connection Successful
2026-05-08T06:31:26.992Z [getAllProjects] Fetching paginated projects (page: 1, limit: 10)...
2026-05-08T06:31:27.003Z [getAllProjects] Found 7 projects (Total: 7). Computing progress...
2026-05-08T06:31:27.005Z [getAllProjects] Success. Returning paginated response.
2026-05-08T06:31:36.989Z [getAllProjects] Start - User: a6f2643a-6e8f-4bf2-bd33-6e86e4236c71, Org: 17674cf9-9aab-470b-98d9-b65820a3436e
2026-05-08T06:31:36.990Z [getAllProjects] Database and Model verified. Testing connection...
2026-05-08T06:31:36.991Z [getAllProjects] Connection Successful
2026-05-08T06:31:36.992Z [getAllProjects] Fetching paginated projects (page: 1, limit: 10)...
2026-05-08T06:31:37.002Z [getAllProjects] Found 7 projects (Total: 7). Computing progress...
2026-05-08T06:31:37.004Z [getAllProjects] Success. Returning paginated response.
2026-05-08T06:32:31.954Z [getAllProjects] Start - User: a6f2643a-6e8f-4bf2-bd33-6e86e4236c71, Org: 17674cf9-9aab-470b-98d9-b65820a3436e
2026-05-08T06:32:31.956Z [getAllProjects] Database and Model verified. Testing connection...
2026-05-08T06:32:31.957Z [getAllProjects] Connection Successful
2026-05-08T06:32:31.958Z [getAllProjects] Fetching paginated projects (page: 1, limit: 10)...
2026-05-08T06:32:31.966Z [getAllProjects] Found 7 projects (Total: 7). Computing progress...
2026-05-08T06:32:31.967Z [getAllProjects] Success. Returning paginated response.
2026-05-08T06:34:07.923Z [getAllProjects] Start - User: a6f2643a-6e8f-4bf2-bd33-6e86e4236c71, Org: 17674cf9-9aab-470b-98d9-b65820a3436e
2026-05-08T06:34:07.926Z [getAllProjects] Database and Model verified. Testing connection...
2026-05-08T06:34:07.927Z [getAllProjects] Connection Successful
2026-05-08T06:34:07.928Z [getAllProjects] Fetching paginated projects (page: 1, limit: 10)...
2026-05-08T06:34:07.988Z [getAllProjects] Found 7 projects (Total: 7). Computing progress...
2026-05-08T06:34:07.989Z [getAllProjects] Success. Returning paginated response.
2026-05-08T06:36:32.795Z [getAllProjects] Start - User: a6f2643a-6e8f-4bf2-bd33-6e86e4236c71, Org: 17674cf9-9aab-470b-98d9-b65820a3436e
2026-05-08T06:36:32.796Z [getAllProjects] Database and Model verified. Testing connection...
2026-05-08T06:36:32.798Z [getAllProjects] Connection Successful
2026-05-08T06:36:32.800Z [getAllProjects] Fetching paginated projects (page: 1, limit: 10)...
2026-05-08T06:36:32.817Z [getAllProjects] Found 7 projects (Total: 7). Computing progress...
2026-05-08T06:36:32.818Z [getAllProjects] Success. Returning paginated response.
2026-05-08T06:36:55.398Z [getAllProjects] Start - User: a6f2643a-6e8f-4bf2-bd33-6e86e4236c71, Org: 17674cf9-9aab-470b-98d9-b65820a3436e
2026-05-08T06:36:55.400Z [getAllProjects] Database and Model verified. Testing connection...
2026-05-08T06:36:55.402Z [getAllProjects] Connection Successful
2026-05-08T06:36:55.403Z [getAllProjects] Fetching paginated projects (page: 1, limit: 10)...
2026-05-08T06:36:55.458Z [getAllProjects] Found 7 projects (Total: 7). Computing progress...
2026-05-08T06:36:55.459Z [getAllProjects] Success. Returning paginated response.
2026-05-08T06:39:14.627Z [getAllProjects] Start - User: a6f2643a-6e8f-4bf2-bd33-6e86e4236c71, Org: 17674cf9-9aab-470b-98d9-b65820a3436e
2026-05-08T06:39:14.629Z [getAllProjects] Database and Model verified. Testing connection...
2026-05-08T06:39:14.630Z [getAllProjects] Connection Successful
2026-05-08T06:39:14.632Z [getAllProjects] Fetching all projects (no pagination)...
2026-05-08T06:39:14.643Z [getAllProjects] Found 7 projects. Computing progress...
2026-05-08T06:39:14.645Z [getAllProjects] Success. Returning response.
2026-05-08T06:39:15.446Z [getAllProjects] Start - User: a6f2643a-6e8f-4bf2-bd33-6e86e4236c71, Org: 17674cf9-9aab-470b-98d9-b65820a3436e
2026-05-08T06:39:15.451Z [getAllProjects] Database and Model verified. Testing connection...
2026-05-08T06:39:15.454Z [getAllProjects] Connection Successful
2026-05-08T06:39:15.455Z [getAllProjects] Fetching all projects (no pagination)...
2026-05-08T06:39:15.481Z [getAllProjects] Found 7 projects. Computing progress...
2026-05-08T06:39:15.483Z [getAllProjects] Success. Returning response.
2026-05-08T06:39:22.769Z [getAllProjects] Start - User: a6f2643a-6e8f-4bf2-bd33-6e86e4236c71, Org: 17674cf9-9aab-470b-98d9-b65820a3436e
2026-05-08T06:39:22.771Z [getAllProjects] Database and Model verified. Testing connection...
2026-05-08T06:39:22.773Z [getAllProjects] Connection Successful
2026-05-08T06:39:22.774Z [getAllProjects] Fetching all projects (no pagination)...
2026-05-08T06:39:22.804Z [getAllProjects] Found 7 projects. Computing progress...
2026-05-08T06:39:22.806Z [getAllProjects] Success. Returning response.
2026-05-08T06:39:29.503Z [getAllProjects] Start - User: a6f2643a-6e8f-4bf2-bd33-6e86e4236c71, Org: 17674cf9-9aab-470b-98d9-b65820a3436e
2026-05-08T06:39:29.505Z [getAllProjects] Database and Model verified. Testing connection...
2026-05-08T06:39:29.506Z [getAllProjects] Connection Successful
2026-05-08T06:39:29.507Z [getAllProjects] Fetching all projects (no pagination)...
2026-05-08T06:39:29.518Z [getAllProjects] Found 7 projects. Computing progress...
2026-05-08T06:39:29.520Z [getAllProjects] Success. Returning response.
2026-05-08T06:39:33.376Z [getAllProjects] Start - User: a6f2643a-6e8f-4bf2-bd33-6e86e4236c71, Org: 17674cf9-9aab-470b-98d9-b65820a3436e
2026-05-08T06:39:33.378Z [getAllProjects] Database and Model verified. Testing connection...
2026-05-08T06:39:33.379Z [getAllProjects] Connection Successful
2026-05-08T06:39:33.380Z [getAllProjects] Fetching all projects (no pagination)...
2026-05-08T06:39:33.390Z [getAllProjects] Found 7 projects. Computing progress...
2026-05-08T06:39:33.391Z [getAllProjects] Success. Returning response.
2026-05-08T06:39:34.287Z [getAllProjects] Start - User: a6f2643a-6e8f-4bf2-bd33-6e86e4236c71, Org: 17674cf9-9aab-470b-98d9-b65820a3436e
2026-05-08T06:39:34.290Z [getAllProjects] Database and Model verified. Testing connection...
2026-05-08T06:39:34.291Z [getAllProjects] Connection Successful
2026-05-08T06:39:34.293Z [getAllProjects] Fetching all projects (no pagination)...
2026-05-08T06:39:34.303Z [getAllProjects] Found 7 projects. Computing progress...
2026-05-08T06:39:34.305Z [getAllProjects] Success. Returning response.
2026-05-08T06:39:37.720Z [getAllProjects] Start - User: a6f2643a-6e8f-4bf2-bd33-6e86e4236c71, Org: 17674cf9-9aab-470b-98d9-b65820a3436e
2026-05-08T06:39:37.722Z [getAllProjects] Database and Model verified. Testing connection...
2026-05-08T06:39:37.723Z [getAllProjects] Connection Successful
2026-05-08T06:39:37.724Z [getAllProjects] Fetching all projects (no pagination)...
2026-05-08T06:39:37.730Z [getAllProjects] Found 7 projects. Computing progress...
2026-05-08T06:39:37.731Z [getAllProjects] Success. Returning response.
2026-05-08T06:40:09.713Z [getAllProjects] Start - User: a6f2643a-6e8f-4bf2-bd33-6e86e4236c71, Org: 17674cf9-9aab-470b-98d9-b65820a3436e
2026-05-08T06:40:09.715Z [getAllProjects] Database and Model verified. Testing connection...
2026-05-08T06:40:09.718Z [getAllProjects] Connection Successful
2026-05-08T06:40:09.719Z [getAllProjects] Fetching paginated projects (page: 1, limit: 10)...
2026-05-08T06:40:09.734Z [getAllProjects] Found 7 projects (Total: 7). Computing progress...
2026-05-08T06:40:09.735Z [getAllProjects] Success. Returning paginated response.
2026-05-08T06:41:52.001Z [getAllProjects] Start - User: a6f2643a-6e8f-4bf2-bd33-6e86e4236c71, Org: 17674cf9-9aab-470b-98d9-b65820a3436e
2026-05-08T06:41:52.003Z [getAllProjects] Database and Model verified. Testing connection...
2026-05-08T06:41:52.004Z [getAllProjects] Connection Successful
2026-05-08T06:41:52.006Z [getAllProjects] Fetching paginated projects (page: 1, limit: 10)...
2026-05-08T06:41:52.017Z [getAllProjects] Found 7 projects (Total: 7). Computing progress...
2026-05-08T06:41:52.019Z [getAllProjects] Success. Returning paginated response.
2026-05-08T06:43:50.992Z [getAllProjects] Start - User: a6f2643a-6e8f-4bf2-bd33-6e86e4236c71, Org: 17674cf9-9aab-470b-98d9-b65820a3436e
2026-05-08T06:43:50.994Z [getAllProjects] Database and Model verified. Testing connection...
2026-05-08T06:43:50.995Z [getAllProjects] Connection Successful
2026-05-08T06:43:50.997Z [getAllProjects] Fetching paginated projects (page: 1, limit: 10)...
2026-05-08T06:43:51.012Z [getAllProjects] Found 7 projects (Total: 7). Computing progress...
2026-05-08T06:43:51.013Z [getAllProjects] Success. Returning paginated response.
2026-05-08T06:50:50.963Z [getAllProjects] Start - User: a6f2643a-6e8f-4bf2-bd33-6e86e4236c71, Org: 17674cf9-9aab-470b-98d9-b65820a3436e
2026-05-08T06:50:50.965Z [getAllProjects] Database and Model verified. Testing connection...
2026-05-08T06:50:50.966Z [getAllProjects] Connection Successful
2026-05-08T06:50:50.967Z [getAllProjects] Fetching all projects (no pagination)...
2026-05-08T06:50:50.981Z [getAllProjects] Found 7 projects. Computing progress...
2026-05-08T06:50:50.983Z [getAllProjects] Success. Returning response.
2026-05-08T06:51:03.580Z [getAllProjects] Start - User: a6f2643a-6e8f-4bf2-bd33-6e86e4236c71, Org: 17674cf9-9aab-470b-98d9-b65820a3436e
2026-05-08T06:51:03.582Z [getAllProjects] Database and Model verified. Testing connection...
2026-05-08T06:51:03.583Z [getAllProjects] Connection Successful
2026-05-08T06:51:03.584Z [getAllProjects] Fetching paginated projects (page: 1, limit: 10)...
2026-05-08T06:51:03.599Z [getAllProjects] Found 7 projects (Total: 7). Computing progress...
2026-05-08T06:51:03.600Z [getAllProjects] Success. Returning paginated response.
2026-05-08T06:51:05.353Z [getAllProjects] Start - User: a6f2643a-6e8f-4bf2-bd33-6e86e4236c71, Org: 17674cf9-9aab-470b-98d9-b65820a3436e
2026-05-08T06:51:05.355Z [getAllProjects] Database and Model verified. Testing connection...
2026-05-08T06:51:05.357Z [getAllProjects] Connection Successful
2026-05-08T06:51:05.358Z [getAllProjects] Fetching all projects (no pagination)...
2026-05-08T06:51:05.365Z [getAllProjects] Found 7 projects. Computing progress...
2026-05-08T06:51:05.366Z [getAllProjects] Success. Returning response.
2026-05-08T06:55:35.990Z [getAllProjects] Start - User: a6f2643a-6e8f-4bf2-bd33-6e86e4236c71, Org: 17674cf9-9aab-470b-98d9-b65820a3436e
2026-05-08T06:55:35.991Z [getAllProjects] Database and Model verified. Testing connection...
2026-05-08T06:55:35.992Z [getAllProjects] Connection Successful
2026-05-08T06:55:35.993Z [getAllProjects] Fetching paginated projects (page: 1, limit: 10)...
2026-05-08T06:55:36.001Z [getAllProjects] Found 7 projects (Total: 7). Computing progress...
2026-05-08T06:55:36.002Z [getAllProjects] Success. Returning paginated response.
2026-05-08T06:55:44.279Z [getAllProjects] Start - User: a6f2643a-6e8f-4bf2-bd33-6e86e4236c71, Org: 17674cf9-9aab-470b-98d9-b65820a3436e
2026-05-08T06:55:44.280Z [getAllProjects] Database and Model verified. Testing connection...
2026-05-08T06:55:44.282Z [getAllProjects] Connection Successful
2026-05-08T06:55:44.283Z [getAllProjects] Fetching all projects (no pagination)...
2026-05-08T06:55:44.291Z [getAllProjects] Found 7 projects. Computing progress...
2026-05-08T06:55:44.293Z [getAllProjects] Success. Returning response.
2026-05-08T07:05:57.507Z [getAllProjects] Start - User: a6f2643a-6e8f-4bf2-bd33-6e86e4236c71, Org: 17674cf9-9aab-470b-98d9-b65820a3436e
2026-05-08T07:05:57.510Z [getAllProjects] Database and Model verified. Testing connection...
2026-05-08T07:05:57.512Z [getAllProjects] Connection Successful
2026-05-08T07:05:57.516Z [getAllProjects] Fetching all projects (no pagination)...
2026-05-08T07:05:57.533Z [getAllProjects] Found 7 projects. Computing progress...
2026-05-08T07:05:57.536Z [getAllProjects] Success. Returning response.
2026-05-08T07:06:07.728Z [getAllProjects] Start - User: 454265a3-1777-413b-a49f-8735ef6ffa2a, Org: 17674cf9-9aab-470b-98d9-b65820a3436e
2026-05-08T07:06:07.730Z [getAllProjects] Database and Model verified. Testing connection...
2026-05-08T07:06:07.731Z [getAllProjects] Connection Successful
2026-05-08T07:06:07.732Z [getAllProjects] Fetching all projects (no pagination)...
2026-05-08T07:06:07.741Z [getAllProjects] Found 5 projects. Computing progress...
2026-05-08T07:06:07.743Z [getAllProjects] Success. Returning response.
2026-05-08T07:06:07.770Z [getAllProjects] Start - User: 454265a3-1777-413b-a49f-8735ef6ffa2a, Org: 17674cf9-9aab-470b-98d9-b65820a3436e
2026-05-08T07:06:07.771Z [getAllProjects] Database and Model verified. Testing connection...
2026-05-08T07:06:07.773Z [getAllProjects] Connection Successful
2026-05-08T07:06:07.774Z [getAllProjects] Fetching all projects (no pagination)...
2026-05-08T07:06:07.786Z [getAllProjects] Found 5 projects. Computing progress...
2026-05-08T07:06:07.788Z [getAllProjects] Success. Returning response.
2026-05-08T07:07:25.201Z [getAllProjects] Start - User: 454265a3-1777-413b-a49f-8735ef6ffa2a, Org: 17674cf9-9aab-470b-98d9-b65820a3436e
2026-05-08T07:07:25.203Z [getAllProjects] Database and Model verified. Testing connection...
2026-05-08T07:07:25.204Z [getAllProjects] Connection Successful
2026-05-08T07:07:25.205Z [getAllProjects] Fetching paginated projects (page: 1, limit: 10)...
2026-05-08T07:07:25.212Z [getAllProjects] Found 5 projects (Total: 5). Computing progress...
2026-05-08T07:07:25.214Z [getAllProjects] Success. Returning paginated response.
2026-05-08T07:07:27.113Z [getAllProjects] Start - User: 454265a3-1777-413b-a49f-8735ef6ffa2a, Org: 17674cf9-9aab-470b-98d9-b65820a3436e
2026-05-08T07:07:27.115Z [getAllProjects] Database and Model verified. Testing connection...
2026-05-08T07:07:27.117Z [getAllProjects] Connection Successful
2026-05-08T07:07:27.118Z [getAllProjects] Fetching all projects (no pagination)...
2026-05-08T07:07:27.128Z [getAllProjects] Found 5 projects. Computing progress...
2026-05-08T07:07:27.129Z [getAllProjects] Success. Returning response.
2026-05-08T07:09:31.603Z [getAllProjects] Start - User: 454265a3-1777-413b-a49f-8735ef6ffa2a, Org: 17674cf9-9aab-470b-98d9-b65820a3436e
2026-05-08T07:09:31.604Z [getAllProjects] Database and Model verified. Testing connection...
2026-05-08T07:09:31.606Z [getAllProjects] Connection Successful
2026-05-08T07:09:31.608Z [getAllProjects] Fetching all projects (no pagination)...
2026-05-08T07:09:31.623Z [getAllProjects] Found 5 projects. Computing progress...
2026-05-08T07:09:31.625Z [getAllProjects] Success. Returning response.
2026-05-08T07:09:41.789Z [getAllProjects] Start - User: a6f2643a-6e8f-4bf2-bd33-6e86e4236c71, Org: 17674cf9-9aab-470b-98d9-b65820a3436e
2026-05-08T07:09:41.791Z [getAllProjects] Database and Model verified. Testing connection...
2026-05-08T07:09:41.793Z [getAllProjects] Connection Successful
2026-05-08T07:09:41.794Z [getAllProjects] Fetching all projects (no pagination)...
2026-05-08T07:09:41.811Z [getAllProjects] Found 7 projects. Computing progress...
2026-05-08T07:09:41.813Z [getAllProjects] Success. Returning response.
2026-05-08T07:09:41.843Z [getAllProjects] Start - User: a6f2643a-6e8f-4bf2-bd33-6e86e4236c71, Org: 17674cf9-9aab-470b-98d9-b65820a3436e
2026-05-08T07:09:41.845Z [getAllProjects] Database and Model verified. Testing connection...
2026-05-08T07:09:41.846Z [getAllProjects] Connection Successful
2026-05-08T07:09:41.847Z [getAllProjects] Fetching all projects (no pagination)...
2026-05-08T07:09:41.870Z [getAllProjects] Found 7 projects. Computing progress...
2026-05-08T07:09:41.872Z [getAllProjects] Success. Returning response.
2026-05-08T07:09:58.683Z [getAllProjects] Start - User: a6f2643a-6e8f-4bf2-bd33-6e86e4236c71, Org: 17674cf9-9aab-470b-98d9-b65820a3436e
2026-05-08T07:09:58.684Z [getAllProjects] Database and Model verified. Testing connection...
2026-05-08T07:09:58.685Z [getAllProjects] Connection Successful
2026-05-08T07:09:58.686Z [getAllProjects] Fetching all projects (no pagination)...
2026-05-08T07:09:58.701Z [getAllProjects] Found 7 projects. Computing progress...
2026-05-08T07:09:58.703Z [getAllProjects] Success. Returning response.
2026-05-08T07:14:03.204Z [getAllProjects] Start - User: a6f2643a-6e8f-4bf2-bd33-6e86e4236c71, Org: 17674cf9-9aab-470b-98d9-b65820a3436e
2026-05-08T07:14:03.206Z [getAllProjects] Database and Model verified. Testing connection...
2026-05-08T07:14:03.207Z [getAllProjects] Connection Successful
2026-05-08T07:14:03.208Z [getAllProjects] Fetching all projects (no pagination)...
2026-05-08T07:14:03.217Z [getAllProjects] Found 7 projects. Computing progress...
2026-05-08T07:14:03.218Z [getAllProjects] Success. Returning response.
2026-05-08T07:15:16.016Z [getAllProjects] Start - User: a6f2643a-6e8f-4bf2-bd33-6e86e4236c71, Org: 17674cf9-9aab-470b-98d9-b65820a3436e
2026-05-08T07:15:16.018Z [getAllProjects] Database and Model verified. Testing connection...
2026-05-08T07:15:16.019Z [getAllProjects] Connection Successful
2026-05-08T07:15:16.020Z [getAllProjects] Fetching all projects (no pagination)...
2026-05-08T07:15:16.098Z [getAllProjects] Found 7 projects. Computing progress...
2026-05-08T07:15:16.099Z [getAllProjects] Success. Returning response.
2026-05-08T07:18:01.166Z [getAllProjects] Start - User: a6f2643a-6e8f-4bf2-bd33-6e86e4236c71, Org: 17674cf9-9aab-470b-98d9-b65820a3436e
2026-05-08T07:18:01.168Z [getAllProjects] Database and Model verified. Testing connection...
2026-05-08T07:18:01.169Z [getAllProjects] Connection Successful
2026-05-08T07:18:01.170Z [getAllProjects] Fetching paginated projects (page: 1, limit: 10)...
2026-05-08T07:18:01.178Z [getAllProjects] Found 7 projects (Total: 7). Computing progress...
2026-05-08T07:18:01.179Z [getAllProjects] Success. Returning paginated response.
2026-05-08T07:18:56.999Z [getAllProjects] Start - User: a6f2643a-6e8f-4bf2-bd33-6e86e4236c71, Org: 17674cf9-9aab-470b-98d9-b65820a3436e
2026-05-08T07:18:57.000Z [getAllProjects] Database and Model verified. Testing connection...
2026-05-08T07:18:57.001Z [getAllProjects] Connection Successful
2026-05-08T07:18:57.002Z [getAllProjects] Fetching paginated projects (page: 1, limit: 10)...
2026-05-08T07:18:57.011Z [getAllProjects] Found 7 projects (Total: 7). Computing progress...
2026-05-08T07:18:57.012Z [getAllProjects] Success. Returning paginated response.
2026-05-08T07:23:29.826Z [getAllProjects] Start - User: a6f2643a-6e8f-4bf2-bd33-6e86e4236c71, Org: 17674cf9-9aab-470b-98d9-b65820a3436e
2026-05-08T07:23:29.830Z [getAllProjects] Database and Model verified. Testing connection...
2026-05-08T07:23:29.832Z [getAllProjects] Connection Successful
2026-05-08T07:23:29.833Z [getAllProjects] Fetching all projects (no pagination)...
2026-05-08T07:23:29.913Z [getAllProjects] Found 7 projects. Computing progress...
2026-05-08T07:23:29.915Z [getAllProjects] Success. Returning response.
2026-05-08T07:23:51.796Z [getAllProjects] Start - User: a6f2643a-6e8f-4bf2-bd33-6e86e4236c71, Org: 17674cf9-9aab-470b-98d9-b65820a3436e
2026-05-08T07:23:51.799Z [getAllProjects] Database and Model verified. Testing connection...
2026-05-08T07:23:51.801Z [getAllProjects] Connection Successful
2026-05-08T07:23:51.802Z [getAllProjects] Fetching all projects (no pagination)...
2026-05-08T07:23:51.809Z [getAllProjects] Found 7 projects. Computing progress...
2026-05-08T07:23:51.811Z [getAllProjects] Success. Returning response.
2026-05-08T07:24:01.856Z [getAllProjects] Start - User: a6f2643a-6e8f-4bf2-bd33-6e86e4236c71, Org: 17674cf9-9aab-470b-98d9-b65820a3436e
2026-05-08T07:24:01.860Z [getAllProjects] Database and Model verified. Testing connection...
2026-05-08T07:24:01.863Z [getAllProjects] Connection Successful
2026-05-08T07:24:01.866Z [getAllProjects] Fetching paginated projects (page: 1, limit: 10)...
2026-05-08T07:24:01.877Z [getAllProjects] Found 7 projects (Total: 7). Computing progress...
2026-05-08T07:24:01.879Z [getAllProjects] Success. Returning paginated response.
2026-05-08T07:27:02.446Z [getAllProjects] Start - User: a6f2643a-6e8f-4bf2-bd33-6e86e4236c71, Org: 17674cf9-9aab-470b-98d9-b65820a3436e
2026-05-08T07:27:02.448Z [getAllProjects] Database and Model verified. Testing connection...
2026-05-08T07:27:02.449Z [getAllProjects] Connection Successful
2026-05-08T07:27:02.450Z [getAllProjects] Fetching all projects (no pagination)...
2026-05-08T07:27:02.464Z [getAllProjects] Found 7 projects. Computing progress...
2026-05-08T07:27:02.466Z [getAllProjects] Success. Returning response.
2026-05-08T07:27:24.921Z [getAllProjects] Start - User: a6f2643a-6e8f-4bf2-bd33-6e86e4236c71, Org: 17674cf9-9aab-470b-98d9-b65820a3436e
2026-05-08T07:27:24.923Z [getAllProjects] Database and Model verified. Testing connection...
2026-05-08T07:27:24.924Z [getAllProjects] Connection Successful
2026-05-08T07:27:24.925Z [getAllProjects] Fetching all projects (no pagination)...
2026-05-08T07:27:24.933Z [getAllProjects] Found 7 projects. Computing progress...
2026-05-08T07:27:24.935Z [getAllProjects] Success. Returning response.
2026-05-08T07:27:27.979Z [getAllProjects] Start - User: a6f2643a-6e8f-4bf2-bd33-6e86e4236c71, Org: 17674cf9-9aab-470b-98d9-b65820a3436e
2026-05-08T07:27:27.980Z [getAllProjects] Database and Model verified. Testing connection...
2026-05-08T07:27:27.981Z [getAllProjects] Connection Successful
2026-05-08T07:27:27.982Z [getAllProjects] Fetching all projects (no pagination)...
2026-05-08T07:27:27.992Z [getAllProjects] Found 7 projects. Computing progress...
2026-05-08T07:27:27.994Z [getAllProjects] Success. Returning response.
2026-05-08T07:28:08.762Z [getAllProjects] Start - User: a6f2643a-6e8f-4bf2-bd33-6e86e4236c71, Org: 17674cf9-9aab-470b-98d9-b65820a3436e
2026-05-08T07:28:08.764Z [getAllProjects] Database and Model verified. Testing connection...
2026-05-08T07:28:08.766Z [getAllProjects] Connection Successful
2026-05-08T07:28:08.767Z [getAllProjects] Fetching all projects (no pagination)...
2026-05-08T07:28:08.785Z [getAllProjects] Found 7 projects. Computing progress...
2026-05-08T07:28:08.787Z [getAllProjects] Success. Returning response.
2026-05-08T07:28:23.258Z [getAllProjects] Start - User: 454265a3-1777-413b-a49f-8735ef6ffa2a, Org: 17674cf9-9aab-470b-98d9-b65820a3436e
2026-05-08T07:28:23.260Z [getAllProjects] Database and Model verified. Testing connection...
2026-05-08T07:28:23.261Z [getAllProjects] Connection Successful
2026-05-08T07:28:23.263Z [getAllProjects] Fetching all projects (no pagination)...
2026-05-08T07:28:23.278Z [getAllProjects] Found 5 projects. Computing progress...
2026-05-08T07:28:23.279Z [getAllProjects] Success. Returning response.
2026-05-08T07:28:23.309Z [getAllProjects] Start - User: 454265a3-1777-413b-a49f-8735ef6ffa2a, Org: 17674cf9-9aab-470b-98d9-b65820a3436e
2026-05-08T07:28:23.311Z [getAllProjects] Database and Model verified. Testing connection...
2026-05-08T07:28:23.313Z [getAllProjects] Connection Successful
2026-05-08T07:28:23.314Z [getAllProjects] Fetching all projects (no pagination)...
2026-05-08T07:28:23.335Z [getAllProjects] Found 5 projects. Computing progress...
2026-05-08T07:28:23.339Z [getAllProjects] Success. Returning response.
2026-05-08T07:30:57.657Z [getAllProjects] Start - User: 454265a3-1777-413b-a49f-8735ef6ffa2a, Org: 17674cf9-9aab-470b-98d9-b65820a3436e
2026-05-08T07:30:57.659Z [getAllProjects] Database and Model verified. Testing connection...
2026-05-08T07:30:57.660Z [getAllProjects] Connection Successful
2026-05-08T07:30:57.662Z [getAllProjects] Fetching all projects (no pagination)...
2026-05-08T07:30:57.726Z [getAllProjects] Found 5 projects. Computing progress...
2026-05-08T07:30:57.728Z [getAllProjects] Success. Returning response.
2026-05-08T07:31:05.523Z [getAllProjects] Start - User: a6f2643a-6e8f-4bf2-bd33-6e86e4236c71, Org: 17674cf9-9aab-470b-98d9-b65820a3436e
2026-05-08T07:31:05.532Z [getAllProjects] Database and Model verified. Testing connection...
2026-05-08T07:31:05.534Z [getAllProjects] Connection Successful
2026-05-08T07:31:05.536Z [getAllProjects] Fetching all projects (no pagination)...
2026-05-08T07:31:05.558Z [getAllProjects] Found 7 projects. Computing progress...
2026-05-08T07:31:05.561Z [getAllProjects] Success. Returning response.
2026-05-08T07:31:05.588Z [getAllProjects] Start - User: a6f2643a-6e8f-4bf2-bd33-6e86e4236c71, Org: 17674cf9-9aab-470b-98d9-b65820a3436e
2026-05-08T07:31:05.589Z [getAllProjects] Database and Model verified. Testing connection...
2026-05-08T07:31:05.590Z [getAllProjects] Connection Successful
2026-05-08T07:31:05.591Z [getAllProjects] Fetching all projects (no pagination)...
2026-05-08T07:31:05.600Z [getAllProjects] Found 7 projects. Computing progress...
2026-05-08T07:31:05.601Z [getAllProjects] Success. Returning response.
2026-05-08T07:36:05.659Z [getAllProjects] Start - User: a6f2643a-6e8f-4bf2-bd33-6e86e4236c71, Org: 17674cf9-9aab-470b-98d9-b65820a3436e
2026-05-08T07:36:05.660Z [getAllProjects] Database and Model verified. Testing connection...
2026-05-08T07:36:05.661Z [getAllProjects] Connection Successful
2026-05-08T07:36:05.662Z [getAllProjects] Fetching all projects (no pagination)...
2026-05-08T07:36:05.673Z [getAllProjects] Found 7 projects. Computing progress...
2026-05-08T07:36:05.675Z [getAllProjects] Success. Returning response.
2026-05-08T07:41:05.607Z [getAllProjects] Start - User: a6f2643a-6e8f-4bf2-bd33-6e86e4236c71, Org: 17674cf9-9aab-470b-98d9-b65820a3436e
2026-05-08T07:41:05.608Z [getAllProjects] Database and Model verified. Testing connection...
2026-05-08T07:41:05.609Z [getAllProjects] Connection Successful
2026-05-08T07:41:05.610Z [getAllProjects] Fetching all projects (no pagination)...
2026-05-08T07:41:05.623Z [getAllProjects] Found 7 projects. Computing progress...
2026-05-08T07:41:05.624Z [getAllProjects] Success. Returning response.
2026-05-08T07:46:06.139Z [getAllProjects] Start - User: a6f2643a-6e8f-4bf2-bd33-6e86e4236c71, Org: 17674cf9-9aab-470b-98d9-b65820a3436e
2026-05-08T07:46:06.140Z [getAllProjects] Database and Model verified. Testing connection...
2026-05-08T07:46:06.141Z [getAllProjects] Connection Successful
2026-05-08T07:46:06.142Z [getAllProjects] Fetching all projects (no pagination)...
2026-05-08T07:46:06.159Z [getAllProjects] Found 7 projects. Computing progress...
2026-05-08T07:46:06.160Z [getAllProjects] Success. Returning response.
2026-05-08T07:51:06.095Z [getAllProjects] Start - User: a6f2643a-6e8f-4bf2-bd33-6e86e4236c71, Org: 17674cf9-9aab-470b-98d9-b65820a3436e
2026-05-08T07:51:06.097Z [getAllProjects] Database and Model verified. Testing connection...
2026-05-08T07:51:06.098Z [getAllProjects] Connection Successful
2026-05-08T07:51:06.099Z [getAllProjects] Fetching all projects (no pagination)...
2026-05-08T07:51:06.115Z [getAllProjects] Found 7 projects. Computing progress...
2026-05-08T07:51:06.117Z [getAllProjects] Success. Returning response.
2026-05-08T07:56:06.186Z [getAllProjects] Start - User: a6f2643a-6e8f-4bf2-bd33-6e86e4236c71, Org: 17674cf9-9aab-470b-98d9-b65820a3436e
2026-05-08T07:56:06.188Z [getAllProjects] Database and Model verified. Testing connection...
2026-05-08T07:56:06.189Z [getAllProjects] Connection Successful
2026-05-08T07:56:06.190Z [getAllProjects] Fetching all projects (no pagination)...
2026-05-08T07:56:06.205Z [getAllProjects] Found 7 projects. Computing progress...
2026-05-08T07:56:06.206Z [getAllProjects] Success. Returning response.
2026-05-08T08:01:06.076Z [getAllProjects] Start - User: a6f2643a-6e8f-4bf2-bd33-6e86e4236c71, Org: 17674cf9-9aab-470b-98d9-b65820a3436e
2026-05-08T08:01:06.077Z [getAllProjects] Database and Model verified. Testing connection...
2026-05-08T08:01:06.079Z [getAllProjects] Connection Successful
2026-05-08T08:01:06.079Z [getAllProjects] Fetching all projects (no pagination)...
2026-05-08T08:01:06.086Z [getAllProjects] Found 7 projects. Computing progress...
2026-05-08T08:01:06.087Z [getAllProjects] Success. Returning response.
2026-05-08T08:07:03.126Z [getAllProjects] Start - User: a6f2643a-6e8f-4bf2-bd33-6e86e4236c71, Org: 17674cf9-9aab-470b-98d9-b65820a3436e
2026-05-08T08:07:03.127Z [getAllProjects] Database and Model verified. Testing connection...
2026-05-08T08:07:03.128Z [getAllProjects] Connection Successful
2026-05-08T08:07:03.129Z [getAllProjects] Fetching all projects (no pagination)...
2026-05-08T08:07:03.141Z [getAllProjects] Found 7 projects. Computing progress...
2026-05-08T08:07:03.142Z [getAllProjects] Success. Returning response.
2026-05-08T08:12:03.083Z [getAllProjects] Start - User: a6f2643a-6e8f-4bf2-bd33-6e86e4236c71, Org: 17674cf9-9aab-470b-98d9-b65820a3436e
2026-05-08T08:12:03.085Z [getAllProjects] Database and Model verified. Testing connection...
2026-05-08T08:12:03.086Z [getAllProjects] Connection Successful
2026-05-08T08:12:03.087Z [getAllProjects] Fetching all projects (no pagination)...
2026-05-08T08:12:03.098Z [getAllProjects] Found 7 projects. Computing progress...
2026-05-08T08:12:03.100Z [getAllProjects] Success. Returning response.
2026-05-08T08:17:03.197Z [getAllProjects] Start - User: a6f2643a-6e8f-4bf2-bd33-6e86e4236c71, Org: 17674cf9-9aab-470b-98d9-b65820a3436e
2026-05-08T08:17:03.198Z [getAllProjects] Database and Model verified. Testing connection...
2026-05-08T08:17:03.200Z [getAllProjects] Connection Successful
2026-05-08T08:17:03.201Z [getAllProjects] Fetching all projects (no pagination)...
2026-05-08T08:17:03.216Z [getAllProjects] Found 7 projects. Computing progress...
2026-05-08T08:17:03.217Z [getAllProjects] Success. Returning response.
2026-05-08T08:22:03.075Z [getAllProjects] Start - User: a6f2643a-6e8f-4bf2-bd33-6e86e4236c71, Org: 17674cf9-9aab-470b-98d9-b65820a3436e
2026-05-08T08:22:03.076Z [getAllProjects] Database and Model verified. Testing connection...
2026-05-08T08:22:03.077Z [getAllProjects] Connection Successful
2026-05-08T08:22:03.079Z [getAllProjects] Fetching all projects (no pagination)...
2026-05-08T08:22:03.086Z [getAllProjects] Found 7 projects. Computing progress...
2026-05-08T08:22:03.087Z [getAllProjects] Success. Returning response.
2026-05-08T08:27:03.078Z [getAllProjects] Start - User: a6f2643a-6e8f-4bf2-bd33-6e86e4236c71, Org: 17674cf9-9aab-470b-98d9-b65820a3436e
2026-05-08T08:27:03.079Z [getAllProjects] Database and Model verified. Testing connection...
2026-05-08T08:27:03.080Z [getAllProjects] Connection Successful
2026-05-08T08:27:03.081Z [getAllProjects] Fetching all projects (no pagination)...
2026-05-08T08:27:03.092Z [getAllProjects] Found 7 projects. Computing progress...
2026-05-08T08:27:03.093Z [getAllProjects] Success. Returning response.
2026-05-08T08:32:03.079Z [getAllProjects] Start - User: a6f2643a-6e8f-4bf2-bd33-6e86e4236c71, Org: 17674cf9-9aab-470b-98d9-b65820a3436e
2026-05-08T08:32:03.080Z [getAllProjects] Database and Model verified. Testing connection...
2026-05-08T08:32:03.081Z [getAllProjects] Connection Successful
2026-05-08T08:32:03.082Z [getAllProjects] Fetching all projects (no pagination)...
2026-05-08T08:32:03.134Z [getAllProjects] Found 7 projects. Computing progress...
2026-05-08T08:32:03.135Z [getAllProjects] Success. Returning response.
2026-05-08T08:37:03.091Z [getAllProjects] Start - User: a6f2643a-6e8f-4bf2-bd33-6e86e4236c71, Org: 17674cf9-9aab-470b-98d9-b65820a3436e
2026-05-08T08:37:03.092Z [getAllProjects] Database and Model verified. Testing connection...
2026-05-08T08:37:03.093Z [getAllProjects] Connection Successful
2026-05-08T08:37:03.094Z [getAllProjects] Fetching all projects (no pagination)...
2026-05-08T08:37:03.100Z [getAllProjects] Found 7 projects. Computing progress...
2026-05-08T08:37:03.101Z [getAllProjects] Success. Returning response.
2026-05-08T08:42:03.034Z [getAllProjects] Start - User: a6f2643a-6e8f-4bf2-bd33-6e86e4236c71, Org: 17674cf9-9aab-470b-98d9-b65820a3436e
2026-05-08T08:42:03.036Z [getAllProjects] Database and Model verified. Testing connection...
2026-05-08T08:42:03.037Z [getAllProjects] Connection Successful
2026-05-08T08:42:03.038Z [getAllProjects] Fetching all projects (no pagination)...
2026-05-08T08:42:03.096Z [getAllProjects] Found 7 projects. Computing progress...
2026-05-08T08:42:03.097Z [getAllProjects] Success. Returning response.
2026-05-08T08:47:03.199Z [getAllProjects] Start - User: a6f2643a-6e8f-4bf2-bd33-6e86e4236c71, Org: 17674cf9-9aab-470b-98d9-b65820a3436e
2026-05-08T08:47:03.200Z [getAllProjects] Database and Model verified. Testing connection...
2026-05-08T08:47:03.201Z [getAllProjects] Connection Successful
2026-05-08T08:47:03.202Z [getAllProjects] Fetching all projects (no pagination)...
2026-05-08T08:47:03.255Z [getAllProjects] Found 7 projects. Computing progress...
2026-05-08T08:47:03.257Z [getAllProjects] Success. Returning response.
2026-05-08T08:52:03.058Z [getAllProjects] Start - User: a6f2643a-6e8f-4bf2-bd33-6e86e4236c71, Org: 17674cf9-9aab-470b-98d9-b65820a3436e
2026-05-08T08:52:03.059Z [getAllProjects] Database and Model verified. Testing connection...
2026-05-08T08:52:03.060Z [getAllProjects] Connection Successful
2026-05-08T08:52:03.061Z [getAllProjects] Fetching all projects (no pagination)...
2026-05-08T08:52:03.067Z [getAllProjects] Found 7 projects. Computing progress...
2026-05-08T08:52:03.068Z [getAllProjects] Success. Returning response.
2026-05-08T08:57:03.082Z [getAllProjects] Start - User: a6f2643a-6e8f-4bf2-bd33-6e86e4236c71, Org: 17674cf9-9aab-470b-98d9-b65820a3436e
2026-05-08T08:57:03.083Z [getAllProjects] Database and Model verified. Testing connection...
2026-05-08T08:57:03.085Z [getAllProjects] Connection Successful
2026-05-08T08:57:03.085Z [getAllProjects] Fetching all projects (no pagination)...
2026-05-08T08:57:03.096Z [getAllProjects] Found 7 projects. Computing progress...
2026-05-08T08:57:03.098Z [getAllProjects] Success. Returning response.
2026-05-08T09:02:03.085Z [getAllProjects] Start - User: a6f2643a-6e8f-4bf2-bd33-6e86e4236c71, Org: 17674cf9-9aab-470b-98d9-b65820a3436e
2026-05-08T09:02:03.086Z [getAllProjects] Database and Model verified. Testing connection...
2026-05-08T09:02:03.087Z [getAllProjects] Connection Successful
2026-05-08T09:02:03.088Z [getAllProjects] Fetching all projects (no pagination)...
2026-05-08T09:02:03.099Z [getAllProjects] Found 7 projects. Computing progress...
2026-05-08T09:02:03.101Z [getAllProjects] Success. Returning response.
2026-05-08T09:07:03.032Z [getAllProjects] Start - User: a6f2643a-6e8f-4bf2-bd33-6e86e4236c71, Org: 17674cf9-9aab-470b-98d9-b65820a3436e
2026-05-08T09:07:03.034Z [getAllProjects] Database and Model verified. Testing connection...
2026-05-08T09:07:03.036Z [getAllProjects] Connection Successful
2026-05-08T09:07:03.037Z [getAllProjects] Fetching all projects (no pagination)...
2026-05-08T09:07:03.046Z [getAllProjects] Found 7 projects. Computing progress...
2026-05-08T09:07:03.048Z [getAllProjects] Success. Returning response.
2026-05-08T09:12:03.032Z [getAllProjects] Start - User: a6f2643a-6e8f-4bf2-bd33-6e86e4236c71, Org: 17674cf9-9aab-470b-98d9-b65820a3436e
2026-05-08T09:12:03.033Z [getAllProjects] Database and Model verified. Testing connection...
2026-05-08T09:12:03.035Z [getAllProjects] Connection Successful
2026-05-08T09:12:03.036Z [getAllProjects] Fetching all projects (no pagination)...
2026-05-08T09:12:03.048Z [getAllProjects] Found 7 projects. Computing progress...
2026-05-08T09:12:03.050Z [getAllProjects] Success. Returning response.
2026-05-08T09:17:03.082Z [getAllProjects] Start - User: a6f2643a-6e8f-4bf2-bd33-6e86e4236c71, Org: 17674cf9-9aab-470b-98d9-b65820a3436e
2026-05-08T09:17:03.084Z [getAllProjects] Database and Model verified. Testing connection...
2026-05-08T09:17:03.084Z [getAllProjects] Connection Successful
2026-05-08T09:17:03.085Z [getAllProjects] Fetching all projects (no pagination)...
2026-05-08T09:17:03.096Z [getAllProjects] Found 7 projects. Computing progress...
2026-05-08T09:17:03.097Z [getAllProjects] Success. Returning response.
2026-05-08T09:22:03.194Z [getAllProjects] Start - User: a6f2643a-6e8f-4bf2-bd33-6e86e4236c71, Org: 17674cf9-9aab-470b-98d9-b65820a3436e
2026-05-08T09:22:03.196Z [getAllProjects] Database and Model verified. Testing connection...
2026-05-08T09:22:03.197Z [getAllProjects] Connection Successful
2026-05-08T09:22:03.198Z [getAllProjects] Fetching all projects (no pagination)...
2026-05-08T09:22:03.250Z [getAllProjects] Found 7 projects. Computing progress...
2026-05-08T09:22:03.252Z [getAllProjects] Success. Returning response.
2026-05-08T09:27:03.079Z [getAllProjects] Start - User: a6f2643a-6e8f-4bf2-bd33-6e86e4236c71, Org: 17674cf9-9aab-470b-98d9-b65820a3436e
2026-05-08T09:27:03.080Z [getAllProjects] Database and Model verified. Testing connection...
2026-05-08T09:27:03.081Z [getAllProjects] Connection Successful
2026-05-08T09:27:03.082Z [getAllProjects] Fetching all projects (no pagination)...
2026-05-08T09:27:03.090Z [getAllProjects] Found 7 projects. Computing progress...
2026-05-08T09:27:03.091Z [getAllProjects] Success. Returning response.
2026-05-08T09:31:09.625Z [getAllProjects] Start - User: a6f2643a-6e8f-4bf2-bd33-6e86e4236c71, Org: 17674cf9-9aab-470b-98d9-b65820a3436e
2026-05-08T09:31:09.627Z [getAllProjects] Database and Model verified. Testing connection...
2026-05-08T09:31:09.628Z [getAllProjects] Connection Successful
2026-05-08T09:31:09.629Z [getAllProjects] Fetching all projects (no pagination)...
2026-05-08T09:31:09.641Z [getAllProjects] Found 7 projects. Computing progress...
2026-05-08T09:31:09.642Z [getAllProjects] Success. Returning response.
2026-05-08T09:31:11.764Z [getAllProjects] Start - User: a6f2643a-6e8f-4bf2-bd33-6e86e4236c71, Org: 17674cf9-9aab-470b-98d9-b65820a3436e
2026-05-08T09:31:11.765Z [getAllProjects] Database and Model verified. Testing connection...
2026-05-08T09:31:11.767Z [getAllProjects] Connection Successful
2026-05-08T09:31:11.768Z [getAllProjects] Fetching all projects (no pagination)...
2026-05-08T09:31:11.778Z [getAllProjects] Found 7 projects. Computing progress...
2026-05-08T09:31:11.779Z [getAllProjects] Success. Returning response.
2026-05-08T09:31:18.731Z [getAllProjects] Start - User: 8c497bef-d831-4c7d-ab83-bf6dd0ff5a27, Org: 17674cf9-9aab-470b-98d9-b65820a3436e
2026-05-08T09:31:18.733Z [getAllProjects] Database and Model verified. Testing connection...
2026-05-08T09:31:18.735Z [getAllProjects] Connection Successful
2026-05-08T09:31:18.737Z [getAllProjects] Fetching all projects (no pagination)...
2026-05-08T09:31:18.833Z [getAllProjects] Found 5 projects. Computing progress...
2026-05-08T09:31:18.835Z [getAllProjects] Success. Returning response.
2026-05-08T09:31:18.853Z [getAllProjects] Start - User: 8c497bef-d831-4c7d-ab83-bf6dd0ff5a27, Org: 17674cf9-9aab-470b-98d9-b65820a3436e
2026-05-08T09:31:18.855Z [getAllProjects] Database and Model verified. Testing connection...
2026-05-08T09:31:18.856Z [getAllProjects] Connection Successful
2026-05-08T09:31:18.858Z [getAllProjects] Fetching all projects (no pagination)...
2026-05-08T09:31:18.887Z [getAllProjects] Found 5 projects. Computing progress...
2026-05-08T09:31:18.889Z [getAllProjects] Success. Returning response.
2026-05-08T09:31:56.362Z [getAllProjects] Start - User: 8c497bef-d831-4c7d-ab83-bf6dd0ff5a27, Org: 17674cf9-9aab-470b-98d9-b65820a3436e
2026-05-08T09:31:56.363Z [getAllProjects] Database and Model verified. Testing connection...
2026-05-08T09:31:56.364Z [getAllProjects] Connection Successful
2026-05-08T09:31:56.365Z [getAllProjects] Fetching paginated projects (page: 1, limit: 10)...
2026-05-08T09:31:56.382Z [getAllProjects] Found 5 projects (Total: 5). Computing progress...
2026-05-08T09:31:56.383Z [getAllProjects] Success. Returning paginated response.
2026-05-08T09:32:04.423Z [getAllProjects] Start - User: 8c497bef-d831-4c7d-ab83-bf6dd0ff5a27, Org: 17674cf9-9aab-470b-98d9-b65820a3436e
2026-05-08T09:32:04.424Z [getAllProjects] Database and Model verified. Testing connection...
2026-05-08T09:32:04.425Z [getAllProjects] Connection Successful
2026-05-08T09:32:04.426Z [getAllProjects] Fetching all projects (no pagination)...
2026-05-08T09:32:04.439Z [getAllProjects] Found 5 projects. Computing progress...
2026-05-08T09:32:04.440Z [getAllProjects] Success. Returning response.
2026-05-08T09:32:19.439Z [getAllProjects] Start - User: 8c497bef-d831-4c7d-ab83-bf6dd0ff5a27, Org: 17674cf9-9aab-470b-98d9-b65820a3436e
2026-05-08T09:32:19.441Z [getAllProjects] Database and Model verified. Testing connection...
2026-05-08T09:32:19.442Z [getAllProjects] Connection Successful
2026-05-08T09:32:19.443Z [getAllProjects] Fetching all projects (no pagination)...
2026-05-08T09:32:19.453Z [getAllProjects] Found 5 projects. Computing progress...
2026-05-08T09:32:19.454Z [getAllProjects] Success. Returning response.
2026-05-08T09:32:44.167Z [getAllProjects] Start - User: 8c497bef-d831-4c7d-ab83-bf6dd0ff5a27, Org: 17674cf9-9aab-470b-98d9-b65820a3436e
2026-05-08T09:32:44.170Z [getAllProjects] Database and Model verified. Testing connection...
2026-05-08T09:32:44.172Z [getAllProjects] Connection Successful
2026-05-08T09:32:44.174Z [getAllProjects] Fetching all projects (no pagination)...
2026-05-08T09:32:44.191Z [getAllProjects] Found 5 projects. Computing progress...
2026-05-08T09:32:44.193Z [getAllProjects] Success. Returning response.
2026-05-08T09:42:55.066Z [getAllProjects] Start - User: a6f2643a-6e8f-4bf2-bd33-6e86e4236c71, Org: 17674cf9-9aab-470b-98d9-b65820a3436e
2026-05-08T09:42:55.069Z [getAllProjects] Database and Model verified. Testing connection...
2026-05-08T09:42:55.071Z [getAllProjects] Connection Successful
2026-05-08T09:42:55.073Z [getAllProjects] Fetching all projects (no pagination)...
2026-05-08T09:42:55.095Z [getAllProjects] Found 7 projects. Computing progress...
2026-05-08T09:42:55.105Z [getAllProjects] Success. Returning response.
2026-05-08T09:42:55.178Z [getAllProjects] Start - User: a6f2643a-6e8f-4bf2-bd33-6e86e4236c71, Org: 17674cf9-9aab-470b-98d9-b65820a3436e
2026-05-08T09:42:55.180Z [getAllProjects] Database and Model verified. Testing connection...
2026-05-08T09:42:55.182Z [getAllProjects] Connection Successful
2026-05-08T09:42:55.185Z [getAllProjects] Fetching all projects (no pagination)...
2026-05-08T09:42:55.209Z [getAllProjects] Found 7 projects. Computing progress...
2026-05-08T09:42:55.211Z [getAllProjects] Success. Returning response.
2026-05-08T09:46:53.065Z [getAllProjects] Start - User: a6f2643a-6e8f-4bf2-bd33-6e86e4236c71, Org: 17674cf9-9aab-470b-98d9-b65820a3436e
2026-05-08T09:46:53.067Z [getAllProjects] Database and Model verified. Testing connection...
2026-05-08T09:46:53.069Z [getAllProjects] Connection Successful
2026-05-08T09:46:53.071Z [getAllProjects] Fetching all projects (no pagination)...
2026-05-08T09:46:53.079Z [getAllProjects] Found 7 projects. Computing progress...
2026-05-08T09:46:53.080Z [getAllProjects] Success. Returning response.
2026-05-08T09:47:14.931Z [getAllProjects] Start - User: a6f2643a-6e8f-4bf2-bd33-6e86e4236c71, Org: 17674cf9-9aab-470b-98d9-b65820a3436e
2026-05-08T09:47:14.936Z [getAllProjects] Database and Model verified. Testing connection...
2026-05-08T09:47:14.938Z [getAllProjects] Connection Successful
2026-05-08T09:47:14.943Z [getAllProjects] Fetching all projects (no pagination)...
2026-05-08T09:47:14.962Z [getAllProjects] Found 7 projects. Computing progress...
2026-05-08T09:47:14.964Z [getAllProjects] Success. Returning response.
2026-05-08T09:47:24.106Z [getAllProjects] Start - User: a6f2643a-6e8f-4bf2-bd33-6e86e4236c71, Org: 17674cf9-9aab-470b-98d9-b65820a3436e
2026-05-08T09:47:24.107Z [getAllProjects] Database and Model verified. Testing connection...
2026-05-08T09:47:24.108Z [getAllProjects] Connection Successful
2026-05-08T09:47:24.109Z [getAllProjects] Fetching paginated projects (page: 1, limit: 10)...
2026-05-08T09:47:24.117Z [getAllProjects] Found 7 projects (Total: 7). Computing progress...
2026-05-08T09:47:24.120Z [getAllProjects] Success. Returning paginated response.
2026-05-08T09:47:33.722Z [getAllProjects] Start - User: a6f2643a-6e8f-4bf2-bd33-6e86e4236c71, Org: 17674cf9-9aab-470b-98d9-b65820a3436e
2026-05-08T09:47:33.724Z [getAllProjects] Database and Model verified. Testing connection...
2026-05-08T09:47:33.725Z [getAllProjects] Connection Successful
2026-05-08T09:47:33.727Z [getAllProjects] Fetching paginated projects (page: 1, limit: 10)...
2026-05-08T09:47:33.743Z [getAllProjects] Found 7 projects (Total: 7). Computing progress...
2026-05-08T09:47:33.745Z [getAllProjects] Success. Returning paginated response.
2026-05-11T05:27:10.675Z [getAllProjects] Start - User: a6f2643a-6e8f-4bf2-bd33-6e86e4236c71, Org: 17674cf9-9aab-470b-98d9-b65820a3436e
2026-05-11T05:27:10.678Z [getAllProjects] Database and Model verified. Testing connection...
2026-05-11T05:27:10.679Z [getAllProjects] Connection Successful
2026-05-11T05:27:10.682Z [getAllProjects] Fetching all projects (no pagination)...
2026-05-11T05:27:10.722Z [getAllProjects] Found 7 projects. Computing progress...
2026-05-11T05:27:10.724Z [getAllProjects] Success. Returning response.
2026-05-11T05:27:29.089Z [getAllProjects] Start - User: a6f2643a-6e8f-4bf2-bd33-6e86e4236c71, Org: 17674cf9-9aab-470b-98d9-b65820a3436e
2026-05-11T05:27:29.092Z [getAllProjects] Database and Model verified. Testing connection...
2026-05-11T05:27:29.093Z [getAllProjects] Connection Successful
2026-05-11T05:27:29.095Z [getAllProjects] Fetching all projects (no pagination)...
2026-05-11T05:27:29.104Z [getAllProjects] Found 7 projects. Computing progress...
2026-05-11T05:27:29.106Z [getAllProjects] Success. Returning response.
2026-05-11T05:27:31.610Z [getAllProjects] Start - User: a6f2643a-6e8f-4bf2-bd33-6e86e4236c71, Org: 17674cf9-9aab-470b-98d9-b65820a3436e
2026-05-11T05:27:31.612Z [getAllProjects] Database and Model verified. Testing connection...
2026-05-11T05:27:31.622Z [getAllProjects] Connection Successful
2026-05-11T05:27:31.624Z [getAllProjects] Fetching paginated projects (page: 1, limit: 10)...
2026-05-11T05:27:31.646Z [getAllProjects] Found 7 projects (Total: 7). Computing progress...
2026-05-11T05:27:31.650Z [getAllProjects] Success. Returning paginated response.
2026-05-11T05:27:33.062Z [getAllProjects] Start - User: a6f2643a-6e8f-4bf2-bd33-6e86e4236c71, Org: 17674cf9-9aab-470b-98d9-b65820a3436e
2026-05-11T05:27:33.065Z [getAllProjects] Database and Model verified. Testing connection...
2026-05-11T05:27:33.067Z [getAllProjects] Connection Successful
2026-05-11T05:27:33.068Z [getAllProjects] Fetching all projects (no pagination)...
2026-05-11T05:27:33.078Z [getAllProjects] Found 7 projects. Computing progress...
2026-05-11T05:27:33.080Z [getAllProjects] Success. Returning response.
2026-05-11T05:37:21.648Z [getAllProjects] Start - User: a6f2643a-6e8f-4bf2-bd33-6e86e4236c71, Org: 17674cf9-9aab-470b-98d9-b65820a3436e
2026-05-11T05:37:21.650Z [getAllProjects] Database and Model verified. Testing connection...
2026-05-11T05:37:21.651Z [getAllProjects] Connection Successful
2026-05-11T05:37:21.653Z [getAllProjects] Fetching paginated projects (page: 1, limit: 10)...
2026-05-11T05:37:21.675Z [getAllProjects] Found 7 projects (Total: 7). Computing progress...
2026-05-11T05:37:21.677Z [getAllProjects] Success. Returning paginated response.
2026-05-11T05:37:33.627Z [getAllProjects] Start - User: a6f2643a-6e8f-4bf2-bd33-6e86e4236c71, Org: 17674cf9-9aab-470b-98d9-b65820a3436e
2026-05-11T05:37:33.628Z [getAllProjects] Database and Model verified. Testing connection...
2026-05-11T05:37:33.630Z [getAllProjects] Connection Successful
2026-05-11T05:37:33.631Z [getAllProjects] Fetching paginated projects (page: 1, limit: 10)...
2026-05-11T05:37:33.643Z [getAllProjects] Found 7 projects (Total: 7). Computing progress...
2026-05-11T05:37:33.644Z [getAllProjects] Success. Returning paginated response.
2026-05-11T05:56:52.236Z [getAllProjects] Start - User: a6f2643a-6e8f-4bf2-bd33-6e86e4236c71, Org: 17674cf9-9aab-470b-98d9-b65820a3436e
2026-05-11T05:56:52.238Z [getAllProjects] Database and Model verified. Testing connection...
2026-05-11T05:56:52.239Z [getAllProjects] Connection Successful
2026-05-11T05:56:52.241Z [getAllProjects] Fetching paginated projects (page: 1, limit: 10)...
2026-05-11T05:56:52.258Z [getAllProjects] Found 7 projects (Total: 7). Computing progress...
2026-05-11T05:56:52.260Z [getAllProjects] Success. Returning paginated response.
2026-05-11T05:56:55.127Z [getAllProjects] Start - User: a6f2643a-6e8f-4bf2-bd33-6e86e4236c71, Org: 17674cf9-9aab-470b-98d9-b65820a3436e
2026-05-11T05:56:55.130Z [getAllProjects] Database and Model verified. Testing connection...
2026-05-11T05:56:55.131Z [getAllProjects] Connection Successful
2026-05-11T05:56:55.133Z [getAllProjects] Fetching paginated projects (page: 1, limit: 10)...
2026-05-11T05:56:55.150Z [getAllProjects] Found 7 projects (Total: 7). Computing progress...
2026-05-11T05:56:55.152Z [getAllProjects] Success. Returning paginated response.
2026-05-11T05:57:05.341Z [getAllProjects] Start - User: a6f2643a-6e8f-4bf2-bd33-6e86e4236c71, Org: 17674cf9-9aab-470b-98d9-b65820a3436e
2026-05-11T05:57:05.343Z [getAllProjects] Database and Model verified. Testing connection...
2026-05-11T05:57:05.344Z [getAllProjects] Connection Successful
2026-05-11T05:57:05.345Z [getAllProjects] Fetching paginated projects (page: 1, limit: 10)...
2026-05-11T05:57:05.360Z [getAllProjects] Found 7 projects (Total: 7). Computing progress...
2026-05-11T05:57:05.362Z [getAllProjects] Success. Returning paginated response.
2026-05-11T06:01:31.660Z [getAllProjects] Start - User: a6f2643a-6e8f-4bf2-bd33-6e86e4236c71, Org: 17674cf9-9aab-470b-98d9-b65820a3436e
2026-05-11T06:01:31.663Z [getAllProjects] Database and Model verified. Testing connection...
2026-05-11T06:01:31.665Z [getAllProjects] Connection Successful
2026-05-11T06:01:31.666Z [getAllProjects] Fetching paginated projects (page: 1, limit: 10)...
2026-05-11T06:01:31.691Z [getAllProjects] Found 7 projects (Total: 7). Computing progress...
2026-05-11T06:01:31.693Z [getAllProjects] Success. Returning paginated response.
2026-05-11T06:01:34.543Z [getAllProjects] Start - User: a6f2643a-6e8f-4bf2-bd33-6e86e4236c71, Org: 17674cf9-9aab-470b-98d9-b65820a3436e
2026-05-11T06:01:34.545Z [getAllProjects] Database and Model verified. Testing connection...
2026-05-11T06:01:34.547Z [getAllProjects] Connection Successful
2026-05-11T06:01:34.548Z [getAllProjects] Fetching paginated projects (page: 1, limit: 10)...
2026-05-11T06:01:34.573Z [getAllProjects] Found 7 projects (Total: 7). Computing progress...
2026-05-11T06:01:34.575Z [getAllProjects] Success. Returning paginated response.
2026-05-11T06:01:57.008Z [getAllProjects] Start - User: a6f2643a-6e8f-4bf2-bd33-6e86e4236c71, Org: 17674cf9-9aab-470b-98d9-b65820a3436e
2026-05-11T06:01:57.009Z [getAllProjects] Database and Model verified. Testing connection...
2026-05-11T06:01:57.011Z [getAllProjects] Connection Successful
2026-05-11T06:01:57.012Z [getAllProjects] Fetching paginated projects (page: 1, limit: 10)...
2026-05-11T06:01:57.023Z [getAllProjects] Found 7 projects (Total: 7). Computing progress...
2026-05-11T06:01:57.025Z [getAllProjects] Success. Returning paginated response.
2026-05-11T06:03:12.430Z [getAllProjects] Start - User: a6f2643a-6e8f-4bf2-bd33-6e86e4236c71, Org: 17674cf9-9aab-470b-98d9-b65820a3436e
2026-05-11T06:03:12.431Z [getAllProjects] Database and Model verified. Testing connection...
2026-05-11T06:03:12.432Z [getAllProjects] Connection Successful
2026-05-11T06:03:12.434Z [getAllProjects] Fetching all projects (no pagination)...
2026-05-11T06:03:12.452Z [getAllProjects] Found 7 projects. Computing progress...
2026-05-11T06:03:12.454Z [getAllProjects] Success. Returning response.
2026-05-11T06:03:12.481Z [getAllProjects] Start - User: a6f2643a-6e8f-4bf2-bd33-6e86e4236c71, Org: 17674cf9-9aab-470b-98d9-b65820a3436e
2026-05-11T06:03:12.483Z [getAllProjects] Database and Model verified. Testing connection...
2026-05-11T06:03:12.485Z [getAllProjects] Connection Successful
2026-05-11T06:03:12.487Z [getAllProjects] Fetching all projects (no pagination)...
2026-05-11T06:03:12.500Z [getAllProjects] Found 7 projects. Computing progress...
2026-05-11T06:03:12.502Z [getAllProjects] Success. Returning response.
2026-05-11T06:03:26.616Z [getAllProjects] Start - User: a6f2643a-6e8f-4bf2-bd33-6e86e4236c71, Org: 17674cf9-9aab-470b-98d9-b65820a3436e
2026-05-11T06:03:26.618Z [getAllProjects] Database and Model verified. Testing connection...
2026-05-11T06:03:26.619Z [getAllProjects] Connection Successful
2026-05-11T06:03:26.620Z [getAllProjects] Fetching paginated projects (page: 1, limit: 10)...
2026-05-11T06:03:26.633Z [getAllProjects] Found 7 projects (Total: 7). Computing progress...
2026-05-11T06:03:26.634Z [getAllProjects] Success. Returning paginated response.
2026-05-11T06:10:01.821Z [getAllProjects] Start - User: a6f2643a-6e8f-4bf2-bd33-6e86e4236c71, Org: 17674cf9-9aab-470b-98d9-b65820a3436e
2026-05-11T06:10:01.822Z [getAllProjects] Database and Model verified. Testing connection...
2026-05-11T06:10:01.824Z [getAllProjects] Connection Successful
2026-05-11T06:10:01.825Z [getAllProjects] Fetching paginated projects (page: 1, limit: 10)...
2026-05-11T06:10:01.838Z [getAllProjects] Found 7 projects (Total: 7). Computing progress...
2026-05-11T06:10:01.841Z [getAllProjects] Success. Returning paginated response.
2026-05-11T06:10:20.400Z [getAllProjects] Start - User: a6f2643a-6e8f-4bf2-bd33-6e86e4236c71, Org: 17674cf9-9aab-470b-98d9-b65820a3436e
2026-05-11T06:10:20.403Z [getAllProjects] Database and Model verified. Testing connection...
2026-05-11T06:10:20.405Z [getAllProjects] Connection Successful
2026-05-11T06:10:20.406Z [getAllProjects] Fetching paginated projects (page: 1, limit: 10)...
2026-05-11T06:10:20.422Z [getAllProjects] Found 7 projects (Total: 7). Computing progress...
2026-05-11T06:10:20.423Z [getAllProjects] Success. Returning paginated response.
2026-05-11T06:14:22.334Z [getAllProjects] Start - User: a6f2643a-6e8f-4bf2-bd33-6e86e4236c71, Org: 17674cf9-9aab-470b-98d9-b65820a3436e
2026-05-11T06:14:22.337Z [getAllProjects] Database and Model verified. Testing connection...
2026-05-11T06:14:22.338Z [getAllProjects] Connection Successful
2026-05-11T06:14:22.339Z [getAllProjects] Fetching paginated projects (page: 1, limit: 10)...
2026-05-11T06:14:22.350Z [getAllProjects] Found 7 projects (Total: 7). Computing progress...
2026-05-11T06:14:22.352Z [getAllProjects] Success. Returning paginated response.
2026-05-11T06:14:29.369Z [getAllProjects] Start - User: a6f2643a-6e8f-4bf2-bd33-6e86e4236c71, Org: 17674cf9-9aab-470b-98d9-b65820a3436e
2026-05-11T06:14:29.371Z [getAllProjects] Database and Model verified. Testing connection...
2026-05-11T06:14:29.373Z [getAllProjects] Connection Successful
2026-05-11T06:14:29.375Z [getAllProjects] Fetching paginated projects (page: 1, limit: 10)...
2026-05-11T06:14:29.390Z [getAllProjects] Found 7 projects (Total: 7). Computing progress...
2026-05-11T06:14:29.392Z [getAllProjects] Success. Returning paginated response.
2026-05-11T06:15:24.739Z [getAllProjects] Start - User: a6f2643a-6e8f-4bf2-bd33-6e86e4236c71, Org: 17674cf9-9aab-470b-98d9-b65820a3436e
2026-05-11T06:15:24.742Z [getAllProjects] Database and Model verified. Testing connection...
2026-05-11T06:15:24.744Z [getAllProjects] Connection Successful
2026-05-11T06:15:24.746Z [getAllProjects] Fetching paginated projects (page: 1, limit: 10)...
2026-05-11T06:15:24.768Z [getAllProjects] Found 7 projects (Total: 7). Computing progress...
2026-05-11T06:15:24.771Z [getAllProjects] Success. Returning paginated response.
2026-05-11T06:16:28.424Z [getAllProjects] Start - User: a6f2643a-6e8f-4bf2-bd33-6e86e4236c71, Org: 17674cf9-9aab-470b-98d9-b65820a3436e
2026-05-11T06:16:28.426Z [getAllProjects] Database and Model verified. Testing connection...
2026-05-11T06:16:28.427Z [getAllProjects] Connection Successful
2026-05-11T06:16:28.428Z [getAllProjects] Fetching paginated projects (page: 1, limit: 10)...
2026-05-11T06:16:28.437Z [getAllProjects] Found 7 projects (Total: 7). Computing progress...
2026-05-11T06:16:28.440Z [getAllProjects] Success. Returning paginated response.
2026-05-11T06:16:37.497Z [getAllProjects] Start - User: a6f2643a-6e8f-4bf2-bd33-6e86e4236c71, Org: 17674cf9-9aab-470b-98d9-b65820a3436e
2026-05-11T06:16:37.499Z [getAllProjects] Database and Model verified. Testing connection...
2026-05-11T06:16:37.501Z [getAllProjects] Connection Successful
2026-05-11T06:16:37.502Z [getAllProjects] Fetching all projects (no pagination)...
2026-05-11T06:16:37.524Z [getAllProjects] Found 7 projects. Computing progress...
2026-05-11T06:16:37.528Z [getAllProjects] Success. Returning response.
2026-05-11T06:16:37.565Z [getAllProjects] Start - User: a6f2643a-6e8f-4bf2-bd33-6e86e4236c71, Org: 17674cf9-9aab-470b-98d9-b65820a3436e
2026-05-11T06:16:37.567Z [getAllProjects] Database and Model verified. Testing connection...
2026-05-11T06:16:37.568Z [getAllProjects] Connection Successful
2026-05-11T06:16:37.570Z [getAllProjects] Fetching all projects (no pagination)...
2026-05-11T06:16:37.593Z [getAllProjects] Found 7 projects. Computing progress...
2026-05-11T06:16:37.596Z [getAllProjects] Success. Returning response.
2026-05-11T06:16:40.217Z [getAllProjects] Start - User: a6f2643a-6e8f-4bf2-bd33-6e86e4236c71, Org: 17674cf9-9aab-470b-98d9-b65820a3436e
2026-05-11T06:16:40.219Z [getAllProjects] Database and Model verified. Testing connection...
2026-05-11T06:16:40.221Z [getAllProjects] Connection Successful
2026-05-11T06:16:40.222Z [getAllProjects] Fetching paginated projects (page: 1, limit: 10)...
2026-05-11T06:16:40.232Z [getAllProjects] Found 7 projects (Total: 7). Computing progress...
2026-05-11T06:16:40.234Z [getAllProjects] Success. Returning paginated response.
2026-05-11T06:16:53.558Z [getAllProjects] Start - User: a6f2643a-6e8f-4bf2-bd33-6e86e4236c71, Org: 17674cf9-9aab-470b-98d9-b65820a3436e
2026-05-11T06:16:53.561Z [getAllProjects] Database and Model verified. Testing connection...
2026-05-11T06:16:53.562Z [getAllProjects] Connection Successful
2026-05-11T06:16:53.564Z [getAllProjects] Fetching paginated projects (page: 1, limit: 10)...
2026-05-11T06:16:53.578Z [getAllProjects] Found 7 projects (Total: 7). Computing progress...
2026-05-11T06:16:53.582Z [getAllProjects] Success. Returning paginated response.
2026-05-11T06:24:47.205Z [getAllProjects] Start - User: a6f2643a-6e8f-4bf2-bd33-6e86e4236c71, Org: 17674cf9-9aab-470b-98d9-b65820a3436e
2026-05-11T06:24:47.207Z [getAllProjects] Database and Model verified. Testing connection...
2026-05-11T06:24:47.209Z [getAllProjects] Connection Successful
2026-05-11T06:24:47.210Z [getAllProjects] Fetching paginated projects (page: 1, limit: 10)...
2026-05-11T06:24:47.229Z [getAllProjects] Found 7 projects (Total: 7). Computing progress...
2026-05-11T06:24:47.231Z [getAllProjects] Success. Returning paginated response.
2026-05-11T06:25:15.779Z [getAllProjects] Start - User: a6f2643a-6e8f-4bf2-bd33-6e86e4236c71, Org: 17674cf9-9aab-470b-98d9-b65820a3436e
2026-05-11T06:25:15.780Z [getAllProjects] Database and Model verified. Testing connection...
2026-05-11T06:25:15.782Z [getAllProjects] Connection Successful
2026-05-11T06:25:15.783Z [getAllProjects] Fetching paginated projects (page: 1, limit: 10)...
2026-05-11T06:25:15.797Z [getAllProjects] Found 7 projects (Total: 7). Computing progress...
2026-05-11T06:25:15.799Z [getAllProjects] Success. Returning paginated response.
2026-05-11T06:27:55.091Z [getAllProjects] Start - User: a6f2643a-6e8f-4bf2-bd33-6e86e4236c71, Org: 17674cf9-9aab-470b-98d9-b65820a3436e
2026-05-11T06:27:55.092Z [getAllProjects] Database and Model verified. Testing connection...
2026-05-11T06:27:55.093Z [getAllProjects] Connection Successful
2026-05-11T06:27:55.095Z [getAllProjects] Fetching paginated projects (page: 1, limit: 10)...
2026-05-11T06:27:55.117Z [getAllProjects] Found 7 projects (Total: 7). Computing progress...
2026-05-11T06:27:55.119Z [getAllProjects] Success. Returning paginated response.
2026-05-11T06:28:32.682Z [getAllProjects] Start - User: a6f2643a-6e8f-4bf2-bd33-6e86e4236c71, Org: 17674cf9-9aab-470b-98d9-b65820a3436e
2026-05-11T06:28:32.687Z [getAllProjects] Database and Model verified. Testing connection...
2026-05-11T06:28:32.688Z [getAllProjects] Connection Successful
2026-05-11T06:28:32.690Z [getAllProjects] Fetching all projects (no pagination)...
2026-05-11T06:28:32.702Z [getAllProjects] Found 7 projects. Computing progress...
2026-05-11T06:28:32.704Z [getAllProjects] Success. Returning response.
2026-05-11T06:32:35.849Z [getAllProjects] Start - User: a6f2643a-6e8f-4bf2-bd33-6e86e4236c71, Org: 17674cf9-9aab-470b-98d9-b65820a3436e
2026-05-11T06:32:35.851Z [getAllProjects] Database and Model verified. Testing connection...
2026-05-11T06:32:35.855Z [getAllProjects] Connection Successful
2026-05-11T06:32:35.857Z [getAllProjects] Fetching all projects (no pagination)...
2026-05-11T06:32:35.869Z [getAllProjects] Found 7 projects. Computing progress...
2026-05-11T06:32:35.871Z [getAllProjects] Success. Returning response.
2026-05-11T06:32:36.756Z [getAllProjects] Start - User: a6f2643a-6e8f-4bf2-bd33-6e86e4236c71, Org: 17674cf9-9aab-470b-98d9-b65820a3436e
2026-05-11T06:32:36.757Z [getAllProjects] Database and Model verified. Testing connection...
2026-05-11T06:32:36.758Z [getAllProjects] Connection Successful
2026-05-11T06:32:36.759Z [getAllProjects] Fetching all projects (no pagination)...
2026-05-11T06:32:36.771Z [getAllProjects] Found 7 projects. Computing progress...
2026-05-11T06:32:36.772Z [getAllProjects] Success. Returning response.
2026-05-11T07:15:26.724Z [getAllProjects] Start - User: c1185ccb-f515-47e3-8bb6-ea6795702f45, Org: d7cfc4a5-4bd3-4196-8356-e56043861ce8
2026-05-11T07:15:26.728Z [getAllProjects] Database and Model verified. Testing connection...
2026-05-11T07:15:26.730Z [getAllProjects] Connection Successful
2026-05-11T07:15:26.731Z [getAllProjects] Fetching all projects (no pagination)...
2026-05-11T07:15:26.769Z [getAllProjects] Found 5 projects. Computing progress...
2026-05-11T07:15:26.772Z [getAllProjects] Success. Returning response.
2026-05-11T07:15:26.790Z [getAllProjects] Start - User: c1185ccb-f515-47e3-8bb6-ea6795702f45, Org: d7cfc4a5-4bd3-4196-8356-e56043861ce8
2026-05-11T07:15:26.792Z [getAllProjects] Database and Model verified. Testing connection...
2026-05-11T07:15:26.793Z [getAllProjects] Connection Successful
2026-05-11T07:15:26.795Z [getAllProjects] Fetching all projects (no pagination)...
2026-05-11T07:15:26.809Z [getAllProjects] Found 5 projects. Computing progress...
2026-05-11T07:15:26.811Z [getAllProjects] Success. Returning response.
2026-05-11T07:45:55.826Z [getAllProjects] Start - User: a6f2643a-6e8f-4bf2-bd33-6e86e4236c71, Org: 17674cf9-9aab-470b-98d9-b65820a3436e
2026-05-11T07:45:55.833Z [getAllProjects] Database and Model verified. Testing connection...
2026-05-11T07:45:55.835Z [getAllProjects] Connection Successful
2026-05-11T07:45:55.837Z [getAllProjects] Fetching all projects (no pagination)...
2026-05-11T07:45:55.894Z [getAllProjects] Found 7 projects. Computing progress...
2026-05-11T07:45:55.914Z [getAllProjects] Success. Returning response.
2026-05-11T07:45:55.952Z [getAllProjects] Start - User: a6f2643a-6e8f-4bf2-bd33-6e86e4236c71, Org: 17674cf9-9aab-470b-98d9-b65820a3436e
2026-05-11T07:45:55.953Z [getAllProjects] Database and Model verified. Testing connection...
2026-05-11T07:45:55.954Z [getAllProjects] Connection Successful
2026-05-11T07:45:55.955Z [getAllProjects] Fetching all projects (no pagination)...
2026-05-11T07:45:55.972Z [getAllProjects] Found 7 projects. Computing progress...
2026-05-11T07:45:55.975Z [getAllProjects] Success. Returning response.
2026-05-11T07:46:50.098Z [getAllProjects] Start - User: a6f2643a-6e8f-4bf2-bd33-6e86e4236c71, Org: 17674cf9-9aab-470b-98d9-b65820a3436e
2026-05-11T07:46:50.100Z [getAllProjects] Database and Model verified. Testing connection...
2026-05-11T07:46:50.101Z [getAllProjects] Connection Successful
2026-05-11T07:46:50.102Z [getAllProjects] Fetching all projects (no pagination)...
2026-05-11T07:46:50.117Z [getAllProjects] Found 7 projects. Computing progress...
2026-05-11T07:46:50.119Z [getAllProjects] Success. Returning response.
2026-05-11T07:46:59.668Z [getAllProjects] Start - User: c1185ccb-f515-47e3-8bb6-ea6795702f45, Org: d7cfc4a5-4bd3-4196-8356-e56043861ce8
2026-05-11T07:46:59.669Z [getAllProjects] Database and Model verified. Testing connection...
2026-05-11T07:46:59.671Z [getAllProjects] Connection Successful
2026-05-11T07:46:59.672Z [getAllProjects] Fetching all projects (no pagination)...
2026-05-11T07:46:59.692Z [getAllProjects] Found 5 projects. Computing progress...
2026-05-11T07:46:59.694Z [getAllProjects] Success. Returning response.
2026-05-11T07:46:59.722Z [getAllProjects] Start - User: c1185ccb-f515-47e3-8bb6-ea6795702f45, Org: d7cfc4a5-4bd3-4196-8356-e56043861ce8
2026-05-11T07:46:59.724Z [getAllProjects] Database and Model verified. Testing connection...
2026-05-11T07:46:59.725Z [getAllProjects] Connection Successful
2026-05-11T07:46:59.726Z [getAllProjects] Fetching all projects (no pagination)...
2026-05-11T07:46:59.744Z [getAllProjects] Found 5 projects. Computing progress...
2026-05-11T07:46:59.745Z [getAllProjects] Success. Returning response.
2026-05-11T08:17:12.115Z [getAllProjects] Start - User: c1185ccb-f515-47e3-8bb6-ea6795702f45, Org: d7cfc4a5-4bd3-4196-8356-e56043861ce8
2026-05-11T08:17:12.126Z [getAllProjects] Database and Model verified. Testing connection...
2026-05-11T08:17:12.128Z [getAllProjects] Connection Successful
2026-05-11T08:17:12.129Z [getAllProjects] Fetching all projects (no pagination)...
2026-05-11T08:17:12.148Z [getAllProjects] Found 5 projects. Computing progress...
2026-05-11T08:17:12.151Z [getAllProjects] Success. Returning response.
2026-05-11T09:43:24.710Z [getAllProjects] Start - User: a6f2643a-6e8f-4bf2-bd33-6e86e4236c71, Org: 17674cf9-9aab-470b-98d9-b65820a3436e
2026-05-11T09:43:24.714Z [getAllProjects] Database and Model verified. Testing connection...
2026-05-11T09:43:24.716Z [getAllProjects] Connection Successful
2026-05-11T09:43:24.717Z [getAllProjects] Fetching all projects (no pagination)...
2026-05-11T09:43:24.764Z [getAllProjects] Found 7 projects. Computing progress...
2026-05-11T09:43:24.776Z [getAllProjects] Success. Returning response.
2026-05-11T09:43:24.821Z [getAllProjects] Start - User: a6f2643a-6e8f-4bf2-bd33-6e86e4236c71, Org: 17674cf9-9aab-470b-98d9-b65820a3436e
2026-05-11T09:43:24.823Z [getAllProjects] Database and Model verified. Testing connection...
2026-05-11T09:43:24.824Z [getAllProjects] Connection Successful
2026-05-11T09:43:24.825Z [getAllProjects] Fetching all projects (no pagination)...
2026-05-11T09:43:24.843Z [getAllProjects] Found 7 projects. Computing progress...
2026-05-11T09:43:24.844Z [getAllProjects] Success. Returning response.
2026-05-11T09:53:34.060Z [getAllProjects] Start - User: a6f2643a-6e8f-4bf2-bd33-6e86e4236c71, Org: 17674cf9-9aab-470b-98d9-b65820a3436e
2026-05-11T09:53:34.062Z [getAllProjects] Database and Model verified. Testing connection...
2026-05-11T09:53:34.064Z [getAllProjects] Connection Successful
2026-05-11T09:53:34.065Z [getAllProjects] Fetching all projects (no pagination)...
2026-05-11T09:53:34.079Z [getAllProjects] Found 7 projects. Computing progress...
2026-05-11T09:53:34.081Z [getAllProjects] Success. Returning response.
2026-05-11T09:54:00.221Z [getAllProjects] Start - User: a6f2643a-6e8f-4bf2-bd33-6e86e4236c71, Org: 17674cf9-9aab-470b-98d9-b65820a3436e
2026-05-11T09:54:00.225Z [getAllProjects] Database and Model verified. Testing connection...
2026-05-11T09:54:00.227Z [getAllProjects] Connection Successful
2026-05-11T09:54:00.228Z [getAllProjects] Fetching paginated projects (page: 1, limit: 10)...
2026-05-11T09:54:00.242Z [getAllProjects] Found 7 projects (Total: 7). Computing progress...
2026-05-11T09:54:00.244Z [getAllProjects] Success. Returning paginated response.
2026-05-11T09:54:28.869Z [getAllProjects] Start - User: a6f2643a-6e8f-4bf2-bd33-6e86e4236c71, Org: 17674cf9-9aab-470b-98d9-b65820a3436e
2026-05-11T09:54:28.871Z [getAllProjects] Database and Model verified. Testing connection...
2026-05-11T09:54:28.872Z [getAllProjects] Connection Successful
2026-05-11T09:54:28.875Z [getAllProjects] Fetching all projects (no pagination)...
2026-05-11T09:54:28.889Z [getAllProjects] Found 7 projects. Computing progress...
2026-05-11T09:54:28.891Z [getAllProjects] Success. Returning response.
2026-05-11T09:54:58.249Z [getAllProjects] Start - User: a6f2643a-6e8f-4bf2-bd33-6e86e4236c71, Org: 17674cf9-9aab-470b-98d9-b65820a3436e
2026-05-11T09:54:58.251Z [getAllProjects] Database and Model verified. Testing connection...
2026-05-11T09:54:58.253Z [getAllProjects] Connection Successful
2026-05-11T09:54:58.255Z [getAllProjects] Fetching all projects (no pagination)...
2026-05-11T09:54:58.264Z [getAllProjects] Found 7 projects. Computing progress...
2026-05-11T09:54:58.265Z [getAllProjects] Success. Returning response.
2026-05-11T09:55:02.124Z [getAllProjects] Start - User: a6f2643a-6e8f-4bf2-bd33-6e86e4236c71, Org: 17674cf9-9aab-470b-98d9-b65820a3436e
2026-05-11T09:55:02.126Z [getAllProjects] Database and Model verified. Testing connection...
2026-05-11T09:55:02.128Z [getAllProjects] Connection Successful
2026-05-11T09:55:02.131Z [getAllProjects] Fetching all projects (no pagination)...
2026-05-11T09:55:02.145Z [getAllProjects] Found 7 projects. Computing progress...
2026-05-11T09:55:02.147Z [getAllProjects] Success. Returning response.
2026-05-11T09:55:03.565Z [getAllProjects] Start - User: a6f2643a-6e8f-4bf2-bd33-6e86e4236c71, Org: 17674cf9-9aab-470b-98d9-b65820a3436e
2026-05-11T09:55:03.566Z [getAllProjects] Database and Model verified. Testing connection...
2026-05-11T09:55:03.568Z [getAllProjects] Connection Successful
2026-05-11T09:55:03.569Z [getAllProjects] Fetching paginated projects (page: 1, limit: 10)...
2026-05-11T09:55:03.578Z [getAllProjects] Found 7 projects (Total: 7). Computing progress...
2026-05-11T09:55:03.579Z [getAllProjects] Success. Returning paginated response.
2026-05-11T09:55:03.675Z [getAllProjects] Start - User: a6f2643a-6e8f-4bf2-bd33-6e86e4236c71, Org: 17674cf9-9aab-470b-98d9-b65820a3436e
2026-05-11T09:55:03.677Z [getAllProjects] Database and Model verified. Testing connection...
2026-05-11T09:55:03.678Z [getAllProjects] Connection Successful
2026-05-11T09:55:03.679Z [getAllProjects] Fetching all projects (no pagination)...
2026-05-11T09:55:03.686Z [getAllProjects] Found 7 projects. Computing progress...
2026-05-11T09:55:03.688Z [getAllProjects] Success. Returning response.
2026-05-11T09:55:29.795Z [getAllProjects] Start - User: a6f2643a-6e8f-4bf2-bd33-6e86e4236c71, Org: 17674cf9-9aab-470b-98d9-b65820a3436e
2026-05-11T09:55:29.796Z [getAllProjects] Database and Model verified. Testing connection...
2026-05-11T09:55:29.797Z [getAllProjects] Connection Successful
2026-05-11T09:55:29.798Z [getAllProjects] Fetching paginated projects (page: 1, limit: 10)...
2026-05-11T09:55:29.807Z [getAllProjects] Found 8 projects (Total: 8). Computing progress...
2026-05-11T09:55:29.808Z [getAllProjects] Success. Returning paginated response.
2026-05-11T09:55:46.656Z [getAllProjects] Start - User: a6f2643a-6e8f-4bf2-bd33-6e86e4236c71, Org: 17674cf9-9aab-470b-98d9-b65820a3436e
2026-05-11T09:55:46.659Z [getAllProjects] Database and Model verified. Testing connection...
2026-05-11T09:55:46.661Z [getAllProjects] Connection Successful
2026-05-11T09:55:46.662Z [getAllProjects] Fetching all projects (no pagination)...
2026-05-11T09:55:46.672Z [getAllProjects] Found 8 projects. Computing progress...
2026-05-11T09:55:46.674Z [getAllProjects] Success. Returning response.
2026-05-11T09:55:50.835Z [getAllProjects] Start - User: a6f2643a-6e8f-4bf2-bd33-6e86e4236c71, Org: 17674cf9-9aab-470b-98d9-b65820a3436e
2026-05-11T09:55:50.837Z [getAllProjects] Database and Model verified. Testing connection...
2026-05-11T09:55:50.838Z [getAllProjects] Connection Successful
2026-05-11T09:55:50.840Z [getAllProjects] Fetching paginated projects (page: 1, limit: 10)...
2026-05-11T09:55:50.849Z [getAllProjects] Found 8 projects (Total: 8). Computing progress...
2026-05-11T09:55:50.851Z [getAllProjects] Success. Returning paginated response.
2026-05-11T09:56:03.716Z [getAllProjects] Start - User: a6f2643a-6e8f-4bf2-bd33-6e86e4236c71, Org: 17674cf9-9aab-470b-98d9-b65820a3436e
2026-05-11T09:56:03.717Z [getAllProjects] Database and Model verified. Testing connection...
2026-05-11T09:56:03.719Z [getAllProjects] Connection Successful
2026-05-11T09:56:03.720Z [getAllProjects] Fetching paginated projects (page: 1, limit: 10)...
2026-05-11T09:56:03.728Z [getAllProjects] Found 8 projects (Total: 8). Computing progress...
2026-05-11T09:56:03.730Z [getAllProjects] Success. Returning paginated response.
2026-05-11T09:57:05.934Z [getAllProjects] Start - User: a6f2643a-6e8f-4bf2-bd33-6e86e4236c71, Org: 17674cf9-9aab-470b-98d9-b65820a3436e
2026-05-11T09:57:05.936Z [getAllProjects] Database and Model verified. Testing connection...
2026-05-11T09:57:05.937Z [getAllProjects] Connection Successful
2026-05-11T09:57:05.938Z [getAllProjects] Fetching all projects (no pagination)...
2026-05-11T09:57:05.952Z [getAllProjects] Found 8 projects. Computing progress...
2026-05-11T09:57:05.953Z [getAllProjects] Success. Returning response.
2026-05-11T09:58:51.790Z [getAllProjects] Start - User: a6f2643a-6e8f-4bf2-bd33-6e86e4236c71, Org: 17674cf9-9aab-470b-98d9-b65820a3436e
2026-05-11T09:58:51.792Z [getAllProjects] Database and Model verified. Testing connection...
2026-05-11T09:58:51.793Z [getAllProjects] Connection Successful
2026-05-11T09:58:51.794Z [getAllProjects] Fetching paginated projects (page: 1, limit: 10)...
2026-05-11T09:58:51.860Z [getAllProjects] Found 8 projects (Total: 8). Computing progress...
2026-05-11T09:58:51.862Z [getAllProjects] Success. Returning paginated response.
2026-05-11T09:59:18.799Z [getAllProjects] Start - User: a6f2643a-6e8f-4bf2-bd33-6e86e4236c71, Org: 17674cf9-9aab-470b-98d9-b65820a3436e
2026-05-11T09:59:18.802Z [getAllProjects] Database and Model verified. Testing connection...
2026-05-11T09:59:18.803Z [getAllProjects] Connection Successful
2026-05-11T09:59:18.805Z [getAllProjects] Fetching paginated projects (page: 1, limit: 10)...
2026-05-11T09:59:18.815Z [getAllProjects] Found 8 projects (Total: 8). Computing progress...
2026-05-11T09:59:18.817Z [getAllProjects] Success. Returning paginated response.
2026-05-11T10:04:14.963Z [getAllProjects] Start - User: a6f2643a-6e8f-4bf2-bd33-6e86e4236c71, Org: 17674cf9-9aab-470b-98d9-b65820a3436e
2026-05-11T10:04:14.965Z [getAllProjects] Database and Model verified. Testing connection...
2026-05-11T10:04:14.966Z [getAllProjects] Connection Successful
2026-05-11T10:04:14.967Z [getAllProjects] Fetching all projects (no pagination)...
2026-05-11T10:04:14.979Z [getAllProjects] Found 8 projects. Computing progress...
2026-05-11T10:04:14.981Z [getAllProjects] Success. Returning response.
2026-05-11T10:04:17.026Z [getAllProjects] Start - User: a6f2643a-6e8f-4bf2-bd33-6e86e4236c71, Org: 17674cf9-9aab-470b-98d9-b65820a3436e
2026-05-11T10:04:17.027Z [getAllProjects] Database and Model verified. Testing connection...
2026-05-11T10:04:17.029Z [getAllProjects] Connection Successful
2026-05-11T10:04:17.031Z [getAllProjects] Fetching paginated projects (page: 1, limit: 10)...
2026-05-11T10:04:17.049Z [getAllProjects] Found 8 projects (Total: 8). Computing progress...
2026-05-11T10:04:17.050Z [getAllProjects] Success. Returning paginated response.
2026-05-11T10:04:36.080Z [getAllProjects] Start - User: a6f2643a-6e8f-4bf2-bd33-6e86e4236c71, Org: 17674cf9-9aab-470b-98d9-b65820a3436e
2026-05-11T10:04:36.082Z [getAllProjects] Database and Model verified. Testing connection...
2026-05-11T10:04:36.084Z [getAllProjects] Connection Successful
2026-05-11T10:04:36.085Z [getAllProjects] Fetching paginated projects (page: 1, limit: 10)...
2026-05-11T10:04:36.101Z [getAllProjects] Found 8 projects (Total: 8). Computing progress...
2026-05-11T10:04:36.103Z [getAllProjects] Success. Returning paginated response.
2026-05-11T10:06:34.850Z [getAllProjects] Start - User: a6f2643a-6e8f-4bf2-bd33-6e86e4236c71, Org: 17674cf9-9aab-470b-98d9-b65820a3436e
2026-05-11T10:06:34.851Z [getAllProjects] Database and Model verified. Testing connection...
2026-05-11T10:06:34.853Z [getAllProjects] Connection Successful
2026-05-11T10:06:34.856Z [getAllProjects] Fetching paginated projects (page: 1, limit: 10)...
2026-05-11T10:06:34.873Z [getAllProjects] Found 8 projects (Total: 8). Computing progress...
2026-05-11T10:06:34.875Z [getAllProjects] Success. Returning paginated response.
2026-05-11T10:08:17.944Z [getAllProjects] Start - User: a6f2643a-6e8f-4bf2-bd33-6e86e4236c71, Org: 17674cf9-9aab-470b-98d9-b65820a3436e
2026-05-11T10:08:17.950Z [getAllProjects] Database and Model verified. Testing connection...
2026-05-11T10:08:17.953Z [getAllProjects] Connection Successful
2026-05-11T10:08:17.955Z [getAllProjects] Fetching all projects (no pagination)...
2026-05-11T10:08:17.981Z [getAllProjects] Found 8 projects. Computing progress...
2026-05-11T10:08:17.982Z [getAllProjects] Success. Returning response.
2026-05-11T10:08:18.009Z [getAllProjects] Start - User: a6f2643a-6e8f-4bf2-bd33-6e86e4236c71, Org: 17674cf9-9aab-470b-98d9-b65820a3436e
2026-05-11T10:08:18.012Z [getAllProjects] Database and Model verified. Testing connection...
2026-05-11T10:08:18.013Z [getAllProjects] Connection Successful
2026-05-11T10:08:18.014Z [getAllProjects] Fetching all projects (no pagination)...
2026-05-11T10:08:18.025Z [getAllProjects] Found 8 projects. Computing progress...
2026-05-11T10:08:18.028Z [getAllProjects] Success. Returning response.
2026-05-11T10:08:37.410Z [getAllProjects] Start - User: a6f2643a-6e8f-4bf2-bd33-6e86e4236c71, Org: 17674cf9-9aab-470b-98d9-b65820a3436e
2026-05-11T10:08:37.413Z [getAllProjects] Database and Model verified. Testing connection...
2026-05-11T10:08:37.415Z [getAllProjects] Connection Successful
2026-05-11T10:08:37.416Z [getAllProjects] Fetching all projects (no pagination)...
2026-05-11T10:08:37.426Z [getAllProjects] Found 8 projects. Computing progress...
2026-05-11T10:08:37.428Z [getAllProjects] Success. Returning response.
2026-05-11T10:12:33.362Z [getAllProjects] Start - User: a6f2643a-6e8f-4bf2-bd33-6e86e4236c71, Org: 17674cf9-9aab-470b-98d9-b65820a3436e
2026-05-11T10:12:33.366Z [getAllProjects] Database and Model verified. Testing connection...
2026-05-11T10:12:33.372Z [getAllProjects] Connection Successful
2026-05-11T10:12:33.376Z [getAllProjects] Fetching all projects (no pagination)...
2026-05-11T10:12:33.409Z [getAllProjects] Found 8 projects. Computing progress...
2026-05-11T10:12:33.413Z [getAllProjects] Success. Returning response.
2026-05-11T10:12:33.634Z [getAllProjects] Start - User: a6f2643a-6e8f-4bf2-bd33-6e86e4236c71, Org: 17674cf9-9aab-470b-98d9-b65820a3436e
2026-05-11T10:12:33.635Z [getAllProjects] Database and Model verified. Testing connection...
2026-05-11T10:12:33.637Z [getAllProjects] Connection Successful
2026-05-11T10:12:33.638Z [getAllProjects] Fetching all projects (no pagination)...
2026-05-11T10:12:33.652Z [getAllProjects] Found 8 projects. Computing progress...
2026-05-11T10:12:33.654Z [getAllProjects] Success. Returning response.
2026-05-11T10:13:14.599Z [getAllProjects] Start - User: a6f2643a-6e8f-4bf2-bd33-6e86e4236c71, Org: 17674cf9-9aab-470b-98d9-b65820a3436e
2026-05-11T10:13:14.601Z [getAllProjects] Database and Model verified. Testing connection...
2026-05-11T10:13:14.602Z [getAllProjects] Connection Successful
2026-05-11T10:13:14.605Z [getAllProjects] Fetching all projects (no pagination)...
2026-05-11T10:13:14.614Z [getAllProjects] Found 8 projects. Computing progress...
2026-05-11T10:13:14.615Z [getAllProjects] Success. Returning response.
2026-05-11T10:20:52.632Z [getAllProjects] Start - User: a6f2643a-6e8f-4bf2-bd33-6e86e4236c71, Org: 17674cf9-9aab-470b-98d9-b65820a3436e
2026-05-11T10:20:52.635Z [getAllProjects] Database and Model verified. Testing connection...
2026-05-11T10:20:52.636Z [getAllProjects] Connection Successful
2026-05-11T10:20:52.637Z [getAllProjects] Fetching all projects (no pagination)...
2026-05-11T10:20:52.646Z [getAllProjects] Found 8 projects. Computing progress...
2026-05-11T10:20:52.647Z [getAllProjects] Success. Returning response.
2026-05-11T10:21:26.789Z [getAllProjects] Start - User: 8c497bef-d831-4c7d-ab83-bf6dd0ff5a27, Org: 17674cf9-9aab-470b-98d9-b65820a3436e
2026-05-11T10:21:26.794Z [getAllProjects] Database and Model verified. Testing connection...
2026-05-11T10:21:26.796Z [getAllProjects] Connection Successful
2026-05-11T10:21:26.798Z [getAllProjects] Fetching all projects (no pagination)...
2026-05-11T10:21:26.821Z [getAllProjects] Found 6 projects. Computing progress...
2026-05-11T10:21:26.823Z [getAllProjects] Success. Returning response.
2026-05-11T10:21:26.846Z [getAllProjects] Start - User: 8c497bef-d831-4c7d-ab83-bf6dd0ff5a27, Org: 17674cf9-9aab-470b-98d9-b65820a3436e
2026-05-11T10:21:26.847Z [getAllProjects] Database and Model verified. Testing connection...
2026-05-11T10:21:26.848Z [getAllProjects] Connection Successful
2026-05-11T10:21:26.849Z [getAllProjects] Fetching all projects (no pagination)...
2026-05-11T10:21:26.871Z [getAllProjects] Found 6 projects. Computing progress...
2026-05-11T10:21:26.872Z [getAllProjects] Success. Returning response.
2026-05-11T10:21:35.792Z [getAllProjects] Start - User: 8c497bef-d831-4c7d-ab83-bf6dd0ff5a27, Org: 17674cf9-9aab-470b-98d9-b65820a3436e
2026-05-11T10:21:35.794Z [getAllProjects] Database and Model verified. Testing connection...
2026-05-11T10:21:35.795Z [getAllProjects] Connection Successful
2026-05-11T10:21:35.797Z [getAllProjects] Fetching paginated projects (page: 1, limit: 10)...
2026-05-11T10:21:35.806Z [getAllProjects] Found 6 projects (Total: 6). Computing progress...
2026-05-11T10:21:35.809Z [getAllProjects] Success. Returning paginated response.
2026-05-11T10:21:40.287Z [getAllProjects] Start - User: 8c497bef-d831-4c7d-ab83-bf6dd0ff5a27, Org: 17674cf9-9aab-470b-98d9-b65820a3436e
2026-05-11T10:21:40.288Z [getAllProjects] Database and Model verified. Testing connection...
2026-05-11T10:21:40.289Z [getAllProjects] Connection Successful
2026-05-11T10:21:40.290Z [getAllProjects] Fetching all projects (no pagination)...
2026-05-11T10:21:40.304Z [getAllProjects] Found 6 projects. Computing progress...
2026-05-11T10:21:40.306Z [getAllProjects] Success. Returning response.
2026-05-11T10:21:46.735Z [getAllProjects] Start - User: a6f2643a-6e8f-4bf2-bd33-6e86e4236c71, Org: 17674cf9-9aab-470b-98d9-b65820a3436e
2026-05-11T10:21:46.736Z [getAllProjects] Database and Model verified. Testing connection...
2026-05-11T10:21:46.737Z [getAllProjects] Connection Successful
2026-05-11T10:21:46.738Z [getAllProjects] Fetching all projects (no pagination)...
2026-05-11T10:21:46.756Z [getAllProjects] Found 8 projects. Computing progress...
2026-05-11T10:21:46.759Z [getAllProjects] Success. Returning response.
2026-05-11T10:21:46.792Z [getAllProjects] Start - User: a6f2643a-6e8f-4bf2-bd33-6e86e4236c71, Org: 17674cf9-9aab-470b-98d9-b65820a3436e
2026-05-11T10:21:46.794Z [getAllProjects] Database and Model verified. Testing connection...
2026-05-11T10:21:46.795Z [getAllProjects] Connection Successful
2026-05-11T10:21:46.796Z [getAllProjects] Fetching all projects (no pagination)...
2026-05-11T10:21:46.816Z [getAllProjects] Found 8 projects. Computing progress...
2026-05-11T10:21:46.817Z [getAllProjects] Success. Returning response.
2026-05-11T10:22:02.013Z [getAllProjects] Start - User: a6f2643a-6e8f-4bf2-bd33-6e86e4236c71, Org: 17674cf9-9aab-470b-98d9-b65820a3436e
2026-05-11T10:22:02.015Z [getAllProjects] Database and Model verified. Testing connection...
2026-05-11T10:22:02.016Z [getAllProjects] Connection Successful
2026-05-11T10:22:02.018Z [getAllProjects] Fetching all projects (no pagination)...
2026-05-11T10:22:02.028Z [getAllProjects] Found 8 projects. Computing progress...
2026-05-11T10:22:02.030Z [getAllProjects] Success. Returning response.
2026-05-11T10:22:07.778Z [getAllProjects] Start - User: a6f2643a-6e8f-4bf2-bd33-6e86e4236c71, Org: 17674cf9-9aab-470b-98d9-b65820a3436e
2026-05-11T10:22:07.780Z [getAllProjects] Database and Model verified. Testing connection...
2026-05-11T10:22:07.781Z [getAllProjects] Connection Successful
2026-05-11T10:22:07.782Z [getAllProjects] Fetching paginated projects (page: 1, limit: 10)...
2026-05-11T10:22:07.798Z [getAllProjects] Found 8 projects (Total: 8). Computing progress...
2026-05-11T10:22:07.799Z [getAllProjects] Success. Returning paginated response.
2026-05-11T10:22:19.012Z [getAllProjects] Start - User: a6f2643a-6e8f-4bf2-bd33-6e86e4236c71, Org: 17674cf9-9aab-470b-98d9-b65820a3436e
2026-05-11T10:22:19.014Z [getAllProjects] Database and Model verified. Testing connection...
2026-05-11T10:22:19.015Z [getAllProjects] Connection Successful
2026-05-11T10:22:19.017Z [getAllProjects] Fetching paginated projects (page: 1, limit: 10)...
2026-05-11T10:22:19.026Z [getAllProjects] Found 8 projects (Total: 8). Computing progress...
2026-05-11T10:22:19.029Z [getAllProjects] Success. Returning paginated response.
2026-05-11T10:22:22.123Z [getAllProjects] Start - User: a6f2643a-6e8f-4bf2-bd33-6e86e4236c71, Org: 17674cf9-9aab-470b-98d9-b65820a3436e
2026-05-11T10:22:22.125Z [getAllProjects] Database and Model verified. Testing connection...
2026-05-11T10:22:22.129Z [getAllProjects] Connection Successful
2026-05-11T10:22:22.131Z [getAllProjects] Fetching all projects (no pagination)...
2026-05-11T10:22:22.141Z [getAllProjects] Found 8 projects. Computing progress...
2026-05-11T10:22:22.143Z [getAllProjects] Success. Returning response.
2026-05-11T10:22:31.884Z [getAllProjects] Start - User: 8c497bef-d831-4c7d-ab83-bf6dd0ff5a27, Org: 17674cf9-9aab-470b-98d9-b65820a3436e
2026-05-11T10:22:31.886Z [getAllProjects] Database and Model verified. Testing connection...
2026-05-11T10:22:31.888Z [getAllProjects] Connection Successful
2026-05-11T10:22:31.890Z [getAllProjects] Fetching all projects (no pagination)...
2026-05-11T10:22:31.921Z [getAllProjects] Found 6 projects. Computing progress...
2026-05-11T10:22:31.922Z [getAllProjects] Success. Returning response.
2026-05-11T10:22:31.939Z [getAllProjects] Start - User: 8c497bef-d831-4c7d-ab83-bf6dd0ff5a27, Org: 17674cf9-9aab-470b-98d9-b65820a3436e
2026-05-11T10:22:31.940Z [getAllProjects] Database and Model verified. Testing connection...
2026-05-11T10:22:31.941Z [getAllProjects] Connection Successful
2026-05-11T10:22:31.942Z [getAllProjects] Fetching all projects (no pagination)...
2026-05-11T10:22:31.953Z [getAllProjects] Found 6 projects. Computing progress...
2026-05-11T10:22:31.954Z [getAllProjects] Success. Returning response.
2026-05-11T10:22:51.116Z [getAllProjects] Start - User: 8c497bef-d831-4c7d-ab83-bf6dd0ff5a27, Org: 17674cf9-9aab-470b-98d9-b65820a3436e
2026-05-11T10:22:51.121Z [getAllProjects] Database and Model verified. Testing connection...
2026-05-11T10:22:51.125Z [getAllProjects] Connection Successful
2026-05-11T10:22:51.127Z [getAllProjects] Fetching all projects (no pagination)...
2026-05-11T10:22:51.151Z [getAllProjects] Found 6 projects. Computing progress...
2026-05-11T10:22:51.152Z [getAllProjects] Success. Returning response.
2026-05-11T10:22:59.422Z [getAllProjects] Start - User: 454265a3-1777-413b-a49f-8735ef6ffa2a, Org: 17674cf9-9aab-470b-98d9-b65820a3436e
2026-05-11T10:22:59.423Z [getAllProjects] Database and Model verified. Testing connection...
2026-05-11T10:22:59.425Z [getAllProjects] Connection Successful
2026-05-11T10:22:59.426Z [getAllProjects] Fetching all projects (no pagination)...
2026-05-11T10:22:59.442Z [getAllProjects] Found 6 projects. Computing progress...
2026-05-11T10:22:59.443Z [getAllProjects] Success. Returning response.
2026-05-11T10:22:59.472Z [getAllProjects] Start - User: 454265a3-1777-413b-a49f-8735ef6ffa2a, Org: 17674cf9-9aab-470b-98d9-b65820a3436e
2026-05-11T10:22:59.473Z [getAllProjects] Database and Model verified. Testing connection...
2026-05-11T10:22:59.474Z [getAllProjects] Connection Successful
2026-05-11T10:22:59.475Z [getAllProjects] Fetching all projects (no pagination)...
2026-05-11T10:22:59.490Z [getAllProjects] Found 6 projects. Computing progress...
2026-05-11T10:22:59.491Z [getAllProjects] Success. Returning response.
2026-05-11T10:23:11.044Z [getAllProjects] Start - User: 454265a3-1777-413b-a49f-8735ef6ffa2a, Org: 17674cf9-9aab-470b-98d9-b65820a3436e
2026-05-11T10:23:11.046Z [getAllProjects] Database and Model verified. Testing connection...
2026-05-11T10:23:11.048Z [getAllProjects] Connection Successful
2026-05-11T10:23:11.049Z [getAllProjects] Fetching all projects (no pagination)...
2026-05-11T10:23:11.061Z [getAllProjects] Found 6 projects. Computing progress...
2026-05-11T10:23:11.063Z [getAllProjects] Success. Returning response.
2026-05-11T10:23:21.217Z [getAllProjects] Start - User: 168ff0b0-b2a7-493e-91a3-59fa595209d8, Org: 17674cf9-9aab-470b-98d9-b65820a3436e
2026-05-11T10:23:21.219Z [getAllProjects] Database and Model verified. Testing connection...
2026-05-11T10:23:21.221Z [getAllProjects] Connection Successful
2026-05-11T10:23:21.222Z [getAllProjects] Fetching all projects (no pagination)...
2026-05-11T10:23:21.232Z [getAllProjects] Found 1 projects. Computing progress...
2026-05-11T10:23:21.234Z [getAllProjects] Success. Returning response.
2026-05-11T10:23:21.255Z [getAllProjects] Start - User: 168ff0b0-b2a7-493e-91a3-59fa595209d8, Org: 17674cf9-9aab-470b-98d9-b65820a3436e
2026-05-11T10:23:21.257Z [getAllProjects] Database and Model verified. Testing connection...
2026-05-11T10:23:21.258Z [getAllProjects] Connection Successful
2026-05-11T10:23:21.259Z [getAllProjects] Fetching all projects (no pagination)...
2026-05-11T10:23:21.286Z [getAllProjects] Found 1 projects. Computing progress...
2026-05-11T10:23:21.288Z [getAllProjects] Success. Returning response.
2026-05-11T10:23:26.375Z [getAllProjects] Start - User: 168ff0b0-b2a7-493e-91a3-59fa595209d8, Org: 17674cf9-9aab-470b-98d9-b65820a3436e
2026-05-11T10:23:26.376Z [getAllProjects] Database and Model verified. Testing connection...
2026-05-11T10:23:26.377Z [getAllProjects] Connection Successful
2026-05-11T10:23:26.378Z [getAllProjects] Fetching paginated projects (page: 1, limit: 10)...
2026-05-11T10:23:26.399Z [getAllProjects] Found 1 projects (Total: 1). Computing progress...
2026-05-11T10:23:26.400Z [getAllProjects] Success. Returning paginated response.
2026-05-11T10:23:33.996Z [getAllProjects] Start - User: 168ff0b0-b2a7-493e-91a3-59fa595209d8, Org: 17674cf9-9aab-470b-98d9-b65820a3436e
2026-05-11T10:23:33.997Z [getAllProjects] Database and Model verified. Testing connection...
2026-05-11T10:23:33.999Z [getAllProjects] Connection Successful
2026-05-11T10:23:34.001Z [getAllProjects] Fetching all projects (no pagination)...
2026-05-11T10:23:34.010Z [getAllProjects] Found 1 projects. Computing progress...
2026-05-11T10:23:34.011Z [getAllProjects] Success. Returning response.
2026-05-11T10:23:40.791Z [getAllProjects] Start - User: a6f2643a-6e8f-4bf2-bd33-6e86e4236c71, Org: 17674cf9-9aab-470b-98d9-b65820a3436e
2026-05-11T10:23:40.793Z [getAllProjects] Database and Model verified. Testing connection...
2026-05-11T10:23:40.794Z [getAllProjects] Connection Successful
2026-05-11T10:23:40.795Z [getAllProjects] Fetching all projects (no pagination)...
2026-05-11T10:23:40.810Z [getAllProjects] Found 8 projects. Computing progress...
2026-05-11T10:23:40.812Z [getAllProjects] Success. Returning response.
2026-05-11T10:23:40.851Z [getAllProjects] Start - User: a6f2643a-6e8f-4bf2-bd33-6e86e4236c71, Org: 17674cf9-9aab-470b-98d9-b65820a3436e
2026-05-11T10:23:40.853Z [getAllProjects] Database and Model verified. Testing connection...
2026-05-11T10:23:40.854Z [getAllProjects] Connection Successful
2026-05-11T10:23:40.855Z [getAllProjects] Fetching all projects (no pagination)...
2026-05-11T10:23:40.874Z [getAllProjects] Found 8 projects. Computing progress...
2026-05-11T10:23:40.875Z [getAllProjects] Success. Returning response.
2026-05-11T10:24:24.097Z [getAllProjects] Start - User: a6f2643a-6e8f-4bf2-bd33-6e86e4236c71, Org: 17674cf9-9aab-470b-98d9-b65820a3436e
2026-05-11T10:24:24.099Z [getAllProjects] Database and Model verified. Testing connection...
2026-05-11T10:24:24.100Z [getAllProjects] Connection Successful
2026-05-11T10:24:24.102Z [getAllProjects] Fetching paginated projects (page: 1, limit: 10)...
2026-05-11T10:24:24.113Z [getAllProjects] Found 8 projects (Total: 8). Computing progress...
2026-05-11T10:24:24.115Z [getAllProjects] Success. Returning paginated response.
2026-05-11T10:24:36.137Z [getAllProjects] Start - User: a6f2643a-6e8f-4bf2-bd33-6e86e4236c71, Org: 17674cf9-9aab-470b-98d9-b65820a3436e
2026-05-11T10:24:36.139Z [getAllProjects] Database and Model verified. Testing connection...
2026-05-11T10:24:36.140Z [getAllProjects] Connection Successful
2026-05-11T10:24:36.141Z [getAllProjects] Fetching paginated projects (page: 1, limit: 10)...
2026-05-11T10:24:36.154Z [getAllProjects] Found 8 projects (Total: 8). Computing progress...
2026-05-11T10:24:36.155Z [getAllProjects] Success. Returning paginated response.
2026-05-11T10:24:38.968Z [getAllProjects] Start - User: a6f2643a-6e8f-4bf2-bd33-6e86e4236c71, Org: 17674cf9-9aab-470b-98d9-b65820a3436e
2026-05-11T10:24:38.972Z [getAllProjects] Database and Model verified. Testing connection...
2026-05-11T10:24:38.975Z [getAllProjects] Connection Successful
2026-05-11T10:24:38.976Z [getAllProjects] Fetching all projects (no pagination)...
2026-05-11T10:24:38.987Z [getAllProjects] Found 8 projects. Computing progress...
2026-05-11T10:24:38.988Z [getAllProjects] Success. Returning response.
2026-05-11T10:24:46.022Z [getAllProjects] Start - User: 168ff0b0-b2a7-493e-91a3-59fa595209d8, Org: 17674cf9-9aab-470b-98d9-b65820a3436e
2026-05-11T10:24:46.023Z [getAllProjects] Database and Model verified. Testing connection...
2026-05-11T10:24:46.026Z [getAllProjects] Connection Successful
2026-05-11T10:24:46.027Z [getAllProjects] Fetching all projects (no pagination)...
2026-05-11T10:24:46.040Z [getAllProjects] Found 1 projects. Computing progress...
2026-05-11T10:24:46.042Z [getAllProjects] Success. Returning response.
2026-05-11T10:24:46.066Z [getAllProjects] Start - User: 168ff0b0-b2a7-493e-91a3-59fa595209d8, Org: 17674cf9-9aab-470b-98d9-b65820a3436e
2026-05-11T10:24:46.068Z [getAllProjects] Database and Model verified. Testing connection...
2026-05-11T10:24:46.070Z [getAllProjects] Connection Successful
2026-05-11T10:24:46.071Z [getAllProjects] Fetching all projects (no pagination)...
2026-05-11T10:24:46.079Z [getAllProjects] Found 1 projects. Computing progress...
2026-05-11T10:24:46.080Z [getAllProjects] Success. Returning response.
2026-05-11T10:25:43.649Z [getAllProjects] Start - User: 168ff0b0-b2a7-493e-91a3-59fa595209d8, Org: 17674cf9-9aab-470b-98d9-b65820a3436e
2026-05-11T10:25:43.650Z [getAllProjects] Database and Model verified. Testing connection...
2026-05-11T10:25:43.653Z [getAllProjects] Connection Successful
2026-05-11T10:25:43.654Z [getAllProjects] Fetching all projects (no pagination)...
2026-05-11T10:25:43.660Z [getAllProjects] Found 1 projects. Computing progress...
2026-05-11T10:25:43.661Z [getAllProjects] Success. Returning response.
2026-05-11T10:27:22.426Z [getAllProjects] Start - User: a6f2643a-6e8f-4bf2-bd33-6e86e4236c71, Org: 17674cf9-9aab-470b-98d9-b65820a3436e
2026-05-11T10:27:22.430Z [getAllProjects] Database and Model verified. Testing connection...
2026-05-11T10:27:22.431Z [getAllProjects] Connection Successful
2026-05-11T10:27:22.432Z [getAllProjects] Fetching all projects (no pagination)...
2026-05-11T10:27:22.455Z [getAllProjects] Found 8 projects. Computing progress...
2026-05-11T10:27:22.457Z [getAllProjects] Success. Returning response.
2026-05-11T10:27:22.484Z [getAllProjects] Start - User: a6f2643a-6e8f-4bf2-bd33-6e86e4236c71, Org: 17674cf9-9aab-470b-98d9-b65820a3436e
2026-05-11T10:27:22.485Z [getAllProjects] Database and Model verified. Testing connection...
2026-05-11T10:27:22.486Z [getAllProjects] Connection Successful
2026-05-11T10:27:22.487Z [getAllProjects] Fetching all projects (no pagination)...
2026-05-11T10:27:22.497Z [getAllProjects] Found 8 projects. Computing progress...
2026-05-11T10:27:22.498Z [getAllProjects] Success. Returning response.
2026-05-11T10:27:32.507Z [getAllProjects] Start - User: a6f2643a-6e8f-4bf2-bd33-6e86e4236c71, Org: 17674cf9-9aab-470b-98d9-b65820a3436e
2026-05-11T10:27:32.509Z [getAllProjects] Database and Model verified. Testing connection...
2026-05-11T10:27:32.510Z [getAllProjects] Connection Successful
2026-05-11T10:27:32.511Z [getAllProjects] Fetching paginated projects (page: 1, limit: 10)...
2026-05-11T10:27:32.577Z [getAllProjects] Found 8 projects (Total: 8). Computing progress...
2026-05-11T10:27:32.579Z [getAllProjects] Success. Returning paginated response.
2026-05-11T10:27:35.182Z [getAllProjects] Start - User: a6f2643a-6e8f-4bf2-bd33-6e86e4236c71, Org: 17674cf9-9aab-470b-98d9-b65820a3436e
2026-05-11T10:27:35.183Z [getAllProjects] Database and Model verified. Testing connection...
2026-05-11T10:27:35.185Z [getAllProjects] Connection Successful
2026-05-11T10:27:35.186Z [getAllProjects] Fetching all projects (no pagination)...
2026-05-11T10:27:35.194Z [getAllProjects] Found 8 projects. Computing progress...
2026-05-11T10:27:35.195Z [getAllProjects] Success. Returning response.
2026-05-11T11:18:04.726Z [getAllProjects] Start - User: 454265a3-1777-413b-a49f-8735ef6ffa2a, Org: 17674cf9-9aab-470b-98d9-b65820a3436e
2026-05-11T11:18:04.729Z [getAllProjects] Database and Model verified. Testing connection...
2026-05-11T11:18:04.731Z [getAllProjects] Connection Successful
2026-05-11T11:18:04.732Z [getAllProjects] Fetching all projects (no pagination)...
2026-05-11T11:18:04.748Z [getAllProjects] Found 6 projects. Computing progress...
2026-05-11T11:18:04.749Z [getAllProjects] Success. Returning response.
2026-05-11T11:18:26.857Z [getAllProjects] Start - User: 454265a3-1777-413b-a49f-8735ef6ffa2a, Org: 17674cf9-9aab-470b-98d9-b65820a3436e
2026-05-11T11:18:26.858Z [getAllProjects] Database and Model verified. Testing connection...
2026-05-11T11:18:26.859Z [getAllProjects] Connection Successful
2026-05-11T11:18:26.860Z [getAllProjects] Fetching paginated projects (page: 1, limit: 10)...
2026-05-11T11:18:26.871Z [getAllProjects] Found 6 projects (Total: 6). Computing progress...
2026-05-11T11:18:26.872Z [getAllProjects] Success. Returning paginated response.
2026-05-11T11:19:42.190Z [getAllProjects] Start - User: 454265a3-1777-413b-a49f-8735ef6ffa2a, Org: 17674cf9-9aab-470b-98d9-b65820a3436e
2026-05-11T11:19:42.191Z [getAllProjects] Database and Model verified. Testing connection...
2026-05-11T11:19:42.192Z [getAllProjects] Connection Successful
2026-05-11T11:19:42.193Z [getAllProjects] Fetching all projects (no pagination)...
2026-05-11T11:19:42.199Z [getAllProjects] Found 6 projects. Computing progress...
2026-05-11T11:19:42.201Z [getAllProjects] Success. Returning response.
2026-05-11T11:19:51.752Z [getAllProjects] Start - User: a6f2643a-6e8f-4bf2-bd33-6e86e4236c71, Org: 17674cf9-9aab-470b-98d9-b65820a3436e
2026-05-11T11:19:51.753Z [getAllProjects] Database and Model verified. Testing connection...
2026-05-11T11:19:51.755Z [getAllProjects] Connection Successful
2026-05-11T11:19:51.757Z [getAllProjects] Fetching all projects (no pagination)...
2026-05-11T11:19:51.775Z [getAllProjects] Found 8 projects. Computing progress...
2026-05-11T11:19:51.779Z [getAllProjects] Success. Returning response.
2026-05-11T11:19:51.824Z [getAllProjects] Start - User: a6f2643a-6e8f-4bf2-bd33-6e86e4236c71, Org: 17674cf9-9aab-470b-98d9-b65820a3436e
2026-05-11T11:19:51.826Z [getAllProjects] Database and Model verified. Testing connection...
2026-05-11T11:19:51.827Z [getAllProjects] Connection Successful
2026-05-11T11:19:51.829Z [getAllProjects] Fetching all projects (no pagination)...
2026-05-11T11:19:51.846Z [getAllProjects] Found 8 projects. Computing progress...
2026-05-11T11:19:51.847Z [getAllProjects] Success. Returning response.
2026-05-11T11:20:21.842Z [getAllProjects] Start - User: a6f2643a-6e8f-4bf2-bd33-6e86e4236c71, Org: 17674cf9-9aab-470b-98d9-b65820a3436e
2026-05-11T11:20:21.844Z [getAllProjects] Database and Model verified. Testing connection...
2026-05-11T11:20:21.846Z [getAllProjects] Connection Successful
2026-05-11T11:20:21.847Z [getAllProjects] Fetching paginated projects (page: 1, limit: 10)...
2026-05-11T11:20:21.856Z [getAllProjects] Found 8 projects (Total: 8). Computing progress...
2026-05-11T11:20:21.857Z [getAllProjects] Success. Returning paginated response.
2026-05-11T11:20:40.993Z [getAllProjects] Start - User: a6f2643a-6e8f-4bf2-bd33-6e86e4236c71, Org: 17674cf9-9aab-470b-98d9-b65820a3436e
2026-05-11T11:20:40.995Z [getAllProjects] Database and Model verified. Testing connection...
2026-05-11T11:20:40.996Z [getAllProjects] Connection Successful
2026-05-11T11:20:40.997Z [getAllProjects] Fetching paginated projects (page: 1, limit: 10)...
2026-05-11T11:20:41.010Z [getAllProjects] Found 8 projects (Total: 8). Computing progress...
2026-05-11T11:20:41.011Z [getAllProjects] Success. Returning paginated response.
2026-05-11T11:21:40.263Z [getAllProjects] Start - User: a6f2643a-6e8f-4bf2-bd33-6e86e4236c71, Org: 17674cf9-9aab-470b-98d9-b65820a3436e
2026-05-11T11:21:40.265Z [getAllProjects] Database and Model verified. Testing connection...
2026-05-11T11:21:40.266Z [getAllProjects] Connection Successful
2026-05-11T11:21:40.268Z [getAllProjects] Fetching all projects (no pagination)...
2026-05-11T11:21:40.277Z [getAllProjects] Found 8 projects. Computing progress...
2026-05-11T11:21:40.278Z [getAllProjects] Success. Returning response.
2026-05-11T11:21:46.277Z [getAllProjects] Start - User: a6f2643a-6e8f-4bf2-bd33-6e86e4236c71, Org: 17674cf9-9aab-470b-98d9-b65820a3436e
2026-05-11T11:21:46.280Z [getAllProjects] Database and Model verified. Testing connection...
2026-05-11T11:21:46.282Z [getAllProjects] Connection Successful
2026-05-11T11:21:46.283Z [getAllProjects] Fetching all projects (no pagination)...
2026-05-11T11:21:46.305Z [getAllProjects] Found 8 projects. Computing progress...
2026-05-11T11:21:46.307Z [getAllProjects] Success. Returning response.
2026-05-11T11:21:46.330Z [getAllProjects] Start - User: a6f2643a-6e8f-4bf2-bd33-6e86e4236c71, Org: 17674cf9-9aab-470b-98d9-b65820a3436e
2026-05-11T11:21:46.331Z [getAllProjects] Database and Model verified. Testing connection...
2026-05-11T11:21:46.332Z [getAllProjects] Connection Successful
2026-05-11T11:21:46.333Z [getAllProjects] Fetching all projects (no pagination)...
2026-05-11T11:21:46.341Z [getAllProjects] Found 8 projects. Computing progress...
2026-05-11T11:21:46.343Z [getAllProjects] Success. Returning response.
2026-05-11T12:47:00.901Z [getAllProjects] Start - User: a6f2643a-6e8f-4bf2-bd33-6e86e4236c71, Org: 17674cf9-9aab-470b-98d9-b65820a3436e
2026-05-11T12:47:00.905Z [getAllProjects] Database and Model verified. Testing connection...
2026-05-11T12:47:00.906Z [getAllProjects] Connection Successful
2026-05-11T12:47:00.908Z [getAllProjects] Fetching all projects (no pagination)...
2026-05-11T12:47:00.924Z [getAllProjects] Found 8 projects. Computing progress...
2026-05-11T12:47:00.925Z [getAllProjects] Success. Returning response.
2026-05-11T12:49:20.196Z [getAllProjects] Start - User: a6f2643a-6e8f-4bf2-bd33-6e86e4236c71, Org: 17674cf9-9aab-470b-98d9-b65820a3436e
2026-05-11T12:49:20.199Z [getAllProjects] Database and Model verified. Testing connection...
2026-05-11T12:49:20.200Z [getAllProjects] Connection Successful
2026-05-11T12:49:20.202Z [getAllProjects] Fetching all projects (no pagination)...
2026-05-11T12:49:20.212Z [getAllProjects] Found 8 projects. Computing progress...
2026-05-11T12:49:20.213Z [getAllProjects] Success. Returning response.
2026-05-11T12:54:20.365Z [getAllProjects] Start - User: a6f2643a-6e8f-4bf2-bd33-6e86e4236c71, Org: 17674cf9-9aab-470b-98d9-b65820a3436e
2026-05-11T12:54:20.366Z [getAllProjects] Database and Model verified. Testing connection...
2026-05-11T12:54:20.367Z [getAllProjects] Connection Successful
2026-05-11T12:54:20.368Z [getAllProjects] Fetching all projects (no pagination)...
2026-05-11T12:54:20.382Z [getAllProjects] Found 8 projects. Computing progress...
2026-05-11T12:54:20.383Z [getAllProjects] Success. Returning response.
2026-05-11T12:59:20.212Z [getAllProjects] Start - User: a6f2643a-6e8f-4bf2-bd33-6e86e4236c71, Org: 17674cf9-9aab-470b-98d9-b65820a3436e
2026-05-11T12:59:20.215Z [getAllProjects] Database and Model verified. Testing connection...
2026-05-11T12:59:20.217Z [getAllProjects] Connection Successful
2026-05-11T12:59:20.218Z [getAllProjects] Fetching all projects (no pagination)...
2026-05-11T12:59:20.228Z [getAllProjects] Found 8 projects. Computing progress...
2026-05-11T12:59:20.230Z [getAllProjects] Success. Returning response.
2026-05-11T13:04:20.258Z [getAllProjects] Start - User: a6f2643a-6e8f-4bf2-bd33-6e86e4236c71, Org: 17674cf9-9aab-470b-98d9-b65820a3436e
2026-05-11T13:04:20.259Z [getAllProjects] Database and Model verified. Testing connection...
2026-05-11T13:04:20.261Z [getAllProjects] Connection Successful
2026-05-11T13:04:20.262Z [getAllProjects] Fetching all projects (no pagination)...
2026-05-11T13:04:20.274Z [getAllProjects] Found 8 projects. Computing progress...
2026-05-11T13:04:20.275Z [getAllProjects] Success. Returning response.
2026-05-11T13:09:20.461Z [getAllProjects] Start - User: a6f2643a-6e8f-4bf2-bd33-6e86e4236c71, Org: 17674cf9-9aab-470b-98d9-b65820a3436e
2026-05-11T13:09:20.463Z [getAllProjects] Database and Model verified. Testing connection...
2026-05-11T13:09:20.464Z [getAllProjects] Connection Successful
2026-05-11T13:09:20.465Z [getAllProjects] Fetching all projects (no pagination)...
2026-05-11T13:09:20.476Z [getAllProjects] Found 8 projects. Computing progress...
2026-05-11T13:09:20.477Z [getAllProjects] Success. Returning response.
2026-05-11T13:15:17.535Z [getAllProjects] Start - User: a6f2643a-6e8f-4bf2-bd33-6e86e4236c71, Org: 17674cf9-9aab-470b-98d9-b65820a3436e
2026-05-11T13:15:17.537Z [getAllProjects] Database and Model verified. Testing connection...
2026-05-11T13:15:17.538Z [getAllProjects] Connection Successful
2026-05-11T13:15:17.539Z [getAllProjects] Fetching all projects (no pagination)...
2026-05-11T13:15:17.550Z [getAllProjects] Found 8 projects. Computing progress...
2026-05-11T13:15:17.552Z [getAllProjects] Success. Returning response.
2026-05-11T13:19:20.359Z [getAllProjects] Start - User: a6f2643a-6e8f-4bf2-bd33-6e86e4236c71, Org: 17674cf9-9aab-470b-98d9-b65820a3436e
2026-05-11T13:19:20.360Z [getAllProjects] Database and Model verified. Testing connection...
2026-05-11T13:19:20.361Z [getAllProjects] Connection Successful
2026-05-11T13:19:20.363Z [getAllProjects] Fetching all projects (no pagination)...
2026-05-11T13:19:20.370Z [getAllProjects] Found 8 projects. Computing progress...
2026-05-11T13:19:20.371Z [getAllProjects] Success. Returning response.
2026-05-11T13:24:20.387Z [getAllProjects] Start - User: a6f2643a-6e8f-4bf2-bd33-6e86e4236c71, Org: 17674cf9-9aab-470b-98d9-b65820a3436e
2026-05-11T13:24:20.389Z [getAllProjects] Database and Model verified. Testing connection...
2026-05-11T13:24:20.390Z [getAllProjects] Connection Successful
2026-05-11T13:24:20.391Z [getAllProjects] Fetching all projects (no pagination)...
2026-05-11T13:24:20.446Z [getAllProjects] Found 8 projects. Computing progress...
2026-05-11T13:24:20.448Z [getAllProjects] Success. Returning response.
2026-05-11T13:29:20.194Z [getAllProjects] Start - User: a6f2643a-6e8f-4bf2-bd33-6e86e4236c71, Org: 17674cf9-9aab-470b-98d9-b65820a3436e
2026-05-11T13:29:20.196Z [getAllProjects] Database and Model verified. Testing connection...
2026-05-11T13:29:20.198Z [getAllProjects] Connection Successful
2026-05-11T13:29:20.199Z [getAllProjects] Fetching all projects (no pagination)...
2026-05-11T13:29:20.215Z [getAllProjects] Found 8 projects. Computing progress...
2026-05-11T13:29:20.216Z [getAllProjects] Success. Returning response.
2026-05-11T13:34:20.386Z [getAllProjects] Start - User: a6f2643a-6e8f-4bf2-bd33-6e86e4236c71, Org: 17674cf9-9aab-470b-98d9-b65820a3436e
2026-05-11T13:34:20.387Z [getAllProjects] Database and Model verified. Testing connection...
2026-05-11T13:34:20.389Z [getAllProjects] Connection Successful
2026-05-11T13:34:20.390Z [getAllProjects] Fetching all projects (no pagination)...
2026-05-11T13:34:20.404Z [getAllProjects] Found 8 projects. Computing progress...
2026-05-11T13:34:20.405Z [getAllProjects] Success. Returning response.
2026-05-11T13:39:20.206Z [getAllProjects] Start - User: a6f2643a-6e8f-4bf2-bd33-6e86e4236c71, Org: 17674cf9-9aab-470b-98d9-b65820a3436e
2026-05-11T13:39:20.208Z [getAllProjects] Database and Model verified. Testing connection...
2026-05-11T13:39:20.209Z [getAllProjects] Connection Successful
2026-05-11T13:39:20.211Z [getAllProjects] Fetching all projects (no pagination)...
2026-05-11T13:39:20.223Z [getAllProjects] Found 8 projects. Computing progress...
2026-05-11T13:39:20.224Z [getAllProjects] Success. Returning response.
2026-05-12T05:11:18.223Z [getAllProjects] Start - User: a6f2643a-6e8f-4bf2-bd33-6e86e4236c71, Org: 17674cf9-9aab-470b-98d9-b65820a3436e
2026-05-12T05:11:18.227Z [getAllProjects] Database and Model verified. Testing connection...
2026-05-12T05:11:18.229Z [getAllProjects] Connection Successful
2026-05-12T05:11:18.230Z [getAllProjects] Fetching all projects (no pagination)...
2026-05-12T05:11:18.363Z [getAllProjects] Found 8 projects. Computing progress...
2026-05-12T05:11:18.368Z [getAllProjects] Success. Returning response.
2026-05-12T05:11:18.467Z [getAllProjects] Start - User: a6f2643a-6e8f-4bf2-bd33-6e86e4236c71, Org: 17674cf9-9aab-470b-98d9-b65820a3436e
2026-05-12T05:11:18.473Z [getAllProjects] Database and Model verified. Testing connection...
2026-05-12T05:11:18.487Z [getAllProjects] Connection Successful
2026-05-12T05:11:18.491Z [getAllProjects] Fetching all projects (no pagination)...
2026-05-12T05:11:18.516Z [getAllProjects] Found 8 projects. Computing progress...
2026-05-12T05:11:18.520Z [getAllProjects] Success. Returning response.
2026-05-12T05:11:18.560Z [getAllProjects] Start - User: a6f2643a-6e8f-4bf2-bd33-6e86e4236c71, Org: 17674cf9-9aab-470b-98d9-b65820a3436e
2026-05-12T05:11:18.562Z [getAllProjects] Database and Model verified. Testing connection...
2026-05-12T05:11:18.563Z [getAllProjects] Connection Successful
2026-05-12T05:11:18.565Z [getAllProjects] Fetching all projects (no pagination)...
2026-05-12T05:11:18.576Z [getAllProjects] Found 8 projects. Computing progress...
2026-05-12T05:11:18.577Z [getAllProjects] Success. Returning response.
2026-05-12T05:16:23.324Z [getAllProjects] Start - User: a6f2643a-6e8f-4bf2-bd33-6e86e4236c71, Org: 17674cf9-9aab-470b-98d9-b65820a3436e
2026-05-12T05:16:23.326Z [getAllProjects] Database and Model verified. Testing connection...
2026-05-12T05:16:23.328Z [getAllProjects] Connection Successful
2026-05-12T05:16:23.331Z [getAllProjects] Fetching all projects (no pagination)...
2026-05-12T05:16:23.352Z [getAllProjects] Found 8 projects. Computing progress...
2026-05-12T05:16:23.354Z [getAllProjects] Success. Returning response.
2026-05-12T05:16:27.141Z [getAllProjects] Start - User: a6f2643a-6e8f-4bf2-bd33-6e86e4236c71, Org: 17674cf9-9aab-470b-98d9-b65820a3436e
2026-05-12T05:16:27.143Z [getAllProjects] Database and Model verified. Testing connection...
2026-05-12T05:16:27.144Z [getAllProjects] Connection Successful
2026-05-12T05:16:27.147Z [getAllProjects] Fetching paginated projects (page: 1, limit: 10)...
2026-05-12T05:16:27.171Z [getAllProjects] Found 8 projects (Total: 8). Computing progress...
2026-05-12T05:16:27.173Z [getAllProjects] Success. Returning paginated response.
2026-05-12T05:41:08.559Z [getAllProjects] Start - User: a6f2643a-6e8f-4bf2-bd33-6e86e4236c71, Org: 17674cf9-9aab-470b-98d9-b65820a3436e
2026-05-12T05:41:08.566Z [getAllProjects] Database and Model verified. Testing connection...
2026-05-12T05:41:08.568Z [getAllProjects] Connection Successful
2026-05-12T05:41:08.569Z [getAllProjects] Fetching all projects (no pagination)...
2026-05-12T05:41:08.602Z [getAllProjects] Found 8 projects. Computing progress...
2026-05-12T05:41:08.604Z [getAllProjects] Success. Returning response.
2026-05-12T05:44:55.076Z [getAllProjects] Start - User: a6f2643a-6e8f-4bf2-bd33-6e86e4236c71, Org: 17674cf9-9aab-470b-98d9-b65820a3436e
2026-05-12T05:44:55.081Z [getAllProjects] Database and Model verified. Testing connection...
2026-05-12T05:44:55.085Z [getAllProjects] Connection Successful
2026-05-12T05:44:55.090Z [getAllProjects] Fetching all projects (no pagination)...
2026-05-12T05:44:55.225Z [getAllProjects] Found 8 projects. Computing progress...
2026-05-12T05:44:55.233Z [getAllProjects] Success. Returning response.
2026-05-12T05:49:55.289Z [getAllProjects] Start - User: a6f2643a-6e8f-4bf2-bd33-6e86e4236c71, Org: 17674cf9-9aab-470b-98d9-b65820a3436e
2026-05-12T05:49:55.294Z [getAllProjects] Database and Model verified. Testing connection...
2026-05-12T05:49:55.300Z [getAllProjects] Connection Successful
2026-05-12T05:49:55.301Z [getAllProjects] Fetching all projects (no pagination)...
2026-05-12T05:49:55.493Z [getAllProjects] Found 8 projects. Computing progress...
2026-05-12T05:49:55.495Z [getAllProjects] Success. Returning response.
2026-05-12T05:52:51.809Z [getAllProjects] Start - User: a6f2643a-6e8f-4bf2-bd33-6e86e4236c71, Org: 17674cf9-9aab-470b-98d9-b65820a3436e
2026-05-12T05:52:51.826Z [getAllProjects] Database and Model verified. Testing connection...
2026-05-12T05:52:51.830Z [getAllProjects] Connection Successful
2026-05-12T05:52:51.832Z [getAllProjects] Fetching all projects (no pagination)...
2026-05-12T05:52:51.846Z [getAllProjects] Found 8 projects. Computing progress...
2026-05-12T05:52:51.848Z [getAllProjects] Success. Returning response.
2026-05-12T05:52:58.746Z [getAllProjects] Start - User: a6f2643a-6e8f-4bf2-bd33-6e86e4236c71, Org: 17674cf9-9aab-470b-98d9-b65820a3436e
2026-05-12T05:52:58.748Z [getAllProjects] Database and Model verified. Testing connection...
2026-05-12T05:52:58.749Z [getAllProjects] Connection Successful
2026-05-12T05:52:58.751Z [getAllProjects] Fetching all projects (no pagination)...
2026-05-12T05:52:58.768Z [getAllProjects] Found 8 projects. Computing progress...
2026-05-12T05:52:58.770Z [getAllProjects] Success. Returning response.
2026-05-12T05:53:03.858Z [getAllProjects] Start - User: a6f2643a-6e8f-4bf2-bd33-6e86e4236c71, Org: 17674cf9-9aab-470b-98d9-b65820a3436e
2026-05-12T05:53:03.861Z [getAllProjects] Database and Model verified. Testing connection...
2026-05-12T05:53:03.862Z [getAllProjects] Connection Successful
2026-05-12T05:53:03.864Z [getAllProjects] Fetching all projects (no pagination)...
2026-05-12T05:53:03.881Z [getAllProjects] Found 8 projects. Computing progress...
2026-05-12T05:53:03.884Z [getAllProjects] Success. Returning response.
2026-05-12T05:53:11.733Z [getAllProjects] Start - User: a6f2643a-6e8f-4bf2-bd33-6e86e4236c71, Org: 17674cf9-9aab-470b-98d9-b65820a3436e
2026-05-12T05:53:11.738Z [getAllProjects] Database and Model verified. Testing connection...
2026-05-12T05:53:11.742Z [getAllProjects] Connection Successful
2026-05-12T05:53:11.747Z [getAllProjects] Fetching all projects (no pagination)...
2026-05-12T05:53:11.772Z [getAllProjects] Found 8 projects. Computing progress...
2026-05-12T05:53:11.777Z [getAllProjects] Success. Returning response.
2026-05-12T05:53:25.629Z [getAllProjects] Start - User: a6f2643a-6e8f-4bf2-bd33-6e86e4236c71, Org: 17674cf9-9aab-470b-98d9-b65820a3436e
2026-05-12T05:53:25.631Z [getAllProjects] Database and Model verified. Testing connection...
2026-05-12T05:53:25.634Z [getAllProjects] Connection Successful
2026-05-12T05:53:25.636Z [getAllProjects] Fetching all projects (no pagination)...
2026-05-12T05:53:25.650Z [getAllProjects] Found 8 projects. Computing progress...
2026-05-12T05:53:25.652Z [getAllProjects] Success. Returning response.
2026-05-12T05:53:30.451Z [getAllProjects] Start - User: a6f2643a-6e8f-4bf2-bd33-6e86e4236c71, Org: 17674cf9-9aab-470b-98d9-b65820a3436e
2026-05-12T05:53:30.452Z [getAllProjects] Database and Model verified. Testing connection...
2026-05-12T05:53:30.457Z [getAllProjects] Connection Successful
2026-05-12T05:53:30.458Z [getAllProjects] Fetching all projects (no pagination)...
2026-05-12T05:53:30.469Z [getAllProjects] Found 8 projects. Computing progress...
2026-05-12T05:53:30.470Z [getAllProjects] Success. Returning response.
2026-05-12T05:53:32.735Z [getAllProjects] Start - User: a6f2643a-6e8f-4bf2-bd33-6e86e4236c71, Org: 17674cf9-9aab-470b-98d9-b65820a3436e
2026-05-12T05:53:32.739Z [getAllProjects] Database and Model verified. Testing connection...
2026-05-12T05:53:32.743Z [getAllProjects] Connection Successful
2026-05-12T05:53:32.744Z [getAllProjects] Fetching all projects (no pagination)...
2026-05-12T05:53:32.762Z [getAllProjects] Found 8 projects. Computing progress...
2026-05-12T05:53:32.765Z [getAllProjects] Success. Returning response.
2026-05-12T05:55:07.784Z [getAllProjects] Start - User: a6f2643a-6e8f-4bf2-bd33-6e86e4236c71, Org: 17674cf9-9aab-470b-98d9-b65820a3436e
2026-05-12T05:55:07.786Z [getAllProjects] Database and Model verified. Testing connection...
2026-05-12T05:55:07.788Z [getAllProjects] Connection Successful
2026-05-12T05:55:07.790Z [getAllProjects] Fetching all projects (no pagination)...
2026-05-12T05:55:07.804Z [getAllProjects] Found 8 projects. Computing progress...
2026-05-12T05:55:07.806Z [getAllProjects] Success. Returning response.
2026-05-12T05:55:16.011Z [getAllProjects] Start - User: a6f2643a-6e8f-4bf2-bd33-6e86e4236c71, Org: 17674cf9-9aab-470b-98d9-b65820a3436e
2026-05-12T05:55:16.014Z [getAllProjects] Database and Model verified. Testing connection...
2026-05-12T05:55:16.016Z [getAllProjects] Connection Successful
2026-05-12T05:55:16.019Z [getAllProjects] Fetching all projects (no pagination)...
2026-05-12T05:55:16.042Z [getAllProjects] Found 8 projects. Computing progress...
2026-05-12T05:55:16.046Z [getAllProjects] Success. Returning response.
2026-05-12T05:55:28.519Z [getAllProjects] Start - User: 8c497bef-d831-4c7d-ab83-bf6dd0ff5a27, Org: 17674cf9-9aab-470b-98d9-b65820a3436e
2026-05-12T05:55:28.521Z [getAllProjects] Database and Model verified. Testing connection...
2026-05-12T05:55:28.524Z [getAllProjects] Connection Successful
2026-05-12T05:55:28.526Z [getAllProjects] Fetching all projects (no pagination)...
2026-05-12T05:55:28.553Z [getAllProjects] Found 6 projects. Computing progress...
2026-05-12T05:55:28.557Z [getAllProjects] Success. Returning response.
2026-05-12T05:55:28.607Z [getAllProjects] Start - User: 8c497bef-d831-4c7d-ab83-bf6dd0ff5a27, Org: 17674cf9-9aab-470b-98d9-b65820a3436e
2026-05-12T05:55:28.609Z [getAllProjects] Database and Model verified. Testing connection...
2026-05-12T05:55:28.611Z [getAllProjects] Connection Successful
2026-05-12T05:55:28.613Z [getAllProjects] Fetching all projects (no pagination)...
2026-05-12T05:55:28.630Z [getAllProjects] Found 6 projects. Computing progress...
2026-05-12T05:55:28.639Z [getAllProjects] Success. Returning response.
2026-05-12T05:55:40.824Z [getAllProjects] Start - User: 8c497bef-d831-4c7d-ab83-bf6dd0ff5a27, Org: 17674cf9-9aab-470b-98d9-b65820a3436e
2026-05-12T05:55:40.834Z [getAllProjects] Database and Model verified. Testing connection...
2026-05-12T05:55:40.842Z [getAllProjects] Connection Successful
2026-05-12T05:55:40.846Z [getAllProjects] Fetching all projects (no pagination)...
2026-05-12T05:55:40.882Z [getAllProjects] Found 6 projects. Computing progress...
2026-05-12T05:55:40.884Z [getAllProjects] Success. Returning response.
2026-05-12T05:55:52.885Z [getAllProjects] Start - User: 8c497bef-d831-4c7d-ab83-bf6dd0ff5a27, Org: 17674cf9-9aab-470b-98d9-b65820a3436e
2026-05-12T05:55:52.888Z [getAllProjects] Database and Model verified. Testing connection...
2026-05-12T05:55:52.889Z [getAllProjects] Connection Successful
2026-05-12T05:55:52.892Z [getAllProjects] Fetching paginated projects (page: 1, limit: 10)...
2026-05-12T05:55:52.914Z [getAllProjects] Found 6 projects (Total: 6). Computing progress...
2026-05-12T05:55:52.917Z [getAllProjects] Success. Returning paginated response.
2026-05-12T05:55:58.123Z [getAllProjects] Start - User: 8c497bef-d831-4c7d-ab83-bf6dd0ff5a27, Org: 17674cf9-9aab-470b-98d9-b65820a3436e
2026-05-12T05:55:58.132Z [getAllProjects] Database and Model verified. Testing connection...
2026-05-12T05:55:58.135Z [getAllProjects] Connection Successful
2026-05-12T05:55:58.139Z [getAllProjects] Fetching all projects (no pagination)...
2026-05-12T05:55:58.155Z [getAllProjects] Found 6 projects. Computing progress...
2026-05-12T05:55:58.157Z [getAllProjects] Success. Returning response.
2026-05-12T05:55:58.782Z [getAllProjects] Start - User: 8c497bef-d831-4c7d-ab83-bf6dd0ff5a27, Org: 17674cf9-9aab-470b-98d9-b65820a3436e
2026-05-12T05:55:58.786Z [getAllProjects] Database and Model verified. Testing connection...
2026-05-12T05:55:58.791Z [getAllProjects] Connection Successful
2026-05-12T05:55:58.797Z [getAllProjects] Fetching paginated projects (page: 1, limit: 10)...
2026-05-12T05:55:58.819Z [getAllProjects] Found 6 projects (Total: 6). Computing progress...
2026-05-12T05:55:58.821Z [getAllProjects] Success. Returning paginated response.
2026-05-12T05:56:05.224Z [getAllProjects] Start - User: 8c497bef-d831-4c7d-ab83-bf6dd0ff5a27, Org: 17674cf9-9aab-470b-98d9-b65820a3436e
2026-05-12T05:56:05.228Z [getAllProjects] Database and Model verified. Testing connection...
2026-05-12T05:56:05.231Z [getAllProjects] Connection Successful
2026-05-12T05:56:05.234Z [getAllProjects] Fetching paginated projects (page: 1, limit: 10)...
2026-05-12T05:56:05.256Z [getAllProjects] Found 6 projects (Total: 6). Computing progress...
2026-05-12T05:56:05.260Z [getAllProjects] Success. Returning paginated response.
2026-05-12T05:56:09.504Z [getAllProjects] Start - User: 8c497bef-d831-4c7d-ab83-bf6dd0ff5a27, Org: 17674cf9-9aab-470b-98d9-b65820a3436e
2026-05-12T05:56:09.506Z [getAllProjects] Database and Model verified. Testing connection...
2026-05-12T05:56:09.508Z [getAllProjects] Connection Successful
2026-05-12T05:56:09.511Z [getAllProjects] Fetching paginated projects (page: 1, limit: 10)...
2026-05-12T05:56:09.543Z [getAllProjects] Found 6 projects (Total: 6). Computing progress...
2026-05-12T05:56:09.548Z [getAllProjects] Success. Returning paginated response.
2026-05-12T05:56:10.510Z [getAllProjects] Start - User: 8c497bef-d831-4c7d-ab83-bf6dd0ff5a27, Org: 17674cf9-9aab-470b-98d9-b65820a3436e
2026-05-12T05:56:10.513Z [getAllProjects] Database and Model verified. Testing connection...
2026-05-12T05:56:10.515Z [getAllProjects] Connection Successful
2026-05-12T05:56:10.517Z [getAllProjects] Fetching all projects (no pagination)...
2026-05-12T05:56:10.540Z [getAllProjects] Found 6 projects. Computing progress...
2026-05-12T05:56:10.543Z [getAllProjects] Success. Returning response.
2026-05-12T05:56:12.445Z [getAllProjects] Start - User: 8c497bef-d831-4c7d-ab83-bf6dd0ff5a27, Org: 17674cf9-9aab-470b-98d9-b65820a3436e
2026-05-12T05:56:12.452Z [getAllProjects] Database and Model verified. Testing connection...
2026-05-12T05:56:12.454Z [getAllProjects] Connection Successful
2026-05-12T05:56:12.456Z [getAllProjects] Fetching paginated projects (page: 1, limit: 10)...
2026-05-12T05:56:12.477Z [getAllProjects] Found 6 projects (Total: 6). Computing progress...
2026-05-12T05:56:12.480Z [getAllProjects] Success. Returning paginated response.
2026-05-12T05:56:14.887Z [getAllProjects] Start - User: 8c497bef-d831-4c7d-ab83-bf6dd0ff5a27, Org: 17674cf9-9aab-470b-98d9-b65820a3436e
2026-05-12T05:56:14.889Z [getAllProjects] Database and Model verified. Testing connection...
2026-05-12T05:56:14.891Z [getAllProjects] Connection Successful
2026-05-12T05:56:14.896Z [getAllProjects] Fetching all projects (no pagination)...
2026-05-12T05:56:14.919Z [getAllProjects] Found 6 projects. Computing progress...
2026-05-12T05:56:14.922Z [getAllProjects] Success. Returning response.
2026-05-12T05:56:15.816Z [getAllProjects] Start - User: 8c497bef-d831-4c7d-ab83-bf6dd0ff5a27, Org: 17674cf9-9aab-470b-98d9-b65820a3436e
2026-05-12T05:56:15.821Z [getAllProjects] Database and Model verified. Testing connection...
2026-05-12T05:56:15.830Z [getAllProjects] Connection Successful
2026-05-12T05:56:15.834Z [getAllProjects] Fetching paginated projects (page: 1, limit: 10)...
2026-05-12T05:56:15.853Z [getAllProjects] Found 6 projects (Total: 6). Computing progress...
2026-05-12T05:56:15.855Z [getAllProjects] Success. Returning paginated response.
2026-05-12T05:56:59.260Z [getAllProjects] Start - User: 8c497bef-d831-4c7d-ab83-bf6dd0ff5a27, Org: 17674cf9-9aab-470b-98d9-b65820a3436e
2026-05-12T05:56:59.263Z [getAllProjects] Database and Model verified. Testing connection...
2026-05-12T05:56:59.264Z [getAllProjects] Connection Successful
2026-05-12T05:56:59.266Z [getAllProjects] Fetching all projects (no pagination)...
2026-05-12T05:56:59.283Z [getAllProjects] Found 6 projects. Computing progress...
2026-05-12T05:56:59.286Z [getAllProjects] Success. Returning response.
2026-05-12T05:57:30.922Z [getAllProjects] Start - User: 454265a3-1777-413b-a49f-8735ef6ffa2a, Org: 17674cf9-9aab-470b-98d9-b65820a3436e
2026-05-12T05:57:30.925Z [getAllProjects] Database and Model verified. Testing connection...
2026-05-12T05:57:30.928Z [getAllProjects] Connection Successful
2026-05-12T05:57:30.930Z [getAllProjects] Fetching all projects (no pagination)...
2026-05-12T05:57:30.948Z [getAllProjects] Found 6 projects. Computing progress...
2026-05-12T05:57:30.951Z [getAllProjects] Success. Returning response.
2026-05-12T05:57:30.985Z [getAllProjects] Start - User: 454265a3-1777-413b-a49f-8735ef6ffa2a, Org: 17674cf9-9aab-470b-98d9-b65820a3436e
2026-05-12T05:57:30.987Z [getAllProjects] Database and Model verified. Testing connection...
2026-05-12T05:57:30.989Z [getAllProjects] Connection Successful
2026-05-12T05:57:30.990Z [getAllProjects] Fetching all projects (no pagination)...
2026-05-12T05:57:31.002Z [getAllProjects] Found 6 projects. Computing progress...
2026-05-12T05:57:31.004Z [getAllProjects] Success. Returning response.
2026-05-12T05:57:33.377Z [getAllProjects] Start - User: 454265a3-1777-413b-a49f-8735ef6ffa2a, Org: 17674cf9-9aab-470b-98d9-b65820a3436e
2026-05-12T05:57:33.382Z [getAllProjects] Database and Model verified. Testing connection...
2026-05-12T05:57:33.383Z [getAllProjects] Connection Successful
2026-05-12T05:57:33.386Z [getAllProjects] Fetching paginated projects (page: 1, limit: 10)...
2026-05-12T05:57:33.397Z [getAllProjects] Found 6 projects (Total: 6). Computing progress...
2026-05-12T05:57:33.400Z [getAllProjects] Success. Returning paginated response.
2026-05-12T05:57:35.185Z [getAllProjects] Start - User: 454265a3-1777-413b-a49f-8735ef6ffa2a, Org: 17674cf9-9aab-470b-98d9-b65820a3436e
2026-05-12T05:57:35.187Z [getAllProjects] Database and Model verified. Testing connection...
2026-05-12T05:57:35.188Z [getAllProjects] Connection Successful
2026-05-12T05:57:35.189Z [getAllProjects] Fetching all projects (no pagination)...
2026-05-12T05:57:35.201Z [getAllProjects] Found 6 projects. Computing progress...
2026-05-12T05:57:35.202Z [getAllProjects] Success. Returning response.
2026-05-12T05:57:40.098Z [getAllProjects] Start - User: 454265a3-1777-413b-a49f-8735ef6ffa2a, Org: 17674cf9-9aab-470b-98d9-b65820a3436e
2026-05-12T05:57:40.101Z [getAllProjects] Database and Model verified. Testing connection...
2026-05-12T05:57:40.103Z [getAllProjects] Connection Successful
2026-05-12T05:57:40.105Z [getAllProjects] Fetching paginated projects (page: 1, limit: 10)...
2026-05-12T05:57:40.116Z [getAllProjects] Found 6 projects (Total: 6). Computing progress...
2026-05-12T05:57:40.117Z [getAllProjects] Success. Returning paginated response.
2026-05-12T05:57:43.013Z [getAllProjects] Start - User: 454265a3-1777-413b-a49f-8735ef6ffa2a, Org: 17674cf9-9aab-470b-98d9-b65820a3436e
2026-05-12T05:57:43.016Z [getAllProjects] Database and Model verified. Testing connection...
2026-05-12T05:57:43.018Z [getAllProjects] Connection Successful
2026-05-12T05:57:43.019Z [getAllProjects] Fetching all projects (no pagination)...
2026-05-12T05:57:43.033Z [getAllProjects] Found 6 projects. Computing progress...
2026-05-12T05:57:43.035Z [getAllProjects] Success. Returning response.
2026-05-12T05:57:53.876Z [getAllProjects] Start - User: 8c497bef-d831-4c7d-ab83-bf6dd0ff5a27, Org: 17674cf9-9aab-470b-98d9-b65820a3436e
2026-05-12T05:57:53.883Z [getAllProjects] Database and Model verified. Testing connection...
2026-05-12T05:57:53.886Z [getAllProjects] Connection Successful
2026-05-12T05:57:53.888Z [getAllProjects] Fetching all projects (no pagination)...
2026-05-12T05:57:53.915Z [getAllProjects] Found 6 projects. Computing progress...
2026-05-12T05:57:53.941Z [getAllProjects] Success. Returning response.
2026-05-12T05:57:54.008Z [getAllProjects] Start - User: 8c497bef-d831-4c7d-ab83-bf6dd0ff5a27, Org: 17674cf9-9aab-470b-98d9-b65820a3436e
2026-05-12T05:57:54.010Z [getAllProjects] Database and Model verified. Testing connection...
2026-05-12T05:57:54.013Z [getAllProjects] Connection Successful
2026-05-12T05:57:54.015Z [getAllProjects] Fetching all projects (no pagination)...
2026-05-12T05:57:54.042Z [getAllProjects] Found 6 projects. Computing progress...
2026-05-12T05:57:54.045Z [getAllProjects] Success. Returning response.
2026-05-12T05:57:56.125Z [getAllProjects] Start - User: 8c497bef-d831-4c7d-ab83-bf6dd0ff5a27, Org: 17674cf9-9aab-470b-98d9-b65820a3436e
2026-05-12T05:57:56.129Z [getAllProjects] Database and Model verified. Testing connection...
2026-05-12T05:57:56.131Z [getAllProjects] Connection Successful
2026-05-12T05:57:56.133Z [getAllProjects] Fetching paginated projects (page: 1, limit: 10)...
2026-05-12T05:57:56.152Z [getAllProjects] Found 6 projects (Total: 6). Computing progress...
2026-05-12T05:57:56.153Z [getAllProjects] Success. Returning paginated response.
2026-05-12T05:59:31.009Z [getAllProjects] Start - User: 8c497bef-d831-4c7d-ab83-bf6dd0ff5a27, Org: 17674cf9-9aab-470b-98d9-b65820a3436e
2026-05-12T05:59:31.010Z [getAllProjects] Database and Model verified. Testing connection...
2026-05-12T05:59:31.012Z [getAllProjects] Connection Successful
2026-05-12T05:59:31.013Z [getAllProjects] Fetching paginated projects (page: 1, limit: 10)...
2026-05-12T05:59:31.026Z [getAllProjects] Found 6 projects (Total: 6). Computing progress...
2026-05-12T05:59:31.030Z [getAllProjects] Success. Returning paginated response.
2026-05-12T05:59:37.892Z [getAllProjects] Start - User: 8c497bef-d831-4c7d-ab83-bf6dd0ff5a27, Org: 17674cf9-9aab-470b-98d9-b65820a3436e
2026-05-12T05:59:37.895Z [getAllProjects] Database and Model verified. Testing connection...
2026-05-12T05:59:37.897Z [getAllProjects] Connection Successful
2026-05-12T05:59:37.901Z [getAllProjects] Fetching paginated projects (page: 1, limit: 10)...
2026-05-12T05:59:37.931Z [getAllProjects] Found 6 projects (Total: 6). Computing progress...
2026-05-12T05:59:37.936Z [getAllProjects] Success. Returning paginated response.
2026-05-12T06:00:00.954Z [getAllProjects] Start - User: 8c497bef-d831-4c7d-ab83-bf6dd0ff5a27, Org: 17674cf9-9aab-470b-98d9-b65820a3436e
2026-05-12T06:00:00.957Z [getAllProjects] Database and Model verified. Testing connection...
2026-05-12T06:00:00.959Z [getAllProjects] Connection Successful
2026-05-12T06:00:00.961Z [getAllProjects] Fetching all projects (no pagination)...
2026-05-12T06:00:00.978Z [getAllProjects] Found 6 projects. Computing progress...
2026-05-12T06:00:00.980Z [getAllProjects] Success. Returning response.
2026-05-12T06:00:03.072Z [getAllProjects] Start - User: 8c497bef-d831-4c7d-ab83-bf6dd0ff5a27, Org: 17674cf9-9aab-470b-98d9-b65820a3436e
2026-05-12T06:00:03.078Z [getAllProjects] Database and Model verified. Testing connection...
2026-05-12T06:00:03.082Z [getAllProjects] Connection Successful
2026-05-12T06:00:03.086Z [getAllProjects] Fetching all projects (no pagination)...
2026-05-12T06:00:03.104Z [getAllProjects] Found 6 projects. Computing progress...
2026-05-12T06:00:03.111Z [getAllProjects] Success. Returning response.
2026-05-12T06:11:07.951Z [getAllProjects] Start - User: 454265a3-1777-413b-a49f-8735ef6ffa2a, Org: 17674cf9-9aab-470b-98d9-b65820a3436e
2026-05-12T06:11:07.965Z [getAllProjects] Database and Model verified. Testing connection...
2026-05-12T06:11:07.972Z [getAllProjects] Connection Successful
2026-05-12T06:11:07.980Z [getAllProjects] Fetching all projects (no pagination)...
2026-05-12T06:11:08.024Z [getAllProjects] Found 6 projects. Computing progress...
2026-05-12T06:11:08.029Z [getAllProjects] Success. Returning response.
2026-05-12T06:11:08.077Z [getAllProjects] Start - User: 454265a3-1777-413b-a49f-8735ef6ffa2a, Org: 17674cf9-9aab-470b-98d9-b65820a3436e
2026-05-12T06:11:08.080Z [getAllProjects] Database and Model verified. Testing connection...
2026-05-12T06:11:08.082Z [getAllProjects] Connection Successful
2026-05-12T06:11:08.084Z [getAllProjects] Fetching all projects (no pagination)...
2026-05-12T06:11:08.113Z [getAllProjects] Found 6 projects. Computing progress...
2026-05-12T06:11:08.115Z [getAllProjects] Success. Returning response.
2026-05-12T06:11:44.012Z [getAllProjects] Start - User: 454265a3-1777-413b-a49f-8735ef6ffa2a, Org: 17674cf9-9aab-470b-98d9-b65820a3436e
2026-05-12T06:11:44.019Z [getAllProjects] Database and Model verified. Testing connection...
2026-05-12T06:11:44.022Z [getAllProjects] Connection Successful
2026-05-12T06:11:44.027Z [getAllProjects] Fetching all projects (no pagination)...
2026-05-12T06:11:44.053Z [getAllProjects] Found 6 projects. Computing progress...
2026-05-12T06:11:44.059Z [getAllProjects] Success. Returning response.
2026-05-12T06:11:54.204Z [getAllProjects] Start - User: 8c497bef-d831-4c7d-ab83-bf6dd0ff5a27, Org: 17674cf9-9aab-470b-98d9-b65820a3436e
2026-05-12T06:11:54.207Z [getAllProjects] Database and Model verified. Testing connection...
2026-05-12T06:11:54.209Z [getAllProjects] Connection Successful
2026-05-12T06:11:54.211Z [getAllProjects] Fetching all projects (no pagination)...
2026-05-12T06:11:54.244Z [getAllProjects] Found 6 projects. Computing progress...
2026-05-12T06:11:54.247Z [getAllProjects] Success. Returning response.
2026-05-12T06:11:54.285Z [getAllProjects] Start - User: 8c497bef-d831-4c7d-ab83-bf6dd0ff5a27, Org: 17674cf9-9aab-470b-98d9-b65820a3436e
2026-05-12T06:11:54.294Z [getAllProjects] Database and Model verified. Testing connection...
2026-05-12T06:11:54.301Z [getAllProjects] Connection Successful
2026-05-12T06:11:54.307Z [getAllProjects] Fetching all projects (no pagination)...
2026-05-12T06:11:54.345Z [getAllProjects] Found 6 projects. Computing progress...
2026-05-12T06:11:54.351Z [getAllProjects] Success. Returning response.
2026-05-12T06:32:43.360Z [getAllProjects] Start - User: 454265a3-1777-413b-a49f-8735ef6ffa2a, Org: 17674cf9-9aab-470b-98d9-b65820a3436e
2026-05-12T06:32:43.369Z [getAllProjects] Database and Model verified. Testing connection...
2026-05-12T06:32:43.375Z [getAllProjects] Connection Successful
2026-05-12T06:32:43.380Z [getAllProjects] Fetching all projects (no pagination)...
2026-05-12T06:32:43.419Z [getAllProjects] Found 6 projects. Computing progress...
2026-05-12T06:32:43.424Z [getAllProjects] Success. Returning response.
2026-05-12T06:32:43.626Z [getAllProjects] Start - User: 454265a3-1777-413b-a49f-8735ef6ffa2a, Org: 17674cf9-9aab-470b-98d9-b65820a3436e
2026-05-12T06:32:43.629Z [getAllProjects] Database and Model verified. Testing connection...
2026-05-12T06:32:43.631Z [getAllProjects] Connection Successful
2026-05-12T06:32:43.633Z [getAllProjects] Fetching all projects (no pagination)...
2026-05-12T06:32:43.647Z [getAllProjects] Found 6 projects. Computing progress...
2026-05-12T06:32:43.650Z [getAllProjects] Success. Returning response.
2026-05-12T06:33:35.747Z [getAllProjects] Start - User: 454265a3-1777-413b-a49f-8735ef6ffa2a, Org: 17674cf9-9aab-470b-98d9-b65820a3436e
2026-05-12T06:33:35.750Z [getAllProjects] Database and Model verified. Testing connection...
2026-05-12T06:33:35.755Z [getAllProjects] Connection Successful
2026-05-12T06:33:35.758Z [getAllProjects] Fetching all projects (no pagination)...
2026-05-12T06:33:35.781Z [getAllProjects] Found 6 projects. Computing progress...
2026-05-12T06:33:35.784Z [getAllProjects] Success. Returning response.
2026-05-12T06:33:47.946Z [getAllProjects] Start - User: 8c497bef-d831-4c7d-ab83-bf6dd0ff5a27, Org: 17674cf9-9aab-470b-98d9-b65820a3436e
2026-05-12T06:33:47.965Z [getAllProjects] Database and Model verified. Testing connection...
2026-05-12T06:33:47.974Z [getAllProjects] Connection Successful
2026-05-12T06:33:47.986Z [getAllProjects] Fetching all projects (no pagination)...
2026-05-12T06:33:48.076Z [getAllProjects] Found 6 projects. Computing progress...
2026-05-12T06:33:48.078Z [getAllProjects] Success. Returning response.
2026-05-12T06:33:48.142Z [getAllProjects] Start - User: 8c497bef-d831-4c7d-ab83-bf6dd0ff5a27, Org: 17674cf9-9aab-470b-98d9-b65820a3436e
2026-05-12T06:33:48.146Z [getAllProjects] Database and Model verified. Testing connection...
2026-05-12T06:33:48.149Z [getAllProjects] Connection Successful
2026-05-12T06:33:48.151Z [getAllProjects] Fetching all projects (no pagination)...
2026-05-12T06:33:48.189Z [getAllProjects] Found 6 projects. Computing progress...
2026-05-12T06:33:48.195Z [getAllProjects] Success. Returning response.
2026-05-12T06:34:43.924Z [getAllProjects] Start - User: 8c497bef-d831-4c7d-ab83-bf6dd0ff5a27, Org: 17674cf9-9aab-470b-98d9-b65820a3436e
2026-05-12T06:34:43.928Z [getAllProjects] Database and Model verified. Testing connection...
2026-05-12T06:34:43.930Z [getAllProjects] Connection Successful
2026-05-12T06:34:43.934Z [getAllProjects] Fetching all projects (no pagination)...
2026-05-12T06:34:43.974Z [getAllProjects] Found 6 projects. Computing progress...
2026-05-12T06:34:43.977Z [getAllProjects] Success. Returning response.
2026-05-12T06:34:51.660Z [getAllProjects] Start - User: 454265a3-1777-413b-a49f-8735ef6ffa2a, Org: 17674cf9-9aab-470b-98d9-b65820a3436e
2026-05-12T06:34:51.663Z [getAllProjects] Database and Model verified. Testing connection...
2026-05-12T06:34:51.666Z [getAllProjects] Connection Successful
2026-05-12T06:34:51.669Z [getAllProjects] Fetching all projects (no pagination)...
2026-05-12T06:34:51.725Z [getAllProjects] Found 6 projects. Computing progress...
2026-05-12T06:34:51.730Z [getAllProjects] Success. Returning response.
2026-05-12T06:34:51.773Z [getAllProjects] Start - User: 454265a3-1777-413b-a49f-8735ef6ffa2a, Org: 17674cf9-9aab-470b-98d9-b65820a3436e
2026-05-12T06:34:51.776Z [getAllProjects] Database and Model verified. Testing connection...
2026-05-12T06:34:51.778Z [getAllProjects] Connection Successful
2026-05-12T06:34:51.780Z [getAllProjects] Fetching all projects (no pagination)...
2026-05-12T06:34:51.799Z [getAllProjects] Found 6 projects. Computing progress...
2026-05-12T06:34:51.803Z [getAllProjects] Success. Returning response.
2026-05-12T06:57:31.941Z [getAllProjects] Start - User: 8c497bef-d831-4c7d-ab83-bf6dd0ff5a27, Org: 17674cf9-9aab-470b-98d9-b65820a3436e
2026-05-12T06:57:31.944Z [getAllProjects] Database and Model verified. Testing connection...
2026-05-12T06:57:31.945Z [getAllProjects] Connection Successful
2026-05-12T06:57:31.946Z [getAllProjects] Fetching all projects (no pagination)...
2026-05-12T06:57:31.976Z [getAllProjects] Found 6 projects. Computing progress...
2026-05-12T06:57:31.977Z [getAllProjects] Success. Returning response.
2026-05-12T06:57:31.997Z [getAllProjects] Start - User: 8c497bef-d831-4c7d-ab83-bf6dd0ff5a27, Org: 17674cf9-9aab-470b-98d9-b65820a3436e
2026-05-12T06:57:31.999Z [getAllProjects] Database and Model verified. Testing connection...
2026-05-12T06:57:32.001Z [getAllProjects] Connection Successful
2026-05-12T06:57:32.003Z [getAllProjects] Fetching all projects (no pagination)...
2026-05-12T06:57:32.012Z [getAllProjects] Found 6 projects. Computing progress...
2026-05-12T06:57:32.014Z [getAllProjects] Success. Returning response.
2026-05-12T06:57:36.925Z [getAllProjects] Start - User: 8c497bef-d831-4c7d-ab83-bf6dd0ff5a27, Org: 17674cf9-9aab-470b-98d9-b65820a3436e
2026-05-12T06:57:36.927Z [getAllProjects] Database and Model verified. Testing connection...
2026-05-12T06:57:36.928Z [getAllProjects] Connection Successful
2026-05-12T06:57:36.929Z [getAllProjects] Fetching all projects (no pagination)...
2026-05-12T06:57:36.939Z [getAllProjects] Found 6 projects. Computing progress...
2026-05-12T06:57:36.940Z [getAllProjects] Success. Returning response.
2026-05-12T06:57:48.558Z [getAllProjects] Start - User: 454265a3-1777-413b-a49f-8735ef6ffa2a, Org: 17674cf9-9aab-470b-98d9-b65820a3436e
2026-05-12T06:57:48.560Z [getAllProjects] Database and Model verified. Testing connection...
2026-05-12T06:57:48.562Z [getAllProjects] Connection Successful
2026-05-12T06:57:48.564Z [getAllProjects] Fetching all projects (no pagination)...
2026-05-12T06:57:48.574Z [getAllProjects] Found 6 projects. Computing progress...
2026-05-12T06:57:48.576Z [getAllProjects] Success. Returning response.
2026-05-12T06:57:48.609Z [getAllProjects] Start - User: 454265a3-1777-413b-a49f-8735ef6ffa2a, Org: 17674cf9-9aab-470b-98d9-b65820a3436e
2026-05-12T06:57:48.610Z [getAllProjects] Database and Model verified. Testing connection...
2026-05-12T06:57:48.611Z [getAllProjects] Connection Successful
2026-05-12T06:57:48.613Z [getAllProjects] Fetching all projects (no pagination)...
2026-05-12T06:57:48.627Z [getAllProjects] Found 6 projects. Computing progress...
2026-05-12T06:57:48.628Z [getAllProjects] Success. Returning response.
2026-05-12T06:58:15.147Z [getAllProjects] Start - User: 454265a3-1777-413b-a49f-8735ef6ffa2a, Org: 17674cf9-9aab-470b-98d9-b65820a3436e
2026-05-12T06:58:15.150Z [getAllProjects] Database and Model verified. Testing connection...
2026-05-12T06:58:15.153Z [getAllProjects] Connection Successful
2026-05-12T06:58:15.155Z [getAllProjects] Fetching all projects (no pagination)...
2026-05-12T06:58:15.168Z [getAllProjects] Found 6 projects. Computing progress...
2026-05-12T06:58:15.171Z [getAllProjects] Success. Returning response.
2026-05-12T06:58:28.816Z [getAllProjects] Start - User: 8c497bef-d831-4c7d-ab83-bf6dd0ff5a27, Org: 17674cf9-9aab-470b-98d9-b65820a3436e
2026-05-12T06:58:28.818Z [getAllProjects] Database and Model verified. Testing connection...
2026-05-12T06:58:28.820Z [getAllProjects] Connection Successful
2026-05-12T06:58:28.822Z [getAllProjects] Fetching all projects (no pagination)...
2026-05-12T06:58:28.838Z [getAllProjects] Found 6 projects. Computing progress...
2026-05-12T06:58:28.840Z [getAllProjects] Success. Returning response.
2026-05-12T06:58:28.871Z [getAllProjects] Start - User: 8c497bef-d831-4c7d-ab83-bf6dd0ff5a27, Org: 17674cf9-9aab-470b-98d9-b65820a3436e
2026-05-12T06:58:28.873Z [getAllProjects] Database and Model verified. Testing connection...
2026-05-12T06:58:28.874Z [getAllProjects] Connection Successful
2026-05-12T06:58:28.876Z [getAllProjects] Fetching all projects (no pagination)...
2026-05-12T06:58:28.896Z [getAllProjects] Found 6 projects. Computing progress...
2026-05-12T06:58:28.897Z [getAllProjects] Success. Returning response.
2026-05-12T07:13:28.073Z [getAllProjects] Start - User: a6f2643a-6e8f-4bf2-bd33-6e86e4236c71, Org: 17674cf9-9aab-470b-98d9-b65820a3436e
2026-05-12T07:13:28.076Z [getAllProjects] Database and Model verified. Testing connection...
2026-05-12T07:13:28.077Z [getAllProjects] Connection Successful
2026-05-12T07:13:28.079Z [getAllProjects] Fetching all projects (no pagination)...
2026-05-12T07:13:28.095Z [getAllProjects] Found 8 projects. Computing progress...
2026-05-12T07:13:28.097Z [getAllProjects] Success. Returning response.
2026-05-12T07:13:38.778Z [getAllProjects] Start - User: a6f2643a-6e8f-4bf2-bd33-6e86e4236c71, Org: 17674cf9-9aab-470b-98d9-b65820a3436e
2026-05-12T07:13:38.779Z [getAllProjects] Database and Model verified. Testing connection...
2026-05-12T07:13:38.781Z [getAllProjects] Connection Successful
2026-05-12T07:13:38.783Z [getAllProjects] Fetching all projects (no pagination)...
2026-05-12T07:13:38.794Z [getAllProjects] Found 8 projects. Computing progress...
2026-05-12T07:13:38.795Z [getAllProjects] Success. Returning response.
2026-05-12T07:28:39.476Z [getAllProjects] Start - User: a6f2643a-6e8f-4bf2-bd33-6e86e4236c71, Org: 17674cf9-9aab-470b-98d9-b65820a3436e
2026-05-12T07:28:39.478Z [getAllProjects] Database and Model verified. Testing connection...
2026-05-12T07:28:39.480Z [getAllProjects] Connection Successful
2026-05-12T07:28:39.481Z [getAllProjects] Fetching all projects (no pagination)...
2026-05-12T07:28:39.494Z [getAllProjects] Found 8 projects. Computing progress...
2026-05-12T07:28:39.496Z [getAllProjects] Success. Returning response.
2026-05-12T07:29:19.790Z [getAllProjects] Start - User: a6f2643a-6e8f-4bf2-bd33-6e86e4236c71, Org: 17674cf9-9aab-470b-98d9-b65820a3436e
2026-05-12T07:29:19.792Z [getAllProjects] Database and Model verified. Testing connection...
2026-05-12T07:29:19.794Z [getAllProjects] Connection Successful
2026-05-12T07:29:19.795Z [getAllProjects] Fetching all projects (no pagination)...
2026-05-12T07:29:19.808Z [getAllProjects] Found 8 projects. Computing progress...
2026-05-12T07:29:19.810Z [getAllProjects] Success. Returning response.
2026-05-12T07:29:28.518Z [getAllProjects] Start - User: 454265a3-1777-413b-a49f-8735ef6ffa2a, Org: 17674cf9-9aab-470b-98d9-b65820a3436e
2026-05-12T07:29:28.521Z [getAllProjects] Database and Model verified. Testing connection...
2026-05-12T07:29:28.522Z [getAllProjects] Connection Successful
2026-05-12T07:29:28.523Z [getAllProjects] Fetching all projects (no pagination)...
2026-05-12T07:29:28.537Z [getAllProjects] Found 6 projects. Computing progress...
2026-05-12T07:29:28.539Z [getAllProjects] Success. Returning response.
2026-05-12T07:29:28.571Z [getAllProjects] Start - User: 454265a3-1777-413b-a49f-8735ef6ffa2a, Org: 17674cf9-9aab-470b-98d9-b65820a3436e
2026-05-12T07:29:28.573Z [getAllProjects] Database and Model verified. Testing connection...
2026-05-12T07:29:28.573Z [getAllProjects] Connection Successful
2026-05-12T07:29:28.574Z [getAllProjects] Fetching all projects (no pagination)...
2026-05-12T07:29:28.591Z [getAllProjects] Found 6 projects. Computing progress...
2026-05-12T07:29:28.592Z [getAllProjects] Success. Returning response.
2026-05-12T07:29:54.767Z [getAllProjects] Start - User: 454265a3-1777-413b-a49f-8735ef6ffa2a, Org: 17674cf9-9aab-470b-98d9-b65820a3436e
2026-05-12T07:29:54.769Z [getAllProjects] Database and Model verified. Testing connection...
2026-05-12T07:29:54.771Z [getAllProjects] Connection Successful
2026-05-12T07:29:54.773Z [getAllProjects] Fetching all projects (no pagination)...
2026-05-12T07:29:54.788Z [getAllProjects] Found 6 projects. Computing progress...
2026-05-12T07:29:54.790Z [getAllProjects] Success. Returning response.
2026-05-12T07:30:10.036Z [getAllProjects] Start - User: 454265a3-1777-413b-a49f-8735ef6ffa2a, Org: 17674cf9-9aab-470b-98d9-b65820a3436e
2026-05-12T07:30:10.038Z [getAllProjects] Database and Model verified. Testing connection...
2026-05-12T07:30:10.039Z [getAllProjects] Connection Successful
2026-05-12T07:30:10.040Z [getAllProjects] Fetching all projects (no pagination)...
2026-05-12T07:30:10.054Z [getAllProjects] Found 6 projects. Computing progress...
2026-05-12T07:30:10.056Z [getAllProjects] Success. Returning response.
2026-05-12T07:30:17.997Z [getAllProjects] Start - User: a6f2643a-6e8f-4bf2-bd33-6e86e4236c71, Org: 17674cf9-9aab-470b-98d9-b65820a3436e
2026-05-12T07:30:18.000Z [getAllProjects] Database and Model verified. Testing connection...
2026-05-12T07:30:18.002Z [getAllProjects] Connection Successful
2026-05-12T07:30:18.003Z [getAllProjects] Fetching all projects (no pagination)...
2026-05-12T07:30:18.034Z [getAllProjects] Found 8 projects. Computing progress...
2026-05-12T07:30:18.037Z [getAllProjects] Success. Returning response.
2026-05-12T07:30:18.061Z [getAllProjects] Start - User: a6f2643a-6e8f-4bf2-bd33-6e86e4236c71, Org: 17674cf9-9aab-470b-98d9-b65820a3436e
2026-05-12T07:30:18.062Z [getAllProjects] Database and Model verified. Testing connection...
2026-05-12T07:30:18.064Z [getAllProjects] Connection Successful
2026-05-12T07:30:18.066Z [getAllProjects] Fetching all projects (no pagination)...
2026-05-12T07:30:18.082Z [getAllProjects] Found 8 projects. Computing progress...
2026-05-12T07:30:18.087Z [getAllProjects] Success. Returning response.
2026-05-12T07:30:54.715Z [getAllProjects] Start - User: a6f2643a-6e8f-4bf2-bd33-6e86e4236c71, Org: 17674cf9-9aab-470b-98d9-b65820a3436e
2026-05-12T07:30:54.718Z [getAllProjects] Database and Model verified. Testing connection...
2026-05-12T07:30:54.720Z [getAllProjects] Connection Successful
2026-05-12T07:30:54.721Z [getAllProjects] Fetching all projects (no pagination)...
2026-05-12T07:30:54.741Z [getAllProjects] Found 8 projects. Computing progress...
2026-05-12T07:30:54.742Z [getAllProjects] Success. Returning response.
2026-05-12T07:31:41.747Z [getAllProjects] Start - User: a6f2643a-6e8f-4bf2-bd33-6e86e4236c71, Org: 17674cf9-9aab-470b-98d9-b65820a3436e
2026-05-12T07:31:41.748Z [getAllProjects] Database and Model verified. Testing connection...
2026-05-12T07:31:41.749Z [getAllProjects] Connection Successful
2026-05-12T07:31:41.750Z [getAllProjects] Fetching all projects (no pagination)...
2026-05-12T07:31:41.763Z [getAllProjects] Found 8 projects. Computing progress...
2026-05-12T07:31:41.765Z [getAllProjects] Success. Returning response.
2026-05-12T07:31:41.800Z [getAllProjects] Start - User: a6f2643a-6e8f-4bf2-bd33-6e86e4236c71, Org: 17674cf9-9aab-470b-98d9-b65820a3436e
2026-05-12T07:31:41.801Z [getAllProjects] Database and Model verified. Testing connection...
2026-05-12T07:31:41.803Z [getAllProjects] Connection Successful
2026-05-12T07:31:41.804Z [getAllProjects] Fetching all projects (no pagination)...
2026-05-12T07:31:41.815Z [getAllProjects] Found 8 projects. Computing progress...
2026-05-12T07:31:41.816Z [getAllProjects] Success. Returning response.
2026-05-12T07:36:41.881Z [getAllProjects] Start - User: a6f2643a-6e8f-4bf2-bd33-6e86e4236c71, Org: 17674cf9-9aab-470b-98d9-b65820a3436e
2026-05-12T07:36:41.882Z [getAllProjects] Database and Model verified. Testing connection...
2026-05-12T07:36:41.883Z [getAllProjects] Connection Successful
2026-05-12T07:36:41.884Z [getAllProjects] Fetching all projects (no pagination)...
2026-05-12T07:36:41.897Z [getAllProjects] Found 8 projects. Computing progress...
2026-05-12T07:36:41.898Z [getAllProjects] Success. Returning response.
2026-05-12T07:41:41.833Z [getAllProjects] Start - User: a6f2643a-6e8f-4bf2-bd33-6e86e4236c71, Org: 17674cf9-9aab-470b-98d9-b65820a3436e
2026-05-12T07:41:41.835Z [getAllProjects] Database and Model verified. Testing connection...
2026-05-12T07:41:41.836Z [getAllProjects] Connection Successful
2026-05-12T07:41:41.837Z [getAllProjects] Fetching all projects (no pagination)...
2026-05-12T07:41:41.848Z [getAllProjects] Found 8 projects. Computing progress...
2026-05-12T07:41:41.849Z [getAllProjects] Success. Returning response.
2026-05-12T07:46:41.860Z [getAllProjects] Start - User: a6f2643a-6e8f-4bf2-bd33-6e86e4236c71, Org: 17674cf9-9aab-470b-98d9-b65820a3436e
2026-05-12T07:46:41.861Z [getAllProjects] Database and Model verified. Testing connection...
2026-05-12T07:46:41.862Z [getAllProjects] Connection Successful
2026-05-12T07:46:41.863Z [getAllProjects] Fetching all projects (no pagination)...
2026-05-12T07:46:41.885Z [getAllProjects] Found 8 projects. Computing progress...
2026-05-12T07:46:41.886Z [getAllProjects] Success. Returning response.
2026-05-12T07:51:41.962Z [getAllProjects] Start - User: a6f2643a-6e8f-4bf2-bd33-6e86e4236c71, Org: 17674cf9-9aab-470b-98d9-b65820a3436e
2026-05-12T07:51:41.964Z [getAllProjects] Database and Model verified. Testing connection...
2026-05-12T07:51:41.965Z [getAllProjects] Connection Successful
2026-05-12T07:51:41.966Z [getAllProjects] Fetching all projects (no pagination)...
2026-05-12T07:51:42.021Z [getAllProjects] Found 8 projects. Computing progress...
2026-05-12T07:51:42.022Z [getAllProjects] Success. Returning response.
2026-05-12T07:56:41.949Z [getAllProjects] Start - User: a6f2643a-6e8f-4bf2-bd33-6e86e4236c71, Org: 17674cf9-9aab-470b-98d9-b65820a3436e
2026-05-12T07:56:41.951Z [getAllProjects] Database and Model verified. Testing connection...
2026-05-12T07:56:41.952Z [getAllProjects] Connection Successful
2026-05-12T07:56:41.953Z [getAllProjects] Fetching all projects (no pagination)...
2026-05-12T07:56:41.959Z [getAllProjects] Found 8 projects. Computing progress...
2026-05-12T07:56:41.960Z [getAllProjects] Success. Returning response.
2026-05-12T08:01:41.834Z [getAllProjects] Start - User: a6f2643a-6e8f-4bf2-bd33-6e86e4236c71, Org: 17674cf9-9aab-470b-98d9-b65820a3436e
2026-05-12T08:01:41.835Z [getAllProjects] Database and Model verified. Testing connection...
2026-05-12T08:01:41.836Z [getAllProjects] Connection Successful
2026-05-12T08:01:41.837Z [getAllProjects] Fetching all projects (no pagination)...
2026-05-12T08:01:41.849Z [getAllProjects] Found 8 projects. Computing progress...
2026-05-12T08:01:41.851Z [getAllProjects] Success. Returning response.
2026-05-12T08:06:41.939Z [getAllProjects] Start - User: a6f2643a-6e8f-4bf2-bd33-6e86e4236c71, Org: 17674cf9-9aab-470b-98d9-b65820a3436e
2026-05-12T08:06:41.940Z [getAllProjects] Database and Model verified. Testing connection...
2026-05-12T08:06:41.941Z [getAllProjects] Connection Successful
2026-05-12T08:06:41.942Z [getAllProjects] Fetching all projects (no pagination)...
2026-05-12T08:06:42.104Z [getAllProjects] Found 8 projects. Computing progress...
2026-05-12T08:06:42.105Z [getAllProjects] Success. Returning response.
2026-05-12T08:11:41.796Z [getAllProjects] Start - User: a6f2643a-6e8f-4bf2-bd33-6e86e4236c71, Org: 17674cf9-9aab-470b-98d9-b65820a3436e
2026-05-12T08:11:41.798Z [getAllProjects] Database and Model verified. Testing connection...
2026-05-12T08:11:41.799Z [getAllProjects] Connection Successful
2026-05-12T08:11:41.801Z [getAllProjects] Fetching all projects (no pagination)...
2026-05-12T08:11:41.807Z [getAllProjects] Found 8 projects. Computing progress...
2026-05-12T08:11:41.808Z [getAllProjects] Success. Returning response.
2026-05-12T08:16:41.839Z [getAllProjects] Start - User: a6f2643a-6e8f-4bf2-bd33-6e86e4236c71, Org: 17674cf9-9aab-470b-98d9-b65820a3436e
2026-05-12T08:16:41.840Z [getAllProjects] Database and Model verified. Testing connection...
2026-05-12T08:16:41.841Z [getAllProjects] Connection Successful
2026-05-12T08:16:41.842Z [getAllProjects] Fetching all projects (no pagination)...
2026-05-12T08:16:41.852Z [getAllProjects] Found 8 projects. Computing progress...
2026-05-12T08:16:41.853Z [getAllProjects] Success. Returning response.
2026-05-12T08:21:41.784Z [getAllProjects] Start - User: a6f2643a-6e8f-4bf2-bd33-6e86e4236c71, Org: 17674cf9-9aab-470b-98d9-b65820a3436e
2026-05-12T08:21:41.785Z [getAllProjects] Database and Model verified. Testing connection...
2026-05-12T08:21:41.786Z [getAllProjects] Connection Successful
2026-05-12T08:21:41.787Z [getAllProjects] Fetching all projects (no pagination)...
2026-05-12T08:21:41.795Z [getAllProjects] Found 8 projects. Computing progress...
2026-05-12T08:21:41.796Z [getAllProjects] Success. Returning response.
2026-05-12T08:26:41.851Z [getAllProjects] Start - User: a6f2643a-6e8f-4bf2-bd33-6e86e4236c71, Org: 17674cf9-9aab-470b-98d9-b65820a3436e
2026-05-12T08:26:41.852Z [getAllProjects] Database and Model verified. Testing connection...
2026-05-12T08:26:41.853Z [getAllProjects] Connection Successful
2026-05-12T08:26:41.855Z [getAllProjects] Fetching all projects (no pagination)...
2026-05-12T08:26:41.868Z [getAllProjects] Found 8 projects. Computing progress...
2026-05-12T08:26:41.869Z [getAllProjects] Success. Returning response.
2026-05-12T08:31:41.790Z [getAllProjects] Start - User: a6f2643a-6e8f-4bf2-bd33-6e86e4236c71, Org: 17674cf9-9aab-470b-98d9-b65820a3436e
2026-05-12T08:31:41.792Z [getAllProjects] Database and Model verified. Testing connection...
2026-05-12T08:31:41.793Z [getAllProjects] Connection Successful
2026-05-12T08:31:41.795Z [getAllProjects] Fetching all projects (no pagination)...
2026-05-12T08:31:41.856Z [getAllProjects] Found 8 projects. Computing progress...
2026-05-12T08:31:41.857Z [getAllProjects] Success. Returning response.
2026-05-12T08:36:41.936Z [getAllProjects] Start - User: a6f2643a-6e8f-4bf2-bd33-6e86e4236c71, Org: 17674cf9-9aab-470b-98d9-b65820a3436e
2026-05-12T08:36:41.938Z [getAllProjects] Database and Model verified. Testing connection...
2026-05-12T08:36:41.939Z [getAllProjects] Connection Successful
2026-05-12T08:36:41.940Z [getAllProjects] Fetching all projects (no pagination)...
2026-05-12T08:36:41.993Z [getAllProjects] Found 8 projects. Computing progress...
2026-05-12T08:36:41.994Z [getAllProjects] Success. Returning response.
2026-05-12T08:41:41.836Z [getAllProjects] Start - User: a6f2643a-6e8f-4bf2-bd33-6e86e4236c71, Org: 17674cf9-9aab-470b-98d9-b65820a3436e
2026-05-12T08:41:41.838Z [getAllProjects] Database and Model verified. Testing connection...
2026-05-12T08:41:41.839Z [getAllProjects] Connection Successful
2026-05-12T08:41:41.840Z [getAllProjects] Fetching all projects (no pagination)...
2026-05-12T08:41:41.851Z [getAllProjects] Found 8 projects. Computing progress...
2026-05-12T08:41:41.852Z [getAllProjects] Success. Returning response.
2026-05-12T08:46:41.928Z [getAllProjects] Start - User: a6f2643a-6e8f-4bf2-bd33-6e86e4236c71, Org: 17674cf9-9aab-470b-98d9-b65820a3436e
2026-05-12T08:46:41.930Z [getAllProjects] Database and Model verified. Testing connection...
2026-05-12T08:46:41.931Z [getAllProjects] Connection Successful
2026-05-12T08:46:41.932Z [getAllProjects] Fetching all projects (no pagination)...
2026-05-12T08:46:41.946Z [getAllProjects] Found 8 projects. Computing progress...
2026-05-12T08:46:41.947Z [getAllProjects] Success. Returning response.
2026-05-12T08:51:41.791Z [getAllProjects] Start - User: a6f2643a-6e8f-4bf2-bd33-6e86e4236c71, Org: 17674cf9-9aab-470b-98d9-b65820a3436e
2026-05-12T08:51:41.792Z [getAllProjects] Database and Model verified. Testing connection...
2026-05-12T08:51:41.793Z [getAllProjects] Connection Successful
2026-05-12T08:51:41.794Z [getAllProjects] Fetching all projects (no pagination)...
2026-05-12T08:51:41.801Z [getAllProjects] Found 8 projects. Computing progress...
2026-05-12T08:51:41.803Z [getAllProjects] Success. Returning response.
2026-05-12T08:56:41.842Z [getAllProjects] Start - User: a6f2643a-6e8f-4bf2-bd33-6e86e4236c71, Org: 17674cf9-9aab-470b-98d9-b65820a3436e
2026-05-12T08:56:41.844Z [getAllProjects] Database and Model verified. Testing connection...
2026-05-12T08:56:41.845Z [getAllProjects] Connection Successful
2026-05-12T08:56:41.846Z [getAllProjects] Fetching all projects (no pagination)...
2026-05-12T08:56:41.855Z [getAllProjects] Found 8 projects. Computing progress...
2026-05-12T08:56:41.857Z [getAllProjects] Success. Returning response.
2026-05-12T09:01:41.946Z [getAllProjects] Start - User: a6f2643a-6e8f-4bf2-bd33-6e86e4236c71, Org: 17674cf9-9aab-470b-98d9-b65820a3436e
2026-05-12T09:01:41.949Z [getAllProjects] Database and Model verified. Testing connection...
2026-05-12T09:01:41.951Z [getAllProjects] Connection Successful
2026-05-12T09:01:41.954Z [getAllProjects] Fetching all projects (no pagination)...
2026-05-12T09:01:42.049Z [getAllProjects] Found 8 projects. Computing progress...
2026-05-12T09:01:42.052Z [getAllProjects] Success. Returning response.
2026-05-12T09:06:45.201Z [getAllProjects] Start - User: a6f2643a-6e8f-4bf2-bd33-6e86e4236c71, Org: 17674cf9-9aab-470b-98d9-b65820a3436e
2026-05-12T09:06:45.202Z [getAllProjects] Database and Model verified. Testing connection...
2026-05-12T09:06:45.204Z [getAllProjects] Connection Successful
2026-05-12T09:06:45.205Z [getAllProjects] Fetching all projects (no pagination)...
2026-05-12T09:06:45.228Z [getAllProjects] Found 8 projects. Computing progress...
2026-05-12T09:06:45.230Z [getAllProjects] Success. Returning response.
2026-05-12T09:47:02.562Z [getAllProjects] Start - User: a6f2643a-6e8f-4bf2-bd33-6e86e4236c71, Org: 17674cf9-9aab-470b-98d9-b65820a3436e
2026-05-12T09:47:02.567Z [getAllProjects] Database and Model verified. Testing connection...
2026-05-12T09:47:02.569Z [getAllProjects] Connection Successful
2026-05-12T09:47:02.571Z [getAllProjects] Fetching all projects (no pagination)...
2026-05-12T09:47:02.618Z [getAllProjects] Found 8 projects. Computing progress...
2026-05-12T09:47:02.621Z [getAllProjects] Success. Returning response.
2026-05-12T09:47:02.648Z [getAllProjects] Start - User: a6f2643a-6e8f-4bf2-bd33-6e86e4236c71, Org: 17674cf9-9aab-470b-98d9-b65820a3436e
2026-05-12T09:47:02.650Z [getAllProjects] Database and Model verified. Testing connection...
2026-05-12T09:47:02.654Z [getAllProjects] Connection Successful
2026-05-12T09:47:02.655Z [getAllProjects] Fetching all projects (no pagination)...
2026-05-12T09:47:02.677Z [getAllProjects] Found 8 projects. Computing progress...
2026-05-12T09:47:02.679Z [getAllProjects] Success. Returning response.
2026-05-12T09:55:45.117Z [getAllProjects] Start - User: a6f2643a-6e8f-4bf2-bd33-6e86e4236c71, Org: 17674cf9-9aab-470b-98d9-b65820a3436e
2026-05-12T09:55:45.120Z [getAllProjects] Database and Model verified. Testing connection...
2026-05-12T09:55:45.123Z [getAllProjects] Connection Successful
2026-05-12T09:55:45.124Z [getAllProjects] Fetching all projects (no pagination)...
2026-05-12T09:55:45.161Z [getAllProjects] Found 8 projects. Computing progress...
2026-05-12T09:55:45.163Z [getAllProjects] Success. Returning response.
2026-05-12T09:55:45.202Z [getAllProjects] Start - User: a6f2643a-6e8f-4bf2-bd33-6e86e4236c71, Org: 17674cf9-9aab-470b-98d9-b65820a3436e
2026-05-12T09:55:45.203Z [getAllProjects] Database and Model verified. Testing connection...
2026-05-12T09:55:45.205Z [getAllProjects] Connection Successful
2026-05-12T09:55:45.209Z [getAllProjects] Fetching all projects (no pagination)...
2026-05-12T09:55:45.232Z [getAllProjects] Found 8 projects. Computing progress...
2026-05-12T09:55:45.233Z [getAllProjects] Success. Returning response.
2026-05-12T10:57:33.009Z [getAllProjects] Start - User: a6f2643a-6e8f-4bf2-bd33-6e86e4236c71, Org: 17674cf9-9aab-470b-98d9-b65820a3436e
2026-05-12T10:57:33.011Z [getAllProjects] Database and Model verified. Testing connection...
2026-05-12T10:57:33.013Z [getAllProjects] Connection Successful
2026-05-12T10:57:33.015Z [getAllProjects] Fetching all projects (no pagination)...
2026-05-12T10:57:33.043Z [getAllProjects] Found 8 projects. Computing progress...
2026-05-12T10:57:33.046Z [getAllProjects] Success. Returning response.
2026-05-12T11:02:32.746Z [getAllProjects] Start - User: a6f2643a-6e8f-4bf2-bd33-6e86e4236c71, Org: 17674cf9-9aab-470b-98d9-b65820a3436e
2026-05-12T11:02:32.747Z [getAllProjects] Database and Model verified. Testing connection...
2026-05-12T11:02:32.748Z [getAllProjects] Connection Successful
2026-05-12T11:02:32.750Z [getAllProjects] Fetching all projects (no pagination)...
2026-05-12T11:02:32.804Z [getAllProjects] Found 8 projects. Computing progress...
2026-05-12T11:02:32.805Z [getAllProjects] Success. Returning response.
2026-05-12T11:07:32.550Z [getAllProjects] Start - User: a6f2643a-6e8f-4bf2-bd33-6e86e4236c71, Org: 17674cf9-9aab-470b-98d9-b65820a3436e
2026-05-12T11:07:32.552Z [getAllProjects] Database and Model verified. Testing connection...
2026-05-12T11:07:32.554Z [getAllProjects] Connection Successful
2026-05-12T11:07:32.556Z [getAllProjects] Fetching all projects (no pagination)...
2026-05-12T11:07:32.568Z [getAllProjects] Found 8 projects. Computing progress...
2026-05-12T11:07:32.569Z [getAllProjects] Success. Returning response.
2026-05-12T11:12:32.610Z [getAllProjects] Start - User: a6f2643a-6e8f-4bf2-bd33-6e86e4236c71, Org: 17674cf9-9aab-470b-98d9-b65820a3436e
2026-05-12T11:12:32.611Z [getAllProjects] Database and Model verified. Testing connection...
2026-05-12T11:12:32.612Z [getAllProjects] Connection Successful
2026-05-12T11:12:32.612Z [getAllProjects] Fetching all projects (no pagination)...
2026-05-12T11:12:32.623Z [getAllProjects] Found 8 projects. Computing progress...
2026-05-12T11:12:32.625Z [getAllProjects] Success. Returning response.
2026-05-12T11:17:32.601Z [getAllProjects] Start - User: a6f2643a-6e8f-4bf2-bd33-6e86e4236c71, Org: 17674cf9-9aab-470b-98d9-b65820a3436e
2026-05-12T11:17:32.602Z [getAllProjects] Database and Model verified. Testing connection...
2026-05-12T11:17:32.603Z [getAllProjects] Connection Successful
2026-05-12T11:17:32.605Z [getAllProjects] Fetching all projects (no pagination)...
2026-05-12T11:17:32.764Z [getAllProjects] Found 8 projects. Computing progress...
2026-05-12T11:17:32.765Z [getAllProjects] Success. Returning response.
2026-05-12T11:22:32.617Z [getAllProjects] Start - User: a6f2643a-6e8f-4bf2-bd33-6e86e4236c71, Org: 17674cf9-9aab-470b-98d9-b65820a3436e
2026-05-12T11:22:32.618Z [getAllProjects] Database and Model verified. Testing connection...
2026-05-12T11:22:32.619Z [getAllProjects] Connection Successful
2026-05-12T11:22:32.619Z [getAllProjects] Fetching all projects (no pagination)...
2026-05-12T11:22:32.626Z [getAllProjects] Found 8 projects. Computing progress...
2026-05-12T11:22:32.627Z [getAllProjects] Success. Returning response.
2026-05-12T11:27:32.608Z [getAllProjects] Start - User: a6f2643a-6e8f-4bf2-bd33-6e86e4236c71, Org: 17674cf9-9aab-470b-98d9-b65820a3436e
2026-05-12T11:27:32.609Z [getAllProjects] Database and Model verified. Testing connection...
2026-05-12T11:27:32.610Z [getAllProjects] Connection Successful
2026-05-12T11:27:32.611Z [getAllProjects] Fetching all projects (no pagination)...
2026-05-12T11:27:32.622Z [getAllProjects] Found 8 projects. Computing progress...
2026-05-12T11:27:32.623Z [getAllProjects] Success. Returning response.
2026-05-12T11:32:33.743Z [getAllProjects] Start - User: a6f2643a-6e8f-4bf2-bd33-6e86e4236c71, Org: 17674cf9-9aab-470b-98d9-b65820a3436e
2026-05-12T11:32:33.744Z [getAllProjects] Database and Model verified. Testing connection...
2026-05-12T11:32:33.745Z [getAllProjects] Connection Successful
2026-05-12T11:32:33.746Z [getAllProjects] Fetching all projects (no pagination)...
2026-05-12T11:32:33.757Z [getAllProjects] Found 8 projects. Computing progress...
2026-05-12T11:32:33.758Z [getAllProjects] Success. Returning response.
2026-05-12T11:37:32.566Z [getAllProjects] Start - User: a6f2643a-6e8f-4bf2-bd33-6e86e4236c71, Org: 17674cf9-9aab-470b-98d9-b65820a3436e
2026-05-12T11:37:32.568Z [getAllProjects] Database and Model verified. Testing connection...
2026-05-12T11:37:32.569Z [getAllProjects] Connection Successful
2026-05-12T11:37:32.570Z [getAllProjects] Fetching all projects (no pagination)...
2026-05-12T11:37:32.578Z [getAllProjects] Found 8 projects. Computing progress...
2026-05-12T11:37:32.579Z [getAllProjects] Success. Returning response.
2026-05-12T11:42:32.673Z [getAllProjects] Start - User: a6f2643a-6e8f-4bf2-bd33-6e86e4236c71, Org: 17674cf9-9aab-470b-98d9-b65820a3436e
2026-05-12T11:42:32.675Z [getAllProjects] Database and Model verified. Testing connection...
2026-05-12T11:42:32.676Z [getAllProjects] Connection Successful
2026-05-12T11:42:32.677Z [getAllProjects] Fetching all projects (no pagination)...
2026-05-12T11:42:32.690Z [getAllProjects] Found 8 projects. Computing progress...
2026-05-12T11:42:32.692Z [getAllProjects] Success. Returning response.
2026-05-12T11:47:45.614Z [getAllProjects] Start - User: a6f2643a-6e8f-4bf2-bd33-6e86e4236c71, Org: 17674cf9-9aab-470b-98d9-b65820a3436e
2026-05-12T11:47:45.615Z [getAllProjects] Database and Model verified. Testing connection...
2026-05-12T11:47:45.616Z [getAllProjects] Connection Successful
2026-05-12T11:47:45.617Z [getAllProjects] Fetching all projects (no pagination)...
2026-05-12T11:47:45.628Z [getAllProjects] Found 8 projects. Computing progress...
2026-05-12T11:47:45.629Z [getAllProjects] Success. Returning response.
2026-05-12T11:52:45.552Z [getAllProjects] Start - User: a6f2643a-6e8f-4bf2-bd33-6e86e4236c71, Org: 17674cf9-9aab-470b-98d9-b65820a3436e
2026-05-12T11:52:45.554Z [getAllProjects] Database and Model verified. Testing connection...
2026-05-12T11:52:45.555Z [getAllProjects] Connection Successful
2026-05-12T11:52:45.556Z [getAllProjects] Fetching all projects (no pagination)...
2026-05-12T11:52:45.568Z [getAllProjects] Found 8 projects. Computing progress...
2026-05-12T11:52:45.570Z [getAllProjects] Success. Returning response.
2026-05-12T11:54:32.940Z [getAllProjects] Start - User: a6f2643a-6e8f-4bf2-bd33-6e86e4236c71, Org: 17674cf9-9aab-470b-98d9-b65820a3436e
2026-05-12T11:54:32.941Z [getAllProjects] Database and Model verified. Testing connection...
2026-05-12T11:54:32.942Z [getAllProjects] Connection Successful
2026-05-12T11:54:32.945Z [getAllProjects] Fetching paginated projects (page: 1, limit: 10)...
2026-05-12T11:54:33.011Z [getAllProjects] Found 8 projects (Total: 8). Computing progress...
2026-05-12T11:54:33.013Z [getAllProjects] Success. Returning paginated response.
2026-05-12T11:54:47.221Z [getAllProjects] Start - User: a6f2643a-6e8f-4bf2-bd33-6e86e4236c71, Org: 17674cf9-9aab-470b-98d9-b65820a3436e
2026-05-12T11:54:47.224Z [getAllProjects] Database and Model verified. Testing connection...
2026-05-12T11:54:47.227Z [getAllProjects] Connection Successful
2026-05-12T11:54:47.229Z [getAllProjects] Fetching all projects (no pagination)...
2026-05-12T11:54:47.240Z [getAllProjects] Found 8 projects. Computing progress...
2026-05-12T11:54:47.242Z [getAllProjects] Success. Returning response.
2026-05-12T11:54:49.341Z [getAllProjects] Start - User: a6f2643a-6e8f-4bf2-bd33-6e86e4236c71, Org: 17674cf9-9aab-470b-98d9-b65820a3436e
2026-05-12T11:54:49.342Z [getAllProjects] Database and Model verified. Testing connection...
2026-05-12T11:54:49.344Z [getAllProjects] Connection Successful
2026-05-12T11:54:49.347Z [getAllProjects] Fetching all projects (no pagination)...
2026-05-12T11:54:49.365Z [getAllProjects] Found 8 projects. Computing progress...
2026-05-12T11:54:49.367Z [getAllProjects] Success. Returning response.
2026-05-12T13:33:41.599Z [getAllProjects] Start - User: a6f2643a-6e8f-4bf2-bd33-6e86e4236c71, Org: 17674cf9-9aab-470b-98d9-b65820a3436e
2026-05-12T13:33:41.602Z [getAllProjects] Database and Model verified. Testing connection...
2026-05-12T13:33:41.604Z [getAllProjects] Connection Successful
2026-05-12T13:33:41.605Z [getAllProjects] Fetching paginated projects (page: 1, limit: 10)...
2026-05-12T13:33:41.674Z [getAllProjects] Found 8 projects (Total: 8). Computing progress...
2026-05-12T13:33:41.675Z [getAllProjects] Success. Returning paginated response.
2026-05-13T05:25:07.763Z [getAllProjects] Start - User: a6f2643a-6e8f-4bf2-bd33-6e86e4236c71, Org: 17674cf9-9aab-470b-98d9-b65820a3436e
2026-05-13T05:25:07.768Z [getAllProjects] Database and Model verified. Testing connection...
2026-05-13T05:25:07.770Z [getAllProjects] Connection Successful
2026-05-13T05:25:07.771Z [getAllProjects] Fetching all projects (no pagination)...
2026-05-13T05:25:07.825Z [getAllProjects] Found 8 projects. Computing progress...
2026-05-13T05:25:07.831Z [getAllProjects] Success. Returning response.
2026-05-13T05:25:07.975Z [getAllProjects] Start - User: a6f2643a-6e8f-4bf2-bd33-6e86e4236c71, Org: 17674cf9-9aab-470b-98d9-b65820a3436e
2026-05-13T05:25:07.987Z [getAllProjects] Database and Model verified. Testing connection...
2026-05-13T05:25:07.994Z [getAllProjects] Connection Successful
2026-05-13T05:25:08.007Z [getAllProjects] Fetching all projects (no pagination)...
2026-05-13T05:25:08.039Z [getAllProjects] Found 8 projects. Computing progress...
2026-05-13T05:25:08.041Z [getAllProjects] Success. Returning response.
2026-05-13T05:25:08.078Z [getAllProjects] Start - User: a6f2643a-6e8f-4bf2-bd33-6e86e4236c71, Org: 17674cf9-9aab-470b-98d9-b65820a3436e
2026-05-13T05:25:08.082Z [getAllProjects] Database and Model verified. Testing connection...
2026-05-13T05:25:08.089Z [getAllProjects] Connection Successful
2026-05-13T05:25:08.092Z [getAllProjects] Fetching all projects (no pagination)...
2026-05-13T05:25:08.107Z [getAllProjects] Found 8 projects. Computing progress...
2026-05-13T05:25:08.112Z [getAllProjects] Success. Returning response.
2026-05-13T05:25:11.324Z [getAllProjects] Start - User: a6f2643a-6e8f-4bf2-bd33-6e86e4236c71, Org: 17674cf9-9aab-470b-98d9-b65820a3436e
2026-05-13T05:25:11.326Z [getAllProjects] Database and Model verified. Testing connection...
2026-05-13T05:25:11.328Z [getAllProjects] Connection Successful
2026-05-13T05:25:11.329Z [getAllProjects] Fetching all projects (no pagination)...
2026-05-13T05:25:11.355Z [getAllProjects] Found 8 projects. Computing progress...
2026-05-13T05:25:11.357Z [getAllProjects] Success. Returning response.
2026-05-13T05:31:31.794Z [getAllProjects] Start - User: a6f2643a-6e8f-4bf2-bd33-6e86e4236c71, Org: 17674cf9-9aab-470b-98d9-b65820a3436e
2026-05-13T05:31:31.798Z [getAllProjects] Database and Model verified. Testing connection...
2026-05-13T05:31:31.802Z [getAllProjects] Connection Successful
2026-05-13T05:31:31.807Z [getAllProjects] Fetching all projects (no pagination)...
2026-05-13T05:31:31.847Z [getAllProjects] Found 8 projects. Computing progress...
2026-05-13T05:31:31.851Z [getAllProjects] Success. Returning response.
2026-05-13T05:31:31.882Z [getAllProjects] Start - User: a6f2643a-6e8f-4bf2-bd33-6e86e4236c71, Org: 17674cf9-9aab-470b-98d9-b65820a3436e
2026-05-13T05:31:31.885Z [getAllProjects] Database and Model verified. Testing connection...
2026-05-13T05:31:31.887Z [getAllProjects] Connection Successful
2026-05-13T05:31:31.888Z [getAllProjects] Fetching all projects (no pagination)...
2026-05-13T05:31:31.917Z [getAllProjects] Found 8 projects. Computing progress...
2026-05-13T05:31:31.919Z [getAllProjects] Success. Returning response.
2026-05-13T05:32:17.111Z [getAllProjects] Start - User: a6f2643a-6e8f-4bf2-bd33-6e86e4236c71, Org: 17674cf9-9aab-470b-98d9-b65820a3436e
2026-05-13T05:32:17.113Z [getAllProjects] Database and Model verified. Testing connection...
2026-05-13T05:32:17.115Z [getAllProjects] Connection Successful
2026-05-13T05:32:17.116Z [getAllProjects] Fetching all projects (no pagination)...
2026-05-13T05:32:17.133Z [getAllProjects] Found 8 projects. Computing progress...
2026-05-13T05:32:17.135Z [getAllProjects] Success. Returning response.
2026-05-13T06:23:23.737Z [getAllProjects] Start - User: a6f2643a-6e8f-4bf2-bd33-6e86e4236c71, Org: 17674cf9-9aab-470b-98d9-b65820a3436e
2026-05-13T06:23:23.745Z [getAllProjects] Database and Model verified. Testing connection...
2026-05-13T06:23:23.748Z [getAllProjects] Connection Successful
2026-05-13T06:23:23.750Z [getAllProjects] Fetching all projects (no pagination)...
2026-05-13T06:23:23.785Z [getAllProjects] Found 8 projects. Computing progress...
2026-05-13T06:23:23.787Z [getAllProjects] Success. Returning response.
2026-05-13T06:26:02.032Z [getAllProjects] Start - User: a6f2643a-6e8f-4bf2-bd33-6e86e4236c71, Org: 17674cf9-9aab-470b-98d9-b65820a3436e
2026-05-13T06:26:02.033Z [getAllProjects] Database and Model verified. Testing connection...
2026-05-13T06:26:02.034Z [getAllProjects] Connection Successful
2026-05-13T06:26:02.036Z [getAllProjects] Fetching all projects (no pagination)...
2026-05-13T06:26:02.044Z [getAllProjects] Found 8 projects. Computing progress...
2026-05-13T06:26:02.045Z [getAllProjects] Success. Returning response.
2026-05-13T06:28:52.629Z [getAllProjects] Start - User: a6f2643a-6e8f-4bf2-bd33-6e86e4236c71, Org: 17674cf9-9aab-470b-98d9-b65820a3436e
2026-05-13T06:28:52.634Z [getAllProjects] Database and Model verified. Testing connection...
2026-05-13T06:28:52.636Z [getAllProjects] Connection Successful
2026-05-13T06:28:52.639Z [getAllProjects] Fetching all projects (no pagination)...
2026-05-13T06:28:52.659Z [getAllProjects] Found 8 projects. Computing progress...
2026-05-13T06:28:52.666Z [getAllProjects] Success. Returning response.
2026-05-13T06:28:52.698Z [getAllProjects] Start - User: a6f2643a-6e8f-4bf2-bd33-6e86e4236c71, Org: 17674cf9-9aab-470b-98d9-b65820a3436e
2026-05-13T06:28:52.700Z [getAllProjects] Database and Model verified. Testing connection...
2026-05-13T06:28:52.701Z [getAllProjects] Connection Successful
2026-05-13T06:28:52.703Z [getAllProjects] Fetching all projects (no pagination)...
2026-05-13T06:28:52.719Z [getAllProjects] Found 8 projects. Computing progress...
2026-05-13T06:28:52.722Z [getAllProjects] Success. Returning response.
2026-05-13T06:38:34.254Z [getAllProjects] Start - User: a6f2643a-6e8f-4bf2-bd33-6e86e4236c71, Org: 17674cf9-9aab-470b-98d9-b65820a3436e
2026-05-13T06:38:34.257Z [getAllProjects] Database and Model verified. Testing connection...
2026-05-13T06:38:34.258Z [getAllProjects] Connection Successful
2026-05-13T06:38:34.259Z [getAllProjects] Fetching all projects (no pagination)...
2026-05-13T06:38:34.273Z [getAllProjects] Found 8 projects. Computing progress...
2026-05-13T06:38:34.275Z [getAllProjects] Success. Returning response.
2026-05-13T06:38:34.293Z [getAllProjects] Start - User: a6f2643a-6e8f-4bf2-bd33-6e86e4236c71, Org: 17674cf9-9aab-470b-98d9-b65820a3436e
2026-05-13T06:38:34.294Z [getAllProjects] Database and Model verified. Testing connection...
2026-05-13T06:38:34.295Z [getAllProjects] Connection Successful
2026-05-13T06:38:34.296Z [getAllProjects] Fetching all projects (no pagination)...
2026-05-13T06:38:34.304Z [getAllProjects] Found 8 projects. Computing progress...
2026-05-13T06:38:34.306Z [getAllProjects] Success. Returning response.
2026-05-13T06:39:12.413Z [getAllProjects] Start - User: a6f2643a-6e8f-4bf2-bd33-6e86e4236c71, Org: 17674cf9-9aab-470b-98d9-b65820a3436e
2026-05-13T06:39:12.415Z [getAllProjects] Database and Model verified. Testing connection...
2026-05-13T06:39:12.416Z [getAllProjects] Connection Successful
2026-05-13T06:39:12.417Z [getAllProjects] Fetching all projects (no pagination)...
2026-05-13T06:39:12.433Z [getAllProjects] Found 8 projects. Computing progress...
2026-05-13T06:39:12.435Z [getAllProjects] Success. Returning response.
2026-05-13T06:39:16.759Z [getAllProjects] Start - User: a6f2643a-6e8f-4bf2-bd33-6e86e4236c71, Org: 17674cf9-9aab-470b-98d9-b65820a3436e
2026-05-13T06:39:16.761Z [getAllProjects] Database and Model verified. Testing connection...
2026-05-13T06:39:16.762Z [getAllProjects] Connection Successful
2026-05-13T06:39:16.763Z [getAllProjects] Fetching all projects (no pagination)...
2026-05-13T06:39:16.778Z [getAllProjects] Found 8 projects. Computing progress...
2026-05-13T06:39:16.780Z [getAllProjects] Success. Returning response.
2026-05-13T06:39:56.277Z [getAllProjects] Start - User: a6f2643a-6e8f-4bf2-bd33-6e86e4236c71, Org: 17674cf9-9aab-470b-98d9-b65820a3436e
2026-05-13T06:39:56.280Z [getAllProjects] Database and Model verified. Testing connection...
2026-05-13T06:39:56.281Z [getAllProjects] Connection Successful
2026-05-13T06:39:56.282Z [getAllProjects] Fetching all projects (no pagination)...
2026-05-13T06:39:56.293Z [getAllProjects] Found 8 projects. Computing progress...
2026-05-13T06:39:56.295Z [getAllProjects] Success. Returning response.
2026-05-13T06:43:12.832Z [getAllProjects] Start - User: a6f2643a-6e8f-4bf2-bd33-6e86e4236c71, Org: 17674cf9-9aab-470b-98d9-b65820a3436e
2026-05-13T06:43:12.834Z [getAllProjects] Database and Model verified. Testing connection...
2026-05-13T06:43:12.836Z [getAllProjects] Connection Successful
2026-05-13T06:43:12.837Z [getAllProjects] Fetching all projects (no pagination)...
2026-05-13T06:43:12.864Z [getAllProjects] Found 8 projects. Computing progress...
2026-05-13T06:43:12.868Z [getAllProjects] Success. Returning response.
2026-05-13T06:43:12.899Z [getAllProjects] Start - User: a6f2643a-6e8f-4bf2-bd33-6e86e4236c71, Org: 17674cf9-9aab-470b-98d9-b65820a3436e
2026-05-13T06:43:12.901Z [getAllProjects] Database and Model verified. Testing connection...
2026-05-13T06:43:12.902Z [getAllProjects] Connection Successful
2026-05-13T06:43:12.903Z [getAllProjects] Fetching all projects (no pagination)...
2026-05-13T06:43:12.912Z [getAllProjects] Found 8 projects. Computing progress...
2026-05-13T06:43:12.914Z [getAllProjects] Success. Returning response.
2026-05-13T06:51:10.180Z [getAllProjects] Start - User: a6f2643a-6e8f-4bf2-bd33-6e86e4236c71, Org: 17674cf9-9aab-470b-98d9-b65820a3436e
2026-05-13T06:51:10.182Z [getAllProjects] Database and Model verified. Testing connection...
2026-05-13T06:51:10.183Z [getAllProjects] Connection Successful
2026-05-13T06:51:10.184Z [getAllProjects] Fetching all projects (no pagination)...
2026-05-13T06:51:10.220Z [getAllProjects] Found 8 projects. Computing progress...
2026-05-13T06:51:10.223Z [getAllProjects] Success. Returning response.
2026-05-13T06:51:10.248Z [getAllProjects] Start - User: a6f2643a-6e8f-4bf2-bd33-6e86e4236c71, Org: 17674cf9-9aab-470b-98d9-b65820a3436e
2026-05-13T06:51:10.249Z [getAllProjects] Database and Model verified. Testing connection...
2026-05-13T06:51:10.251Z [getAllProjects] Connection Successful
2026-05-13T06:51:10.252Z [getAllProjects] Fetching all projects (no pagination)...
2026-05-13T06:51:10.264Z [getAllProjects] Found 8 projects. Computing progress...
2026-05-13T06:51:10.266Z [getAllProjects] Success. Returning response.
2026-05-13T06:59:30.906Z [getAllProjects] Start - User: a6f2643a-6e8f-4bf2-bd33-6e86e4236c71, Org: 17674cf9-9aab-470b-98d9-b65820a3436e
2026-05-13T06:59:30.909Z [getAllProjects] Database and Model verified. Testing connection...
2026-05-13T06:59:30.911Z [getAllProjects] Connection Successful
2026-05-13T06:59:30.913Z [getAllProjects] Fetching all projects (no pagination)...
2026-05-13T06:59:30.944Z [getAllProjects] Found 8 projects. Computing progress...
2026-05-13T06:59:30.949Z [getAllProjects] Success. Returning response.
2026-05-13T06:59:30.980Z [getAllProjects] Start - User: a6f2643a-6e8f-4bf2-bd33-6e86e4236c71, Org: 17674cf9-9aab-470b-98d9-b65820a3436e
2026-05-13T06:59:30.982Z [getAllProjects] Database and Model verified. Testing connection...
2026-05-13T06:59:30.983Z [getAllProjects] Connection Successful
2026-05-13T06:59:30.983Z [getAllProjects] Fetching all projects (no pagination)...
2026-05-13T06:59:30.998Z [getAllProjects] Found 8 projects. Computing progress...
2026-05-13T06:59:31.000Z [getAllProjects] Success. Returning response.
2026-05-13T07:01:39.646Z [getAllProjects] Start - User: a6f2643a-6e8f-4bf2-bd33-6e86e4236c71, Org: 17674cf9-9aab-470b-98d9-b65820a3436e
2026-05-13T07:01:39.648Z [getAllProjects] Database and Model verified. Testing connection...
2026-05-13T07:01:39.649Z [getAllProjects] Connection Successful
2026-05-13T07:01:39.650Z [getAllProjects] Fetching all projects (no pagination)...
2026-05-13T07:01:39.662Z [getAllProjects] Found 8 projects. Computing progress...
2026-05-13T07:01:39.664Z [getAllProjects] Success. Returning response.
2026-05-13T07:04:05.718Z [getAllProjects] Start - User: a6f2643a-6e8f-4bf2-bd33-6e86e4236c71, Org: 17674cf9-9aab-470b-98d9-b65820a3436e
2026-05-13T07:04:05.721Z [getAllProjects] Database and Model verified. Testing connection...
2026-05-13T07:04:05.722Z [getAllProjects] Connection Successful
2026-05-13T07:04:05.724Z [getAllProjects] Fetching all projects (no pagination)...
2026-05-13T07:04:05.752Z [getAllProjects] Found 8 projects. Computing progress...
2026-05-13T07:04:05.755Z [getAllProjects] Success. Returning response.
2026-05-13T07:04:05.819Z [getAllProjects] Start - User: a6f2643a-6e8f-4bf2-bd33-6e86e4236c71, Org: 17674cf9-9aab-470b-98d9-b65820a3436e
2026-05-13T07:04:05.831Z [getAllProjects] Database and Model verified. Testing connection...
2026-05-13T07:04:05.836Z [getAllProjects] Connection Successful
2026-05-13T07:04:05.839Z [getAllProjects] Fetching all projects (no pagination)...
2026-05-13T07:04:05.874Z [getAllProjects] Found 8 projects. Computing progress...
2026-05-13T07:04:05.876Z [getAllProjects] Success. Returning response.
2026-05-13T07:05:10.946Z [getAllProjects] Start - User: a6f2643a-6e8f-4bf2-bd33-6e86e4236c71, Org: 17674cf9-9aab-470b-98d9-b65820a3436e
2026-05-13T07:05:10.948Z [getAllProjects] Database and Model verified. Testing connection...
2026-05-13T07:05:10.949Z [getAllProjects] Connection Successful
2026-05-13T07:05:10.950Z [getAllProjects] Fetching all projects (no pagination)...
2026-05-13T07:05:10.962Z [getAllProjects] Found 8 projects. Computing progress...
2026-05-13T07:05:10.963Z [getAllProjects] Success. Returning response.
2026-05-13T07:05:46.246Z [getAllProjects] Start - User: a6f2643a-6e8f-4bf2-bd33-6e86e4236c71, Org: 17674cf9-9aab-470b-98d9-b65820a3436e
2026-05-13T07:05:46.248Z [getAllProjects] Database and Model verified. Testing connection...
2026-05-13T07:05:46.249Z [getAllProjects] Connection Successful
2026-05-13T07:05:46.250Z [getAllProjects] Fetching all projects (no pagination)...
2026-05-13T07:05:46.267Z [getAllProjects] Found 8 projects. Computing progress...
2026-05-13T07:05:46.268Z [getAllProjects] Success. Returning response.
2026-05-13T07:05:46.302Z [getAllProjects] Start - User: a6f2643a-6e8f-4bf2-bd33-6e86e4236c71, Org: 17674cf9-9aab-470b-98d9-b65820a3436e
2026-05-13T07:05:46.303Z [getAllProjects] Database and Model verified. Testing connection...
2026-05-13T07:05:46.304Z [getAllProjects] Connection Successful
2026-05-13T07:05:46.304Z [getAllProjects] Fetching all projects (no pagination)...
2026-05-13T07:05:46.315Z [getAllProjects] Found 8 projects. Computing progress...
2026-05-13T07:05:46.317Z [getAllProjects] Success. Returning response.
2026-05-13T07:15:15.577Z [getAllProjects] Start - User: a6f2643a-6e8f-4bf2-bd33-6e86e4236c71, Org: 17674cf9-9aab-470b-98d9-b65820a3436e
2026-05-13T07:15:15.580Z [getAllProjects] Database and Model verified. Testing connection...
2026-05-13T07:15:15.581Z [getAllProjects] Connection Successful
2026-05-13T07:15:15.583Z [getAllProjects] Fetching all projects (no pagination)...
2026-05-13T07:15:15.595Z [getAllProjects] Found 8 projects. Computing progress...
2026-05-13T07:15:15.597Z [getAllProjects] Success. Returning response.
2026-05-13T07:17:15.612Z [getAllProjects] Start - User: a6f2643a-6e8f-4bf2-bd33-6e86e4236c71, Org: 17674cf9-9aab-470b-98d9-b65820a3436e
2026-05-13T07:17:15.614Z [getAllProjects] Database and Model verified. Testing connection...
2026-05-13T07:17:15.615Z [getAllProjects] Connection Successful
2026-05-13T07:17:15.616Z [getAllProjects] Fetching all projects (no pagination)...
2026-05-13T07:17:15.698Z [getAllProjects] Found 8 projects. Computing progress...
2026-05-13T07:17:15.699Z [getAllProjects] Success. Returning response.
2026-05-13T07:17:52.970Z [getAllProjects] Start - User: a6f2643a-6e8f-4bf2-bd33-6e86e4236c71, Org: 17674cf9-9aab-470b-98d9-b65820a3436e
2026-05-13T07:17:52.972Z [getAllProjects] Database and Model verified. Testing connection...
2026-05-13T07:17:52.974Z [getAllProjects] Connection Successful
2026-05-13T07:17:52.979Z [getAllProjects] Fetching all projects (no pagination)...
2026-05-13T07:17:53.002Z [getAllProjects] Found 8 projects. Computing progress...
2026-05-13T07:17:53.003Z [getAllProjects] Success. Returning response.
2026-05-13T07:41:58.266Z [getAllProjects] Start - User: a6f2643a-6e8f-4bf2-bd33-6e86e4236c71, Org: 17674cf9-9aab-470b-98d9-b65820a3436e
2026-05-13T07:41:58.270Z [getAllProjects] Database and Model verified. Testing connection...
2026-05-13T07:41:58.271Z [getAllProjects] Connection Successful
2026-05-13T07:41:58.272Z [getAllProjects] Fetching all projects (no pagination)...
2026-05-13T07:41:58.291Z [getAllProjects] Found 8 projects. Computing progress...
2026-05-13T07:41:58.292Z [getAllProjects] Success. Returning response.
2026-05-13T07:42:00.775Z [getAllProjects] Start - User: a6f2643a-6e8f-4bf2-bd33-6e86e4236c71, Org: 17674cf9-9aab-470b-98d9-b65820a3436e
2026-05-13T07:42:00.776Z [getAllProjects] Database and Model verified. Testing connection...
2026-05-13T07:42:00.777Z [getAllProjects] Connection Successful
2026-05-13T07:42:00.778Z [getAllProjects] Fetching all projects (no pagination)...
2026-05-13T07:42:00.793Z [getAllProjects] Found 8 projects. Computing progress...
2026-05-13T07:42:00.794Z [getAllProjects] Success. Returning response.
2026-05-13T07:45:51.099Z [getAllProjects] Start - User: a6f2643a-6e8f-4bf2-bd33-6e86e4236c71, Org: 17674cf9-9aab-470b-98d9-b65820a3436e
2026-05-13T07:45:51.101Z [getAllProjects] Database and Model verified. Testing connection...
2026-05-13T07:45:51.102Z [getAllProjects] Connection Successful
2026-05-13T07:45:51.103Z [getAllProjects] Fetching paginated projects (page: 1, limit: 10)...
2026-05-13T07:45:51.110Z [getAllProjects] Found 8 projects (Total: 8). Computing progress...
2026-05-13T07:45:51.111Z [getAllProjects] Success. Returning paginated response.
2026-05-13T07:47:05.721Z [getAllProjects] Start - User: a6f2643a-6e8f-4bf2-bd33-6e86e4236c71, Org: 17674cf9-9aab-470b-98d9-b65820a3436e
2026-05-13T07:47:05.738Z [getAllProjects] Database and Model verified. Testing connection...
2026-05-13T07:47:05.746Z [getAllProjects] Connection Successful
2026-05-13T07:47:05.757Z [getAllProjects] Fetching paginated projects (page: 1, limit: 10)...
2026-05-13T07:47:05.780Z [getAllProjects] Found 8 projects (Total: 8). Computing progress...
2026-05-13T07:47:05.781Z [getAllProjects] Success. Returning paginated response.
2026-05-13T08:05:45.585Z [getAllProjects] Start - User: a6f2643a-6e8f-4bf2-bd33-6e86e4236c71, Org: 17674cf9-9aab-470b-98d9-b65820a3436e
2026-05-13T08:05:45.587Z [getAllProjects] Database and Model verified. Testing connection...
2026-05-13T08:05:45.589Z [getAllProjects] Connection Successful
2026-05-13T08:05:45.590Z [getAllProjects] Fetching all projects (no pagination)...
2026-05-13T08:05:45.605Z [getAllProjects] Found 8 projects. Computing progress...
2026-05-13T08:05:45.607Z [getAllProjects] Success. Returning response.
2026-05-13T10:20:01.028Z [getAllProjects] Start - User: a6f2643a-6e8f-4bf2-bd33-6e86e4236c71, Org: 17674cf9-9aab-470b-98d9-b65820a3436e
2026-05-13T10:20:01.040Z [getAllProjects] Database and Model verified. Testing connection...
2026-05-13T10:20:01.050Z [getAllProjects] Connection Successful
2026-05-13T10:20:01.056Z [getAllProjects] Fetching all projects (no pagination)...
2026-05-13T10:20:01.084Z [getAllProjects] Found 8 projects. Computing progress...
2026-05-13T10:20:01.086Z [getAllProjects] Success. Returning response.
2026-05-13T10:20:01.112Z [getAllProjects] Start - User: a6f2643a-6e8f-4bf2-bd33-6e86e4236c71, Org: 17674cf9-9aab-470b-98d9-b65820a3436e
2026-05-13T10:20:01.114Z [getAllProjects] Database and Model verified. Testing connection...
2026-05-13T10:20:01.115Z [getAllProjects] Connection Successful
2026-05-13T10:20:01.116Z [getAllProjects] Fetching all projects (no pagination)...
2026-05-13T10:20:01.133Z [getAllProjects] Found 8 projects. Computing progress...
2026-05-13T10:20:01.134Z [getAllProjects] Success. Returning response.
2026-05-13T10:20:59.212Z [getAllProjects] Start - User: a6f2643a-6e8f-4bf2-bd33-6e86e4236c71, Org: 17674cf9-9aab-470b-98d9-b65820a3436e
2026-05-13T10:20:59.213Z [getAllProjects] Database and Model verified. Testing connection...
2026-05-13T10:20:59.215Z [getAllProjects] Connection Successful
2026-05-13T10:20:59.216Z [getAllProjects] Fetching all projects (no pagination)...
2026-05-13T10:20:59.229Z [getAllProjects] Found 8 projects. Computing progress...
2026-05-13T10:20:59.231Z [getAllProjects] Success. Returning response.
2026-05-13T10:21:30.901Z [getAllProjects] Start - User: a6f2643a-6e8f-4bf2-bd33-6e86e4236c71, Org: 17674cf9-9aab-470b-98d9-b65820a3436e
2026-05-13T10:21:30.903Z [getAllProjects] Database and Model verified. Testing connection...
2026-05-13T10:21:30.904Z [getAllProjects] Connection Successful
2026-05-13T10:21:30.905Z [getAllProjects] Fetching all projects (no pagination)...
2026-05-13T10:21:30.920Z [getAllProjects] Found 8 projects. Computing progress...
2026-05-13T10:21:30.921Z [getAllProjects] Success. Returning response.
2026-05-13T10:21:40.110Z [getAllProjects] Start - User: a6f2643a-6e8f-4bf2-bd33-6e86e4236c71, Org: 17674cf9-9aab-470b-98d9-b65820a3436e
2026-05-13T10:21:40.113Z [getAllProjects] Database and Model verified. Testing connection...
2026-05-13T10:21:40.115Z [getAllProjects] Connection Successful
2026-05-13T10:21:40.117Z [getAllProjects] Fetching all projects (no pagination)...
2026-05-13T10:21:40.132Z [getAllProjects] Found 8 projects. Computing progress...
2026-05-13T10:21:40.133Z [getAllProjects] Success. Returning response.
2026-05-13T10:22:03.124Z [getAllProjects] Start - User: a6f2643a-6e8f-4bf2-bd33-6e86e4236c71, Org: 17674cf9-9aab-470b-98d9-b65820a3436e
2026-05-13T10:22:03.126Z [getAllProjects] Database and Model verified. Testing connection...
2026-05-13T10:22:03.128Z [getAllProjects] Connection Successful
2026-05-13T10:22:03.129Z [getAllProjects] Fetching all projects (no pagination)...
2026-05-13T10:22:03.136Z [getAllProjects] Found 8 projects. Computing progress...
2026-05-13T10:22:03.137Z [getAllProjects] Success. Returning response.
2026-05-13T10:22:13.097Z [getAllProjects] Start - User: 454265a3-1777-413b-a49f-8735ef6ffa2a, Org: 17674cf9-9aab-470b-98d9-b65820a3436e
2026-05-13T10:22:13.099Z [getAllProjects] Database and Model verified. Testing connection...
2026-05-13T10:22:13.101Z [getAllProjects] Connection Successful
2026-05-13T10:22:13.104Z [getAllProjects] Fetching all projects (no pagination)...
2026-05-13T10:22:13.128Z [getAllProjects] Found 6 projects. Computing progress...
2026-05-13T10:22:13.130Z [getAllProjects] Success. Returning response.
2026-05-13T10:22:13.162Z [getAllProjects] Start - User: 454265a3-1777-413b-a49f-8735ef6ffa2a, Org: 17674cf9-9aab-470b-98d9-b65820a3436e
2026-05-13T10:22:13.164Z [getAllProjects] Database and Model verified. Testing connection...
2026-05-13T10:22:13.166Z [getAllProjects] Connection Successful
2026-05-13T10:22:13.168Z [getAllProjects] Fetching all projects (no pagination)...
2026-05-13T10:22:13.180Z [getAllProjects] Found 6 projects. Computing progress...
2026-05-13T10:22:13.182Z [getAllProjects] Success. Returning response.
2026-05-13T10:22:35.650Z [getAllProjects] Start - User: 454265a3-1777-413b-a49f-8735ef6ffa2a, Org: 17674cf9-9aab-470b-98d9-b65820a3436e
2026-05-13T10:22:35.652Z [getAllProjects] Database and Model verified. Testing connection...
2026-05-13T10:22:35.654Z [getAllProjects] Connection Successful
2026-05-13T10:22:35.656Z [getAllProjects] Fetching all projects (no pagination)...
2026-05-13T10:22:35.674Z [getAllProjects] Found 6 projects. Computing progress...
2026-05-13T10:22:35.676Z [getAllProjects] Success. Returning response.
2026-05-13T10:22:45.026Z [getAllProjects] Start - User: a6f2643a-6e8f-4bf2-bd33-6e86e4236c71, Org: 17674cf9-9aab-470b-98d9-b65820a3436e
2026-05-13T10:22:45.027Z [getAllProjects] Database and Model verified. Testing connection...
2026-05-13T10:22:45.028Z [getAllProjects] Connection Successful
2026-05-13T10:22:45.030Z [getAllProjects] Fetching all projects (no pagination)...
2026-05-13T10:22:45.044Z [getAllProjects] Found 8 projects. Computing progress...
2026-05-13T10:22:45.046Z [getAllProjects] Success. Returning response.
2026-05-13T10:22:45.074Z [getAllProjects] Start - User: a6f2643a-6e8f-4bf2-bd33-6e86e4236c71, Org: 17674cf9-9aab-470b-98d9-b65820a3436e
2026-05-13T10:22:45.077Z [getAllProjects] Database and Model verified. Testing connection...
2026-05-13T10:22:45.079Z [getAllProjects] Connection Successful
2026-05-13T10:22:45.081Z [getAllProjects] Fetching all projects (no pagination)...
2026-05-13T10:22:45.091Z [getAllProjects] Found 8 projects. Computing progress...
2026-05-13T10:22:45.093Z [getAllProjects] Success. Returning response.
2026-05-13T10:22:57.152Z [getAllProjects] Start - User: a6f2643a-6e8f-4bf2-bd33-6e86e4236c71, Org: 17674cf9-9aab-470b-98d9-b65820a3436e
2026-05-13T10:22:57.153Z [getAllProjects] Database and Model verified. Testing connection...
2026-05-13T10:22:57.155Z [getAllProjects] Connection Successful
2026-05-13T10:22:57.156Z [getAllProjects] Fetching all projects (no pagination)...
2026-05-13T10:22:57.165Z [getAllProjects] Found 8 projects. Computing progress...
2026-05-13T10:22:57.166Z [getAllProjects] Success. Returning response.
2026-05-13T10:23:09.853Z [getAllProjects] Start - User: a6f2643a-6e8f-4bf2-bd33-6e86e4236c71, Org: 17674cf9-9aab-470b-98d9-b65820a3436e
2026-05-13T10:23:09.855Z [getAllProjects] Database and Model verified. Testing connection...
2026-05-13T10:23:09.856Z [getAllProjects] Connection Successful
2026-05-13T10:23:09.858Z [getAllProjects] Fetching all projects (no pagination)...
2026-05-13T10:23:09.877Z [getAllProjects] Found 8 projects. Computing progress...
2026-05-13T10:23:09.878Z [getAllProjects] Success. Returning response.
2026-05-13T10:23:25.305Z [getAllProjects] Start - User: a6f2643a-6e8f-4bf2-bd33-6e86e4236c71, Org: 17674cf9-9aab-470b-98d9-b65820a3436e
2026-05-13T10:23:25.307Z [getAllProjects] Database and Model verified. Testing connection...
2026-05-13T10:23:25.309Z [getAllProjects] Connection Successful
2026-05-13T10:23:25.313Z [getAllProjects] Fetching all projects (no pagination)...
2026-05-13T10:23:25.335Z [getAllProjects] Found 8 projects. Computing progress...
2026-05-13T10:23:25.336Z [getAllProjects] Success. Returning response.
2026-05-13T10:23:25.359Z [getAllProjects] Start - User: a6f2643a-6e8f-4bf2-bd33-6e86e4236c71, Org: 17674cf9-9aab-470b-98d9-b65820a3436e
2026-05-13T10:23:25.360Z [getAllProjects] Database and Model verified. Testing connection...
2026-05-13T10:23:25.362Z [getAllProjects] Connection Successful
2026-05-13T10:23:25.364Z [getAllProjects] Fetching all projects (no pagination)...
2026-05-13T10:23:25.374Z [getAllProjects] Found 8 projects. Computing progress...
2026-05-13T10:23:25.377Z [getAllProjects] Success. Returning response.
2026-05-13T10:23:41.228Z [getAllProjects] Start - User: a6f2643a-6e8f-4bf2-bd33-6e86e4236c71, Org: 17674cf9-9aab-470b-98d9-b65820a3436e
2026-05-13T10:23:41.231Z [getAllProjects] Database and Model verified. Testing connection...
2026-05-13T10:23:41.232Z [getAllProjects] Connection Successful
2026-05-13T10:23:41.233Z [getAllProjects] Fetching all projects (no pagination)...
2026-05-13T10:23:41.244Z [getAllProjects] Found 8 projects. Computing progress...
2026-05-13T10:23:41.247Z [getAllProjects] Success. Returning response.
2026-05-13T10:23:46.173Z [getAllProjects] Start - User: a6f2643a-6e8f-4bf2-bd33-6e86e4236c71, Org: 17674cf9-9aab-470b-98d9-b65820a3436e
2026-05-13T10:23:46.175Z [getAllProjects] Database and Model verified. Testing connection...
2026-05-13T10:23:46.178Z [getAllProjects] Connection Successful
2026-05-13T10:23:46.180Z [getAllProjects] Fetching all projects (no pagination)...
2026-05-13T10:23:46.194Z [getAllProjects] Found 8 projects. Computing progress...
2026-05-13T10:23:46.196Z [getAllProjects] Success. Returning response.
2026-05-13T10:24:02.623Z [getAllProjects] Start - User: 454265a3-1777-413b-a49f-8735ef6ffa2a, Org: 17674cf9-9aab-470b-98d9-b65820a3436e
2026-05-13T10:24:02.624Z [getAllProjects] Database and Model verified. Testing connection...
2026-05-13T10:24:02.626Z [getAllProjects] Connection Successful
2026-05-13T10:24:02.629Z [getAllProjects] Fetching all projects (no pagination)...
2026-05-13T10:24:02.646Z [getAllProjects] Found 6 projects. Computing progress...
2026-05-13T10:24:02.649Z [getAllProjects] Success. Returning response.
2026-05-13T10:24:02.675Z [getAllProjects] Start - User: 454265a3-1777-413b-a49f-8735ef6ffa2a, Org: 17674cf9-9aab-470b-98d9-b65820a3436e
2026-05-13T10:24:02.676Z [getAllProjects] Database and Model verified. Testing connection...
2026-05-13T10:24:02.677Z [getAllProjects] Connection Successful
2026-05-13T10:24:02.679Z [getAllProjects] Fetching all projects (no pagination)...
2026-05-13T10:24:02.689Z [getAllProjects] Found 6 projects. Computing progress...
2026-05-13T10:24:02.691Z [getAllProjects] Success. Returning response.
2026-05-13T10:28:47.782Z [getAllProjects] Start - User: 454265a3-1777-413b-a49f-8735ef6ffa2a, Org: 17674cf9-9aab-470b-98d9-b65820a3436e
2026-05-13T10:28:47.784Z [getAllProjects] Database and Model verified. Testing connection...
2026-05-13T10:28:47.786Z [getAllProjects] Connection Successful
2026-05-13T10:28:47.788Z [getAllProjects] Fetching all projects (no pagination)...
2026-05-13T10:28:47.808Z [getAllProjects] Found 6 projects. Computing progress...
2026-05-13T10:28:47.810Z [getAllProjects] Success. Returning response.
2026-05-13T10:28:47.943Z [getAllProjects] Start - User: 454265a3-1777-413b-a49f-8735ef6ffa2a, Org: 17674cf9-9aab-470b-98d9-b65820a3436e
2026-05-13T10:28:47.944Z [getAllProjects] Database and Model verified. Testing connection...
2026-05-13T10:28:47.945Z [getAllProjects] Connection Successful
2026-05-13T10:28:47.947Z [getAllProjects] Fetching all projects (no pagination)...
2026-05-13T10:28:47.960Z [getAllProjects] Found 6 projects. Computing progress...
2026-05-13T10:28:47.961Z [getAllProjects] Success. Returning response.
2026-05-13T10:32:39.689Z [getAllProjects] Start - User: 454265a3-1777-413b-a49f-8735ef6ffa2a, Org: 17674cf9-9aab-470b-98d9-b65820a3436e
2026-05-13T10:32:39.692Z [getAllProjects] Database and Model verified. Testing connection...
2026-05-13T10:32:39.694Z [getAllProjects] Connection Successful
2026-05-13T10:32:39.697Z [getAllProjects] Fetching all projects (no pagination)...
2026-05-13T10:32:39.726Z [getAllProjects] Found 6 projects. Computing progress...
2026-05-13T10:32:39.732Z [getAllProjects] Success. Returning response.
2026-05-13T10:37:39.804Z [getAllProjects] Start - User: 454265a3-1777-413b-a49f-8735ef6ffa2a, Org: 17674cf9-9aab-470b-98d9-b65820a3436e
2026-05-13T10:37:39.807Z [getAllProjects] Database and Model verified. Testing connection...
2026-05-13T10:37:39.808Z [getAllProjects] Connection Successful
2026-05-13T10:37:39.809Z [getAllProjects] Fetching all projects (no pagination)...
2026-05-13T10:37:39.828Z [getAllProjects] Found 6 projects. Computing progress...
2026-05-13T10:37:39.829Z [getAllProjects] Success. Returning response.
2026-05-13T10:42:39.664Z [getAllProjects] Start - User: 454265a3-1777-413b-a49f-8735ef6ffa2a, Org: 17674cf9-9aab-470b-98d9-b65820a3436e
2026-05-13T10:42:39.668Z [getAllProjects] Database and Model verified. Testing connection...
2026-05-13T10:42:39.671Z [getAllProjects] Connection Successful
2026-05-13T10:42:39.673Z [getAllProjects] Fetching all projects (no pagination)...
2026-05-13T10:42:39.840Z [getAllProjects] Found 6 projects. Computing progress...
2026-05-13T10:42:39.841Z [getAllProjects] Success. Returning response.
2026-05-13T10:47:39.626Z [getAllProjects] Start - User: 454265a3-1777-413b-a49f-8735ef6ffa2a, Org: 17674cf9-9aab-470b-98d9-b65820a3436e
2026-05-13T10:47:39.628Z [getAllProjects] Database and Model verified. Testing connection...
2026-05-13T10:47:39.629Z [getAllProjects] Connection Successful
2026-05-13T10:47:39.630Z [getAllProjects] Fetching all projects (no pagination)...
2026-05-13T10:47:39.643Z [getAllProjects] Found 6 projects. Computing progress...
2026-05-13T10:47:39.645Z [getAllProjects] Success. Returning response.
2026-05-13T10:52:39.638Z [getAllProjects] Start - User: 454265a3-1777-413b-a49f-8735ef6ffa2a, Org: 17674cf9-9aab-470b-98d9-b65820a3436e
2026-05-13T10:52:39.640Z [getAllProjects] Database and Model verified. Testing connection...
2026-05-13T10:52:39.641Z [getAllProjects] Connection Successful
2026-05-13T10:52:39.642Z [getAllProjects] Fetching all projects (no pagination)...
2026-05-13T10:52:39.699Z [getAllProjects] Found 6 projects. Computing progress...
2026-05-13T10:52:39.700Z [getAllProjects] Success. Returning response.
2026-05-13T10:54:48.704Z [getAllProjects] Start - User: 454265a3-1777-413b-a49f-8735ef6ffa2a, Org: 17674cf9-9aab-470b-98d9-b65820a3436e
2026-05-13T10:54:48.709Z [getAllProjects] Database and Model verified. Testing connection...
2026-05-13T10:54:48.711Z [getAllProjects] Connection Successful
2026-05-13T10:54:48.713Z [getAllProjects] Fetching all projects (no pagination)...
2026-05-13T10:54:48.732Z [getAllProjects] Found 6 projects. Computing progress...
2026-05-13T10:54:48.734Z [getAllProjects] Success. Returning response.
2026-05-13T10:54:54.816Z [getAllProjects] Start - User: a6f2643a-6e8f-4bf2-bd33-6e86e4236c71, Org: 17674cf9-9aab-470b-98d9-b65820a3436e
2026-05-13T10:54:54.818Z [getAllProjects] Database and Model verified. Testing connection...
2026-05-13T10:54:54.819Z [getAllProjects] Connection Successful
2026-05-13T10:54:54.821Z [getAllProjects] Fetching all projects (no pagination)...
2026-05-13T10:54:54.839Z [getAllProjects] Found 8 projects. Computing progress...
2026-05-13T10:54:54.842Z [getAllProjects] Success. Returning response.
2026-05-13T10:54:55.004Z [getAllProjects] Start - User: a6f2643a-6e8f-4bf2-bd33-6e86e4236c71, Org: 17674cf9-9aab-470b-98d9-b65820a3436e
2026-05-13T10:54:55.005Z [getAllProjects] Database and Model verified. Testing connection...
2026-05-13T10:54:55.006Z [getAllProjects] Connection Successful
2026-05-13T10:54:55.007Z [getAllProjects] Fetching all projects (no pagination)...
2026-05-13T10:54:55.020Z [getAllProjects] Found 8 projects. Computing progress...
2026-05-13T10:54:55.022Z [getAllProjects] Success. Returning response.
2026-05-13T10:55:01.754Z [getAllProjects] Start - User: a6f2643a-6e8f-4bf2-bd33-6e86e4236c71, Org: 17674cf9-9aab-470b-98d9-b65820a3436e
2026-05-13T10:55:01.756Z [getAllProjects] Database and Model verified. Testing connection...
2026-05-13T10:55:01.758Z [getAllProjects] Connection Successful
2026-05-13T10:55:01.760Z [getAllProjects] Fetching all projects (no pagination)...
2026-05-13T10:55:01.770Z [getAllProjects] Found 8 projects. Computing progress...
2026-05-13T10:55:01.772Z [getAllProjects] Success. Returning response.
2026-05-13T10:55:09.397Z [getAllProjects] Start - User: 454265a3-1777-413b-a49f-8735ef6ffa2a, Org: 17674cf9-9aab-470b-98d9-b65820a3436e
2026-05-13T10:55:09.398Z [getAllProjects] Database and Model verified. Testing connection...
2026-05-13T10:55:09.400Z [getAllProjects] Connection Successful
2026-05-13T10:55:09.402Z [getAllProjects] Fetching all projects (no pagination)...
2026-05-13T10:55:09.417Z [getAllProjects] Found 6 projects. Computing progress...
2026-05-13T10:55:09.419Z [getAllProjects] Success. Returning response.
2026-05-13T10:55:09.453Z [getAllProjects] Start - User: 454265a3-1777-413b-a49f-8735ef6ffa2a, Org: 17674cf9-9aab-470b-98d9-b65820a3436e
2026-05-13T10:55:09.454Z [getAllProjects] Database and Model verified. Testing connection...
2026-05-13T10:55:09.455Z [getAllProjects] Connection Successful
2026-05-13T10:55:09.456Z [getAllProjects] Fetching all projects (no pagination)...
2026-05-13T10:55:09.467Z [getAllProjects] Found 6 projects. Computing progress...
2026-05-13T10:55:09.468Z [getAllProjects] Success. Returning response.
2026-05-13T10:55:14.690Z [getAllProjects] Start - User: 454265a3-1777-413b-a49f-8735ef6ffa2a, Org: 17674cf9-9aab-470b-98d9-b65820a3436e
2026-05-13T10:55:14.692Z [getAllProjects] Database and Model verified. Testing connection...
2026-05-13T10:55:14.695Z [getAllProjects] Connection Successful
2026-05-13T10:55:14.696Z [getAllProjects] Fetching all projects (no pagination)...
2026-05-13T10:55:14.711Z [getAllProjects] Found 6 projects. Computing progress...
2026-05-13T10:55:14.712Z [getAllProjects] Success. Returning response.
2026-05-13T10:55:22.421Z [getAllProjects] Start - User: a6f2643a-6e8f-4bf2-bd33-6e86e4236c71, Org: 17674cf9-9aab-470b-98d9-b65820a3436e
2026-05-13T10:55:22.423Z [getAllProjects] Database and Model verified. Testing connection...
2026-05-13T10:55:22.425Z [getAllProjects] Connection Successful
2026-05-13T10:55:22.426Z [getAllProjects] Fetching all projects (no pagination)...
2026-05-13T10:55:22.436Z [getAllProjects] Found 8 projects. Computing progress...
2026-05-13T10:55:22.438Z [getAllProjects] Success. Returning response.
2026-05-13T10:55:22.476Z [getAllProjects] Start - User: a6f2643a-6e8f-4bf2-bd33-6e86e4236c71, Org: 17674cf9-9aab-470b-98d9-b65820a3436e
2026-05-13T10:55:22.478Z [getAllProjects] Database and Model verified. Testing connection...
2026-05-13T10:55:22.479Z [getAllProjects] Connection Successful
2026-05-13T10:55:22.480Z [getAllProjects] Fetching all projects (no pagination)...
2026-05-13T10:55:22.501Z [getAllProjects] Found 8 projects. Computing progress...
2026-05-13T10:55:22.503Z [getAllProjects] Success. Returning response.
2026-05-13T10:55:50.322Z [getAllProjects] Start - User: a6f2643a-6e8f-4bf2-bd33-6e86e4236c71, Org: 17674cf9-9aab-470b-98d9-b65820a3436e
2026-05-13T10:55:50.324Z [getAllProjects] Database and Model verified. Testing connection...
2026-05-13T10:55:50.326Z [getAllProjects] Connection Successful
2026-05-13T10:55:50.328Z [getAllProjects] Fetching all projects (no pagination)...
2026-05-13T10:55:50.337Z [getAllProjects] Found 8 projects. Computing progress...
2026-05-13T10:55:50.338Z [getAllProjects] Success. Returning response.
2026-05-13T10:55:59.938Z [getAllProjects] Start - User: 454265a3-1777-413b-a49f-8735ef6ffa2a, Org: 17674cf9-9aab-470b-98d9-b65820a3436e
2026-05-13T10:55:59.940Z [getAllProjects] Database and Model verified. Testing connection...
2026-05-13T10:55:59.941Z [getAllProjects] Connection Successful
2026-05-13T10:55:59.942Z [getAllProjects] Fetching all projects (no pagination)...
2026-05-13T10:55:59.951Z [getAllProjects] Found 6 projects. Computing progress...
2026-05-13T10:55:59.952Z [getAllProjects] Success. Returning response.
2026-05-13T10:55:59.989Z [getAllProjects] Start - User: 454265a3-1777-413b-a49f-8735ef6ffa2a, Org: 17674cf9-9aab-470b-98d9-b65820a3436e
2026-05-13T10:55:59.991Z [getAllProjects] Database and Model verified. Testing connection...
2026-05-13T10:55:59.992Z [getAllProjects] Connection Successful
2026-05-13T10:55:59.993Z [getAllProjects] Fetching all projects (no pagination)...
2026-05-13T10:56:00.013Z [getAllProjects] Found 6 projects. Computing progress...
2026-05-13T10:56:00.015Z [getAllProjects] Success. Returning response.
2026-05-13T10:58:43.730Z [getAllProjects] Start - User: 454265a3-1777-413b-a49f-8735ef6ffa2a, Org: 17674cf9-9aab-470b-98d9-b65820a3436e
2026-05-13T10:58:43.732Z [getAllProjects] Database and Model verified. Testing connection...
2026-05-13T10:58:43.734Z [getAllProjects] Connection Successful
2026-05-13T10:58:43.735Z [getAllProjects] Fetching all projects (no pagination)...
2026-05-13T10:58:43.743Z [getAllProjects] Found 6 projects. Computing progress...
2026-05-13T10:58:43.744Z [getAllProjects] Success. Returning response.
2026-05-13T10:58:50.378Z [getAllProjects] Start - User: a6f2643a-6e8f-4bf2-bd33-6e86e4236c71, Org: 17674cf9-9aab-470b-98d9-b65820a3436e
2026-05-13T10:58:50.379Z [getAllProjects] Database and Model verified. Testing connection...
2026-05-13T10:58:50.380Z [getAllProjects] Connection Successful
2026-05-13T10:58:50.381Z [getAllProjects] Fetching all projects (no pagination)...
2026-05-13T10:58:50.401Z [getAllProjects] Found 8 projects. Computing progress...
2026-05-13T10:58:50.403Z [getAllProjects] Success. Returning response.
2026-05-13T10:58:50.428Z [getAllProjects] Start - User: a6f2643a-6e8f-4bf2-bd33-6e86e4236c71, Org: 17674cf9-9aab-470b-98d9-b65820a3436e
2026-05-13T10:58:50.429Z [getAllProjects] Database and Model verified. Testing connection...
2026-05-13T10:58:50.430Z [getAllProjects] Connection Successful
2026-05-13T10:58:50.433Z [getAllProjects] Fetching all projects (no pagination)...
2026-05-13T10:58:50.444Z [getAllProjects] Found 8 projects. Computing progress...
2026-05-13T10:58:50.447Z [getAllProjects] Success. Returning response.
2026-05-13T10:59:06.107Z [getAllProjects] Start - User: a6f2643a-6e8f-4bf2-bd33-6e86e4236c71, Org: 17674cf9-9aab-470b-98d9-b65820a3436e
2026-05-13T10:59:06.109Z [getAllProjects] Database and Model verified. Testing connection...
2026-05-13T10:59:06.110Z [getAllProjects] Connection Successful
2026-05-13T10:59:06.111Z [getAllProjects] Fetching all projects (no pagination)...
2026-05-13T10:59:06.120Z [getAllProjects] Found 8 projects. Computing progress...
2026-05-13T10:59:06.121Z [getAllProjects] Success. Returning response.
2026-05-13T10:59:43.065Z [getAllProjects] Start - User: a6f2643a-6e8f-4bf2-bd33-6e86e4236c71, Org: 17674cf9-9aab-470b-98d9-b65820a3436e
2026-05-13T10:59:43.067Z [getAllProjects] Database and Model verified. Testing connection...
2026-05-13T10:59:43.069Z [getAllProjects] Connection Successful
2026-05-13T10:59:43.070Z [getAllProjects] Fetching all projects (no pagination)...
2026-05-13T10:59:43.091Z [getAllProjects] Found 8 projects. Computing progress...
2026-05-13T10:59:43.094Z [getAllProjects] Success. Returning response.
2026-05-13T10:59:43.144Z [getAllProjects] Start - User: a6f2643a-6e8f-4bf2-bd33-6e86e4236c71, Org: 17674cf9-9aab-470b-98d9-b65820a3436e
2026-05-13T10:59:43.149Z [getAllProjects] Database and Model verified. Testing connection...
2026-05-13T10:59:43.158Z [getAllProjects] Connection Successful
2026-05-13T10:59:43.160Z [getAllProjects] Fetching all projects (no pagination)...
2026-05-13T10:59:43.188Z [getAllProjects] Found 8 projects. Computing progress...
2026-05-13T10:59:43.189Z [getAllProjects] Success. Returning response.
2026-05-13T11:01:07.939Z [getAllProjects] Start - User: a6f2643a-6e8f-4bf2-bd33-6e86e4236c71, Org: 17674cf9-9aab-470b-98d9-b65820a3436e
2026-05-13T11:01:07.940Z [getAllProjects] Database and Model verified. Testing connection...
2026-05-13T11:01:07.942Z [getAllProjects] Connection Successful
2026-05-13T11:01:07.944Z [getAllProjects] Fetching all projects (no pagination)...
2026-05-13T11:01:07.959Z [getAllProjects] Found 8 projects. Computing progress...
2026-05-13T11:01:07.961Z [getAllProjects] Success. Returning response.
2026-05-13T11:06:08.712Z [getAllProjects] Start - User: a6f2643a-6e8f-4bf2-bd33-6e86e4236c71, Org: 17674cf9-9aab-470b-98d9-b65820a3436e
2026-05-13T11:06:08.714Z [getAllProjects] Database and Model verified. Testing connection...
2026-05-13T11:06:08.715Z [getAllProjects] Connection Successful
2026-05-13T11:06:08.716Z [getAllProjects] Fetching all projects (no pagination)...
2026-05-13T11:06:08.727Z [getAllProjects] Found 8 projects. Computing progress...
2026-05-13T11:06:08.729Z [getAllProjects] Success. Returning response.
2026-05-13T11:11:08.665Z [getAllProjects] Start - User: a6f2643a-6e8f-4bf2-bd33-6e86e4236c71, Org: 17674cf9-9aab-470b-98d9-b65820a3436e
2026-05-13T11:11:08.668Z [getAllProjects] Database and Model verified. Testing connection...
2026-05-13T11:11:08.669Z [getAllProjects] Connection Successful
2026-05-13T11:11:08.670Z [getAllProjects] Fetching all projects (no pagination)...
2026-05-13T11:11:08.736Z [getAllProjects] Found 8 projects. Computing progress...
2026-05-13T11:11:08.737Z [getAllProjects] Success. Returning response.
2026-05-13T11:16:08.819Z [getAllProjects] Start - User: a6f2643a-6e8f-4bf2-bd33-6e86e4236c71, Org: 17674cf9-9aab-470b-98d9-b65820a3436e
2026-05-13T11:16:08.820Z [getAllProjects] Database and Model verified. Testing connection...
2026-05-13T11:16:08.821Z [getAllProjects] Connection Successful
2026-05-13T11:16:08.822Z [getAllProjects] Fetching all projects (no pagination)...
2026-05-13T11:16:08.833Z [getAllProjects] Found 8 projects. Computing progress...
2026-05-13T11:16:08.841Z [getAllProjects] Success. Returning response.
2026-05-13T11:21:08.650Z [getAllProjects] Start - User: a6f2643a-6e8f-4bf2-bd33-6e86e4236c71, Org: 17674cf9-9aab-470b-98d9-b65820a3436e
2026-05-13T11:21:08.651Z [getAllProjects] Database and Model verified. Testing connection...
2026-05-13T11:21:08.653Z [getAllProjects] Connection Successful
2026-05-13T11:21:08.654Z [getAllProjects] Fetching all projects (no pagination)...
2026-05-13T11:21:08.713Z [getAllProjects] Found 8 projects. Computing progress...
2026-05-13T11:21:08.714Z [getAllProjects] Success. Returning response.
2026-05-13T11:26:08.708Z [getAllProjects] Start - User: a6f2643a-6e8f-4bf2-bd33-6e86e4236c71, Org: 17674cf9-9aab-470b-98d9-b65820a3436e
2026-05-13T11:26:08.710Z [getAllProjects] Database and Model verified. Testing connection...
2026-05-13T11:26:08.711Z [getAllProjects] Connection Successful
2026-05-13T11:26:08.712Z [getAllProjects] Fetching all projects (no pagination)...
2026-05-13T11:26:08.724Z [getAllProjects] Found 8 projects. Computing progress...
2026-05-13T11:26:08.725Z [getAllProjects] Success. Returning response.
2026-05-13T11:31:08.655Z [getAllProjects] Start - User: a6f2643a-6e8f-4bf2-bd33-6e86e4236c71, Org: 17674cf9-9aab-470b-98d9-b65820a3436e
2026-05-13T11:31:08.656Z [getAllProjects] Database and Model verified. Testing connection...
2026-05-13T11:31:08.658Z [getAllProjects] Connection Successful
2026-05-13T11:31:08.659Z [getAllProjects] Fetching all projects (no pagination)...
2026-05-13T11:31:08.710Z [getAllProjects] Found 8 projects. Computing progress...
2026-05-13T11:31:08.711Z [getAllProjects] Success. Returning response.
2026-05-13T11:36:44.755Z [getAllProjects] Start - User: a6f2643a-6e8f-4bf2-bd33-6e86e4236c71, Org: 17674cf9-9aab-470b-98d9-b65820a3436e
2026-05-13T11:36:44.757Z [getAllProjects] Database and Model verified. Testing connection...
2026-05-13T11:36:44.759Z [getAllProjects] Connection Successful
2026-05-13T11:36:44.761Z [getAllProjects] Fetching all projects (no pagination)...
2026-05-13T11:36:44.772Z [getAllProjects] Found 8 projects. Computing progress...
2026-05-13T11:36:44.773Z [getAllProjects] Success. Returning response.
2026-05-13T11:41:44.658Z [getAllProjects] Start - User: a6f2643a-6e8f-4bf2-bd33-6e86e4236c71, Org: 17674cf9-9aab-470b-98d9-b65820a3436e
2026-05-13T11:41:44.659Z [getAllProjects] Database and Model verified. Testing connection...
2026-05-13T11:41:44.661Z [getAllProjects] Connection Successful
2026-05-13T11:41:44.661Z [getAllProjects] Fetching all projects (no pagination)...
2026-05-13T11:41:44.673Z [getAllProjects] Found 8 projects. Computing progress...
2026-05-13T11:41:44.674Z [getAllProjects] Success. Returning response.
2026-05-13T11:46:44.714Z [getAllProjects] Start - User: a6f2643a-6e8f-4bf2-bd33-6e86e4236c71, Org: 17674cf9-9aab-470b-98d9-b65820a3436e
2026-05-13T11:46:44.716Z [getAllProjects] Database and Model verified. Testing connection...
2026-05-13T11:46:44.717Z [getAllProjects] Connection Successful
2026-05-13T11:46:44.718Z [getAllProjects] Fetching all projects (no pagination)...
2026-05-13T11:46:44.727Z [getAllProjects] Found 8 projects. Computing progress...
2026-05-13T11:46:44.729Z [getAllProjects] Success. Returning response.
2026-05-13T11:51:44.693Z [getAllProjects] Start - User: a6f2643a-6e8f-4bf2-bd33-6e86e4236c71, Org: 17674cf9-9aab-470b-98d9-b65820a3436e
2026-05-13T11:51:44.694Z [getAllProjects] Database and Model verified. Testing connection...
2026-05-13T11:51:44.695Z [getAllProjects] Connection Successful
2026-05-13T11:51:44.696Z [getAllProjects] Fetching all projects (no pagination)...
2026-05-13T11:51:44.701Z [getAllProjects] Found 8 projects. Computing progress...
2026-05-13T11:51:44.702Z [getAllProjects] Success. Returning response.
2026-05-13T11:56:44.703Z [getAllProjects] Start - User: a6f2643a-6e8f-4bf2-bd33-6e86e4236c71, Org: 17674cf9-9aab-470b-98d9-b65820a3436e
2026-05-13T11:56:44.705Z [getAllProjects] Database and Model verified. Testing connection...
2026-05-13T11:56:44.706Z [getAllProjects] Connection Successful
2026-05-13T11:56:44.707Z [getAllProjects] Fetching all projects (no pagination)...
2026-05-13T11:56:44.722Z [getAllProjects] Found 8 projects. Computing progress...
2026-05-13T11:56:44.723Z [getAllProjects] Success. Returning response.
2026-05-13T12:01:44.652Z [getAllProjects] Start - User: a6f2643a-6e8f-4bf2-bd33-6e86e4236c71, Org: 17674cf9-9aab-470b-98d9-b65820a3436e
2026-05-13T12:01:44.654Z [getAllProjects] Database and Model verified. Testing connection...
2026-05-13T12:01:44.655Z [getAllProjects] Connection Successful
2026-05-13T12:01:44.656Z [getAllProjects] Fetching all projects (no pagination)...
2026-05-13T12:01:44.669Z [getAllProjects] Found 8 projects. Computing progress...
2026-05-13T12:01:44.671Z [getAllProjects] Success. Returning response.
2026-05-13T12:06:08.791Z [getAllProjects] Start - User: a6f2643a-6e8f-4bf2-bd33-6e86e4236c71, Org: 17674cf9-9aab-470b-98d9-b65820a3436e
2026-05-13T12:06:08.793Z [getAllProjects] Database and Model verified. Testing connection...
2026-05-13T12:06:08.794Z [getAllProjects] Connection Successful
2026-05-13T12:06:08.795Z [getAllProjects] Fetching all projects (no pagination)...
2026-05-13T12:06:08.808Z [getAllProjects] Found 8 projects. Computing progress...
2026-05-13T12:06:08.810Z [getAllProjects] Success. Returning response.
2026-05-13T12:08:25.003Z [getAllProjects] Start - User: a6f2643a-6e8f-4bf2-bd33-6e86e4236c71, Org: 17674cf9-9aab-470b-98d9-b65820a3436e
2026-05-13T12:08:25.007Z [getAllProjects] Database and Model verified. Testing connection...
2026-05-13T12:08:25.009Z [getAllProjects] Connection Successful
2026-05-13T12:08:25.011Z [getAllProjects] Fetching all projects (no pagination)...
2026-05-13T12:08:25.022Z [getAllProjects] Found 8 projects. Computing progress...
2026-05-13T12:08:25.026Z [getAllProjects] Success. Returning response.
2026-05-13T12:11:32.395Z [getAllProjects] Start - User: a6f2643a-6e8f-4bf2-bd33-6e86e4236c71, Org: 17674cf9-9aab-470b-98d9-b65820a3436e
2026-05-13T12:11:32.397Z [getAllProjects] Database and Model verified. Testing connection...
2026-05-13T12:11:32.399Z [getAllProjects] Connection Successful
2026-05-13T12:11:32.400Z [getAllProjects] Fetching all projects (no pagination)...
2026-05-13T12:11:32.410Z [getAllProjects] Found 8 projects. Computing progress...
2026-05-13T12:11:32.412Z [getAllProjects] Success. Returning response.
2026-05-13T12:11:34.708Z [getAllProjects] Start - User: a6f2643a-6e8f-4bf2-bd33-6e86e4236c71, Org: 17674cf9-9aab-470b-98d9-b65820a3436e
2026-05-13T12:11:34.710Z [getAllProjects] Database and Model verified. Testing connection...
2026-05-13T12:11:34.714Z [getAllProjects] Connection Successful
2026-05-13T12:11:34.717Z [getAllProjects] Fetching all projects (no pagination)...
2026-05-13T12:11:34.736Z [getAllProjects] Found 8 projects. Computing progress...
2026-05-13T12:11:34.738Z [getAllProjects] Success. Returning response.
2026-05-13T12:11:38.740Z [getAllProjects] Start - User: a6f2643a-6e8f-4bf2-bd33-6e86e4236c71, Org: 17674cf9-9aab-470b-98d9-b65820a3436e
2026-05-13T12:11:38.741Z [getAllProjects] Database and Model verified. Testing connection...
2026-05-13T12:11:38.743Z [getAllProjects] Connection Successful
2026-05-13T12:11:38.744Z [getAllProjects] Fetching all projects (no pagination)...
2026-05-13T12:11:38.756Z [getAllProjects] Found 8 projects. Computing progress...
2026-05-13T12:11:38.758Z [getAllProjects] Success. Returning response.
2026-05-13T12:11:47.574Z [getAllProjects] Start - User: 454265a3-1777-413b-a49f-8735ef6ffa2a, Org: 17674cf9-9aab-470b-98d9-b65820a3436e
2026-05-13T12:11:47.576Z [getAllProjects] Database and Model verified. Testing connection...
2026-05-13T12:11:47.577Z [getAllProjects] Connection Successful
2026-05-13T12:11:47.579Z [getAllProjects] Fetching all projects (no pagination)...
2026-05-13T12:11:47.591Z [getAllProjects] Found 6 projects. Computing progress...
2026-05-13T12:11:47.592Z [getAllProjects] Success. Returning response.
2026-05-13T12:11:47.628Z [getAllProjects] Start - User: 454265a3-1777-413b-a49f-8735ef6ffa2a, Org: 17674cf9-9aab-470b-98d9-b65820a3436e
2026-05-13T12:11:47.630Z [getAllProjects] Database and Model verified. Testing connection...
2026-05-13T12:11:47.631Z [getAllProjects] Connection Successful
2026-05-13T12:11:47.633Z [getAllProjects] Fetching all projects (no pagination)...
2026-05-13T12:11:47.650Z [getAllProjects] Found 6 projects. Computing progress...
2026-05-13T12:11:47.652Z [getAllProjects] Success. Returning response.
2026-05-13T12:11:57.865Z [getAllProjects] Start - User: 454265a3-1777-413b-a49f-8735ef6ffa2a, Org: 17674cf9-9aab-470b-98d9-b65820a3436e
2026-05-13T12:11:57.867Z [getAllProjects] Database and Model verified. Testing connection...
2026-05-13T12:11:57.869Z [getAllProjects] Connection Successful
2026-05-13T12:11:57.870Z [getAllProjects] Fetching all projects (no pagination)...
2026-05-13T12:11:57.880Z [getAllProjects] Found 6 projects. Computing progress...
2026-05-13T12:11:57.882Z [getAllProjects] Success. Returning response.
2026-05-13T12:15:32.093Z [getAllProjects] Start - User: a6f2643a-6e8f-4bf2-bd33-6e86e4236c71, Org: 17674cf9-9aab-470b-98d9-b65820a3436e
2026-05-13T12:15:32.096Z [getAllProjects] Database and Model verified. Testing connection...
2026-05-13T12:15:32.098Z [getAllProjects] Connection Successful
2026-05-13T12:15:32.099Z [getAllProjects] Fetching all projects (no pagination)...
2026-05-13T12:15:32.125Z [getAllProjects] Found 8 projects. Computing progress...
2026-05-13T12:15:32.128Z [getAllProjects] Success. Returning response.
2026-05-13T12:15:32.175Z [getAllProjects] Start - User: a6f2643a-6e8f-4bf2-bd33-6e86e4236c71, Org: 17674cf9-9aab-470b-98d9-b65820a3436e
2026-05-13T12:15:32.177Z [getAllProjects] Database and Model verified. Testing connection...
2026-05-13T12:15:32.179Z [getAllProjects] Connection Successful
2026-05-13T12:15:32.180Z [getAllProjects] Fetching all projects (no pagination)...
2026-05-13T12:15:32.205Z [getAllProjects] Found 8 projects. Computing progress...
2026-05-13T12:15:32.209Z [getAllProjects] Success. Returning response.
2026-05-13T12:15:39.647Z [getAllProjects] Start - User: a6f2643a-6e8f-4bf2-bd33-6e86e4236c71, Org: 17674cf9-9aab-470b-98d9-b65820a3436e
2026-05-13T12:15:39.649Z [getAllProjects] Database and Model verified. Testing connection...
2026-05-13T12:15:39.650Z [getAllProjects] Connection Successful
2026-05-13T12:15:39.652Z [getAllProjects] Fetching all projects (no pagination)...
2026-05-13T12:15:39.668Z [getAllProjects] Found 8 projects. Computing progress...
2026-05-13T12:15:39.672Z [getAllProjects] Success. Returning response.
2026-05-13T12:15:48.880Z [getAllProjects] Start - User: 454265a3-1777-413b-a49f-8735ef6ffa2a, Org: 17674cf9-9aab-470b-98d9-b65820a3436e
2026-05-13T12:15:48.882Z [getAllProjects] Database and Model verified. Testing connection...
2026-05-13T12:15:48.885Z [getAllProjects] Connection Successful
2026-05-13T12:15:48.886Z [getAllProjects] Fetching all projects (no pagination)...
2026-05-13T12:15:48.899Z [getAllProjects] Found 6 projects. Computing progress...
2026-05-13T12:15:48.902Z [getAllProjects] Success. Returning response.
2026-05-13T12:15:48.957Z [getAllProjects] Start - User: 454265a3-1777-413b-a49f-8735ef6ffa2a, Org: 17674cf9-9aab-470b-98d9-b65820a3436e
2026-05-13T12:15:48.959Z [getAllProjects] Database and Model verified. Testing connection...
2026-05-13T12:15:48.961Z [getAllProjects] Connection Successful
2026-05-13T12:15:48.962Z [getAllProjects] Fetching all projects (no pagination)...
2026-05-13T12:15:48.989Z [getAllProjects] Found 6 projects. Computing progress...
2026-05-13T12:15:48.992Z [getAllProjects] Success. Returning response.
2026-05-13T12:15:52.896Z [getAllProjects] Start - User: 454265a3-1777-413b-a49f-8735ef6ffa2a, Org: 17674cf9-9aab-470b-98d9-b65820a3436e
2026-05-13T12:15:52.897Z [getAllProjects] Database and Model verified. Testing connection...
2026-05-13T12:15:52.899Z [getAllProjects] Connection Successful
2026-05-13T12:15:52.900Z [getAllProjects] Fetching all projects (no pagination)...
2026-05-13T12:15:52.916Z [getAllProjects] Found 6 projects. Computing progress...
2026-05-13T12:15:52.918Z [getAllProjects] Success. Returning response.
2026-05-13T12:16:27.428Z [getAllProjects] Start - User: a6f2643a-6e8f-4bf2-bd33-6e86e4236c71, Org: 17674cf9-9aab-470b-98d9-b65820a3436e
2026-05-13T12:16:27.431Z [getAllProjects] Database and Model verified. Testing connection...
2026-05-13T12:16:27.433Z [getAllProjects] Connection Successful
2026-05-13T12:16:27.434Z [getAllProjects] Fetching all projects (no pagination)...
2026-05-13T12:16:27.460Z [getAllProjects] Found 8 projects. Computing progress...
2026-05-13T12:16:27.462Z [getAllProjects] Success. Returning response.
2026-05-13T12:16:27.501Z [getAllProjects] Start - User: a6f2643a-6e8f-4bf2-bd33-6e86e4236c71, Org: 17674cf9-9aab-470b-98d9-b65820a3436e
2026-05-13T12:16:27.503Z [getAllProjects] Database and Model verified. Testing connection...
2026-05-13T12:16:27.504Z [getAllProjects] Connection Successful
2026-05-13T12:16:27.506Z [getAllProjects] Fetching all projects (no pagination)...
2026-05-13T12:16:27.530Z [getAllProjects] Found 8 projects. Computing progress...
2026-05-13T12:16:27.533Z [getAllProjects] Success. Returning response.
2026-05-13T12:16:41.685Z [getAllProjects] Start - User: a6f2643a-6e8f-4bf2-bd33-6e86e4236c71, Org: 17674cf9-9aab-470b-98d9-b65820a3436e
2026-05-13T12:16:41.688Z [getAllProjects] Database and Model verified. Testing connection...
2026-05-13T12:16:41.690Z [getAllProjects] Connection Successful
2026-05-13T12:16:41.694Z [getAllProjects] Fetching all projects (no pagination)...
2026-05-13T12:16:41.704Z [getAllProjects] Found 8 projects. Computing progress...
2026-05-13T12:16:41.706Z [getAllProjects] Success. Returning response.
2026-05-13T12:16:50.781Z [getAllProjects] Start - User: d81a8320-815e-4639-9e73-8e817908aa29, Org: 17674cf9-9aab-470b-98d9-b65820a3436e
2026-05-13T12:16:50.783Z [getAllProjects] Database and Model verified. Testing connection...
2026-05-13T12:16:50.785Z [getAllProjects] Connection Successful
2026-05-13T12:16:50.786Z [getAllProjects] Fetching all projects (no pagination)...
2026-05-13T12:16:50.806Z [getAllProjects] Found 1 projects. Computing progress...
2026-05-13T12:16:50.810Z [getAllProjects] Success. Returning response.
2026-05-13T12:16:50.845Z [getAllProjects] Start - User: d81a8320-815e-4639-9e73-8e817908aa29, Org: 17674cf9-9aab-470b-98d9-b65820a3436e
2026-05-13T12:16:50.847Z [getAllProjects] Database and Model verified. Testing connection...
2026-05-13T12:16:50.848Z [getAllProjects] Connection Successful
2026-05-13T12:16:50.850Z [getAllProjects] Fetching all projects (no pagination)...
2026-05-13T12:16:50.863Z [getAllProjects] Found 1 projects. Computing progress...
2026-05-13T12:16:50.868Z [getAllProjects] Success. Returning response.
2026-05-13T12:16:55.299Z [getAllProjects] Start - User: d81a8320-815e-4639-9e73-8e817908aa29, Org: 17674cf9-9aab-470b-98d9-b65820a3436e
2026-05-13T12:16:55.303Z [getAllProjects] Database and Model verified. Testing connection...
2026-05-13T12:16:55.306Z [getAllProjects] Connection Successful
2026-05-13T12:16:55.309Z [getAllProjects] Fetching all projects (no pagination)...
2026-05-13T12:16:55.327Z [getAllProjects] Found 1 projects. Computing progress...
2026-05-13T12:16:55.329Z [getAllProjects] Success. Returning response.
2026-05-13T12:18:22.615Z [getAllProjects] Start - User: c1185ccb-f515-47e3-8bb6-ea6795702f45, Org: d7cfc4a5-4bd3-4196-8356-e56043861ce8
2026-05-13T12:18:22.617Z [getAllProjects] Database and Model verified. Testing connection...
2026-05-13T12:18:22.621Z [getAllProjects] Connection Successful
2026-05-13T12:18:22.625Z [getAllProjects] Fetching all projects (no pagination)...
2026-05-13T12:18:22.676Z [getAllProjects] Found 5 projects. Computing progress...
2026-05-13T12:18:22.679Z [getAllProjects] Success. Returning response.
2026-05-13T12:18:22.699Z [getAllProjects] Start - User: c1185ccb-f515-47e3-8bb6-ea6795702f45, Org: d7cfc4a5-4bd3-4196-8356-e56043861ce8
2026-05-13T12:18:22.701Z [getAllProjects] Database and Model verified. Testing connection...
2026-05-13T12:18:22.702Z [getAllProjects] Connection Successful
2026-05-13T12:18:22.703Z [getAllProjects] Fetching all projects (no pagination)...
2026-05-13T12:18:22.715Z [getAllProjects] Found 5 projects. Computing progress...
2026-05-13T12:18:22.717Z [getAllProjects] Success. Returning response.
2026-05-13T12:19:49.438Z [getAllProjects] Start - User: c1185ccb-f515-47e3-8bb6-ea6795702f45, Org: d7cfc4a5-4bd3-4196-8356-e56043861ce8
2026-05-13T12:19:49.441Z [getAllProjects] Database and Model verified. Testing connection...
2026-05-13T12:19:49.442Z [getAllProjects] Connection Successful
2026-05-13T12:19:49.444Z [getAllProjects] Fetching all projects (no pagination)...
2026-05-13T12:19:49.451Z [getAllProjects] Found 5 projects. Computing progress...
2026-05-13T12:19:49.453Z [getAllProjects] Success. Returning response.
2026-05-13T12:20:02.750Z [getAllProjects] Start - User: f1b4514c-51cb-475a-82b2-d0eafdb2ab28, Org: d7cfc4a5-4bd3-4196-8356-e56043861ce8
2026-05-13T12:20:02.751Z [getAllProjects] Database and Model verified. Testing connection...
2026-05-13T12:20:02.753Z [getAllProjects] Connection Successful
2026-05-13T12:20:02.754Z [getAllProjects] Fetching all projects (no pagination)...
2026-05-13T12:20:02.770Z [getAllProjects] Found 2 projects. Computing progress...
2026-05-13T12:20:02.772Z [getAllProjects] Success. Returning response.
2026-05-13T12:20:02.800Z [getAllProjects] Start - User: f1b4514c-51cb-475a-82b2-d0eafdb2ab28, Org: d7cfc4a5-4bd3-4196-8356-e56043861ce8
2026-05-13T12:20:02.802Z [getAllProjects] Database and Model verified. Testing connection...
2026-05-13T12:20:02.804Z [getAllProjects] Connection Successful
2026-05-13T12:20:02.806Z [getAllProjects] Fetching all projects (no pagination)...
2026-05-13T12:20:02.816Z [getAllProjects] Found 2 projects. Computing progress...
2026-05-13T12:20:02.818Z [getAllProjects] Success. Returning response.
2026-05-13T12:20:08.035Z [getAllProjects] Start - User: f1b4514c-51cb-475a-82b2-d0eafdb2ab28, Org: d7cfc4a5-4bd3-4196-8356-e56043861ce8
2026-05-13T12:20:08.037Z [getAllProjects] Database and Model verified. Testing connection...
2026-05-13T12:20:08.040Z [getAllProjects] Connection Successful
2026-05-13T12:20:08.042Z [getAllProjects] Fetching all projects (no pagination)...
2026-05-13T12:20:08.050Z [getAllProjects] Found 2 projects. Computing progress...
2026-05-13T12:20:08.052Z [getAllProjects] Success. Returning response.
2026-05-13T12:26:33.471Z [getAllProjects] Start - User: a6f2643a-6e8f-4bf2-bd33-6e86e4236c71, Org: 17674cf9-9aab-470b-98d9-b65820a3436e
2026-05-13T12:26:33.474Z [getAllProjects] Database and Model verified. Testing connection...
2026-05-13T12:26:33.475Z [getAllProjects] Connection Successful
2026-05-13T12:26:33.477Z [getAllProjects] Fetching all projects (no pagination)...
2026-05-13T12:26:33.494Z [getAllProjects] Found 8 projects. Computing progress...
2026-05-13T12:26:33.496Z [getAllProjects] Success. Returning response.
2026-05-13T12:27:07.500Z [getAllProjects] Start - User: a6f2643a-6e8f-4bf2-bd33-6e86e4236c71, Org: 17674cf9-9aab-470b-98d9-b65820a3436e
2026-05-13T12:27:07.503Z [getAllProjects] Database and Model verified. Testing connection...
2026-05-13T12:27:07.504Z [getAllProjects] Connection Successful
2026-05-13T12:27:07.506Z [getAllProjects] Fetching all projects (no pagination)...
2026-05-13T12:27:07.517Z [getAllProjects] Found 8 projects. Computing progress...
2026-05-13T12:27:07.519Z [getAllProjects] Success. Returning response.
2026-05-13T12:33:55.351Z [getAllProjects] Start - User: a6f2643a-6e8f-4bf2-bd33-6e86e4236c71, Org: 17674cf9-9aab-470b-98d9-b65820a3436e
2026-05-13T12:33:55.353Z [getAllProjects] Database and Model verified. Testing connection...
2026-05-13T12:33:55.355Z [getAllProjects] Connection Successful
2026-05-13T12:33:55.356Z [getAllProjects] Fetching all projects (no pagination)...
2026-05-13T12:33:55.376Z [getAllProjects] Found 8 projects. Computing progress...
2026-05-13T12:33:55.378Z [getAllProjects] Success. Returning response.
2026-05-13T12:35:52.923Z [getAllProjects] Start - User: a6f2643a-6e8f-4bf2-bd33-6e86e4236c71, Org: 17674cf9-9aab-470b-98d9-b65820a3436e
2026-05-13T12:35:52.926Z [getAllProjects] Database and Model verified. Testing connection...
2026-05-13T12:35:52.929Z [getAllProjects] Connection Successful
2026-05-13T12:35:52.939Z [getAllProjects] Fetching all projects (no pagination)...
2026-05-13T12:35:52.955Z [getAllProjects] Found 8 projects. Computing progress...
2026-05-13T12:35:52.958Z [getAllProjects] Success. Returning response.
2026-05-13T12:38:55.762Z [getAllProjects] Start - User: a6f2643a-6e8f-4bf2-bd33-6e86e4236c71, Org: 17674cf9-9aab-470b-98d9-b65820a3436e
2026-05-13T12:38:55.764Z [getAllProjects] Database and Model verified. Testing connection...
2026-05-13T12:38:55.765Z [getAllProjects] Connection Successful
2026-05-13T12:38:55.766Z [getAllProjects] Fetching all projects (no pagination)...
2026-05-13T12:38:55.779Z [getAllProjects] Found 8 projects. Computing progress...
2026-05-13T12:38:55.780Z [getAllProjects] Success. Returning response.
2026-05-13T12:40:15.651Z [getAllProjects] Start - User: a6f2643a-6e8f-4bf2-bd33-6e86e4236c71, Org: 17674cf9-9aab-470b-98d9-b65820a3436e
2026-05-13T12:40:15.653Z [getAllProjects] Database and Model verified. Testing connection...
2026-05-13T12:40:15.655Z [getAllProjects] Connection Successful
2026-05-13T12:40:15.656Z [getAllProjects] Fetching all projects (no pagination)...
2026-05-13T12:40:15.664Z [getAllProjects] Found 8 projects. Computing progress...
2026-05-13T12:40:15.665Z [getAllProjects] Success. Returning response.
2026-05-13T12:43:55.668Z [getAllProjects] Start - User: a6f2643a-6e8f-4bf2-bd33-6e86e4236c71, Org: 17674cf9-9aab-470b-98d9-b65820a3436e
2026-05-13T12:43:55.670Z [getAllProjects] Database and Model verified. Testing connection...
2026-05-13T12:43:55.671Z [getAllProjects] Connection Successful
2026-05-13T12:43:55.672Z [getAllProjects] Fetching all projects (no pagination)...
2026-05-13T12:43:55.683Z [getAllProjects] Found 8 projects. Computing progress...
2026-05-13T12:43:55.685Z [getAllProjects] Success. Returning response.
2026-05-13T12:48:55.860Z [getAllProjects] Start - User: a6f2643a-6e8f-4bf2-bd33-6e86e4236c71, Org: 17674cf9-9aab-470b-98d9-b65820a3436e
2026-05-13T12:48:55.862Z [getAllProjects] Database and Model verified. Testing connection...
2026-05-13T12:48:55.863Z [getAllProjects] Connection Successful
2026-05-13T12:48:55.864Z [getAllProjects] Fetching all projects (no pagination)...
2026-05-13T12:48:55.879Z [getAllProjects] Found 8 projects. Computing progress...
2026-05-13T12:48:55.881Z [getAllProjects] Success. Returning response.
2026-05-13T12:53:55.652Z [getAllProjects] Start - User: a6f2643a-6e8f-4bf2-bd33-6e86e4236c71, Org: 17674cf9-9aab-470b-98d9-b65820a3436e
2026-05-13T12:53:55.653Z [getAllProjects] Database and Model verified. Testing connection...
2026-05-13T12:53:55.654Z [getAllProjects] Connection Successful
2026-05-13T12:53:55.655Z [getAllProjects] Fetching all projects (no pagination)...
2026-05-13T12:53:55.662Z [getAllProjects] Found 8 projects. Computing progress...
2026-05-13T12:53:55.663Z [getAllProjects] Success. Returning response.
2026-05-13T12:57:40.443Z [getAllProjects] Start - User: a6f2643a-6e8f-4bf2-bd33-6e86e4236c71, Org: 17674cf9-9aab-470b-98d9-b65820a3436e
2026-05-13T12:57:40.459Z [getAllProjects] Database and Model verified. Testing connection...
2026-05-13T12:57:40.466Z [getAllProjects] Connection Successful
2026-05-13T12:57:40.472Z [getAllProjects] Fetching all projects (no pagination)...
2026-05-13T12:57:40.504Z [getAllProjects] Found 8 projects. Computing progress...
2026-05-13T12:57:40.506Z [getAllProjects] Success. Returning response.
2026-05-13T12:57:55.005Z [getAllProjects] Start - User: a6f2643a-6e8f-4bf2-bd33-6e86e4236c71, Org: 17674cf9-9aab-470b-98d9-b65820a3436e
2026-05-13T12:57:55.009Z [getAllProjects] Database and Model verified. Testing connection...
2026-05-13T12:57:55.010Z [getAllProjects] Connection Successful
2026-05-13T12:57:55.011Z [getAllProjects] Fetching all projects (no pagination)...
2026-05-13T12:57:55.024Z [getAllProjects] Found 8 projects. Computing progress...
2026-05-13T12:57:55.025Z [getAllProjects] Success. Returning response.
2026-05-13T12:58:07.039Z [getAllProjects] Start - User: a6f2643a-6e8f-4bf2-bd33-6e86e4236c71, Org: 17674cf9-9aab-470b-98d9-b65820a3436e
2026-05-13T12:58:07.041Z [getAllProjects] Database and Model verified. Testing connection...
2026-05-13T12:58:07.043Z [getAllProjects] Connection Successful
2026-05-13T12:58:07.045Z [getAllProjects] Fetching all projects (no pagination)...
2026-05-13T12:58:07.065Z [getAllProjects] Found 8 projects. Computing progress...
2026-05-13T12:58:07.069Z [getAllProjects] Success. Returning response.
2026-05-13T13:02:57.895Z [getAllProjects] Start - User: a6f2643a-6e8f-4bf2-bd33-6e86e4236c71, Org: 17674cf9-9aab-470b-98d9-b65820a3436e
2026-05-13T13:02:57.897Z [getAllProjects] Database and Model verified. Testing connection...
2026-05-13T13:02:57.899Z [getAllProjects] Connection Successful
2026-05-13T13:02:57.901Z [getAllProjects] Fetching all projects (no pagination)...
2026-05-13T13:02:57.923Z [getAllProjects] Found 8 projects. Computing progress...
2026-05-13T13:02:57.927Z [getAllProjects] Success. Returning response.
2026-05-13T13:02:58.010Z [getAllProjects] Start - User: a6f2643a-6e8f-4bf2-bd33-6e86e4236c71, Org: 17674cf9-9aab-470b-98d9-b65820a3436e
2026-05-13T13:02:58.037Z [getAllProjects] Database and Model verified. Testing connection...
2026-05-13T13:02:58.040Z [getAllProjects] Connection Successful
2026-05-13T13:02:58.045Z [getAllProjects] Fetching all projects (no pagination)...
2026-05-13T13:02:58.078Z [getAllProjects] Found 8 projects. Computing progress...
2026-05-13T13:02:58.080Z [getAllProjects] Success. Returning response.
2026-05-13T13:06:42.038Z [getAllProjects] Start - User: a6f2643a-6e8f-4bf2-bd33-6e86e4236c71, Org: 17674cf9-9aab-470b-98d9-b65820a3436e
2026-05-13T13:06:42.040Z [getAllProjects] Database and Model verified. Testing connection...
2026-05-13T13:06:42.041Z [getAllProjects] Connection Successful
2026-05-13T13:06:42.043Z [getAllProjects] Fetching all projects (no pagination)...
2026-05-13T13:06:42.058Z [getAllProjects] Found 8 projects. Computing progress...
2026-05-13T13:06:42.060Z [getAllProjects] Success. Returning response.
2026-05-13T13:08:00.712Z [getAllProjects] Start - User: a6f2643a-6e8f-4bf2-bd33-6e86e4236c71, Org: 17674cf9-9aab-470b-98d9-b65820a3436e
2026-05-13T13:08:00.714Z [getAllProjects] Database and Model verified. Testing connection...
2026-05-13T13:08:00.715Z [getAllProjects] Connection Successful
2026-05-13T13:08:00.716Z [getAllProjects] Fetching all projects (no pagination)...
2026-05-13T13:08:00.776Z [getAllProjects] Found 8 projects. Computing progress...
2026-05-13T13:08:00.778Z [getAllProjects] Success. Returning response.
2026-05-13T13:11:42.657Z [getAllProjects] Start - User: a6f2643a-6e8f-4bf2-bd33-6e86e4236c71, Org: 17674cf9-9aab-470b-98d9-b65820a3436e
2026-05-13T13:11:42.659Z [getAllProjects] Database and Model verified. Testing connection...
2026-05-13T13:11:42.660Z [getAllProjects] Connection Successful
2026-05-13T13:11:42.661Z [getAllProjects] Fetching all projects (no pagination)...
2026-05-13T13:11:42.670Z [getAllProjects] Found 8 projects. Computing progress...
2026-05-13T13:11:42.671Z [getAllProjects] Success. Returning response.
2026-05-13T13:16:42.724Z [getAllProjects] Start - User: a6f2643a-6e8f-4bf2-bd33-6e86e4236c71, Org: 17674cf9-9aab-470b-98d9-b65820a3436e
2026-05-13T13:16:42.725Z [getAllProjects] Database and Model verified. Testing connection...
2026-05-13T13:16:42.728Z [getAllProjects] Connection Successful
2026-05-13T13:16:42.729Z [getAllProjects] Fetching all projects (no pagination)...
2026-05-13T13:16:42.745Z [getAllProjects] Found 8 projects. Computing progress...
2026-05-13T13:16:42.746Z [getAllProjects] Success. Returning response.
2026-05-13T13:21:42.659Z [getAllProjects] Start - User: a6f2643a-6e8f-4bf2-bd33-6e86e4236c71, Org: 17674cf9-9aab-470b-98d9-b65820a3436e
2026-05-13T13:21:42.662Z [getAllProjects] Database and Model verified. Testing connection...
2026-05-13T13:21:42.663Z [getAllProjects] Connection Successful
2026-05-13T13:21:42.664Z [getAllProjects] Fetching all projects (no pagination)...
2026-05-13T13:21:42.676Z [getAllProjects] Found 8 projects. Computing progress...
2026-05-13T13:21:42.677Z [getAllProjects] Success. Returning response.
2026-05-13T13:26:41.925Z [getAllProjects] Start - User: a6f2643a-6e8f-4bf2-bd33-6e86e4236c71, Org: 17674cf9-9aab-470b-98d9-b65820a3436e
2026-05-13T13:26:41.926Z [getAllProjects] Database and Model verified. Testing connection...
2026-05-13T13:26:41.928Z [getAllProjects] Connection Successful
2026-05-13T13:26:41.929Z [getAllProjects] Fetching all projects (no pagination)...
2026-05-13T13:26:41.938Z [getAllProjects] Found 8 projects. Computing progress...
2026-05-13T13:26:41.940Z [getAllProjects] Success. Returning response.
2026-05-13T13:31:41.919Z [getAllProjects] Start - User: a6f2643a-6e8f-4bf2-bd33-6e86e4236c71, Org: 17674cf9-9aab-470b-98d9-b65820a3436e
2026-05-13T13:31:41.920Z [getAllProjects] Database and Model verified. Testing connection...
2026-05-13T13:31:41.922Z [getAllProjects] Connection Successful
2026-05-13T13:31:41.923Z [getAllProjects] Fetching all projects (no pagination)...
2026-05-13T13:31:41.938Z [getAllProjects] Found 8 projects. Computing progress...
2026-05-13T13:31:41.939Z [getAllProjects] Success. Returning response.
2026-05-13T13:36:41.942Z [getAllProjects] Start - User: a6f2643a-6e8f-4bf2-bd33-6e86e4236c71, Org: 17674cf9-9aab-470b-98d9-b65820a3436e
2026-05-13T13:36:41.943Z [getAllProjects] Database and Model verified. Testing connection...
2026-05-13T13:36:41.945Z [getAllProjects] Connection Successful
2026-05-13T13:36:41.946Z [getAllProjects] Fetching all projects (no pagination)...
2026-05-13T13:36:41.998Z [getAllProjects] Found 8 projects. Computing progress...
2026-05-13T13:36:41.999Z [getAllProjects] Success. Returning response.
2026-05-13T13:41:41.859Z [getAllProjects] Start - User: a6f2643a-6e8f-4bf2-bd33-6e86e4236c71, Org: 17674cf9-9aab-470b-98d9-b65820a3436e
2026-05-13T13:41:41.862Z [getAllProjects] Database and Model verified. Testing connection...
2026-05-13T13:41:41.863Z [getAllProjects] Connection Successful
2026-05-13T13:41:41.865Z [getAllProjects] Fetching all projects (no pagination)...
2026-05-13T13:41:41.878Z [getAllProjects] Found 8 projects. Computing progress...
2026-05-13T13:41:41.881Z [getAllProjects] Success. Returning response.
2026-05-13T13:46:41.915Z [getAllProjects] Start - User: a6f2643a-6e8f-4bf2-bd33-6e86e4236c71, Org: 17674cf9-9aab-470b-98d9-b65820a3436e
2026-05-13T13:46:41.916Z [getAllProjects] Database and Model verified. Testing connection...
2026-05-13T13:46:41.917Z [getAllProjects] Connection Successful
2026-05-13T13:46:41.919Z [getAllProjects] Fetching all projects (no pagination)...
2026-05-13T13:46:41.931Z [getAllProjects] Found 8 projects. Computing progress...
2026-05-13T13:46:41.932Z [getAllProjects] Success. Returning response.
2026-05-13T13:51:41.885Z [getAllProjects] Start - User: a6f2643a-6e8f-4bf2-bd33-6e86e4236c71, Org: 17674cf9-9aab-470b-98d9-b65820a3436e
2026-05-13T13:51:41.888Z [getAllProjects] Database and Model verified. Testing connection...
2026-05-13T13:51:41.890Z [getAllProjects] Connection Successful
2026-05-13T13:51:41.891Z [getAllProjects] Fetching all projects (no pagination)...
2026-05-13T13:51:41.903Z [getAllProjects] Found 8 projects. Computing progress...
2026-05-13T13:51:41.905Z [getAllProjects] Success. Returning response.
2026-05-13T13:56:42.000Z [getAllProjects] Start - User: a6f2643a-6e8f-4bf2-bd33-6e86e4236c71, Org: 17674cf9-9aab-470b-98d9-b65820a3436e
2026-05-13T13:56:42.001Z [getAllProjects] Database and Model verified. Testing connection...
2026-05-13T13:56:42.002Z [getAllProjects] Connection Successful
2026-05-13T13:56:42.003Z [getAllProjects] Fetching all projects (no pagination)...
2026-05-13T13:56:42.063Z [getAllProjects] Found 8 projects. Computing progress...
2026-05-13T13:56:42.064Z [getAllProjects] Success. Returning response.
2026-05-14T05:25:16.041Z [getAllProjects] Start - User: a6f2643a-6e8f-4bf2-bd33-6e86e4236c71, Org: 17674cf9-9aab-470b-98d9-b65820a3436e
2026-05-14T05:25:16.046Z [getAllProjects] Database and Model verified. Testing connection...
2026-05-14T05:25:16.050Z [getAllProjects] Connection Successful
2026-05-14T05:25:16.055Z [getAllProjects] Fetching all projects (no pagination)...
2026-05-14T05:25:16.169Z [getAllProjects] Found 8 projects. Computing progress...
2026-05-14T05:25:16.172Z [getAllProjects] Success. Returning response.
2026-05-14T05:25:16.224Z [getAllProjects] Start - User: a6f2643a-6e8f-4bf2-bd33-6e86e4236c71, Org: 17674cf9-9aab-470b-98d9-b65820a3436e
2026-05-14T05:25:16.229Z [getAllProjects] Database and Model verified. Testing connection...
2026-05-14T05:25:16.246Z [getAllProjects] Connection Successful
2026-05-14T05:25:16.252Z [getAllProjects] Fetching all projects (no pagination)...
2026-05-14T05:25:16.325Z [getAllProjects] Found 8 projects. Computing progress...
2026-05-14T05:25:16.335Z [getAllProjects] Success. Returning response.
2026-05-14T05:25:16.427Z [getAllProjects] Start - User: a6f2643a-6e8f-4bf2-bd33-6e86e4236c71, Org: 17674cf9-9aab-470b-98d9-b65820a3436e
2026-05-14T05:25:16.429Z [getAllProjects] Database and Model verified. Testing connection...
2026-05-14T05:25:16.431Z [getAllProjects] Connection Successful
2026-05-14T05:25:16.433Z [getAllProjects] Fetching all projects (no pagination)...
2026-05-14T05:25:16.461Z [getAllProjects] Found 8 projects. Computing progress...
2026-05-14T05:25:16.463Z [getAllProjects] Success. Returning response.
2026-05-14T05:29:08.981Z [getAllProjects] Start - User: a6f2643a-6e8f-4bf2-bd33-6e86e4236c71, Org: 17674cf9-9aab-470b-98d9-b65820a3436e
2026-05-14T05:29:08.983Z [getAllProjects] Database and Model verified. Testing connection...
2026-05-14T05:29:08.985Z [getAllProjects] Connection Successful
2026-05-14T05:29:08.986Z [getAllProjects] Fetching paginated projects (page: 1, limit: 10)...
2026-05-14T05:29:09.012Z [getAllProjects] Found 8 projects (Total: 8). Computing progress...
2026-05-14T05:29:09.014Z [getAllProjects] Success. Returning paginated response.
2026-05-14T05:29:10.425Z [getAllProjects] Start - User: a6f2643a-6e8f-4bf2-bd33-6e86e4236c71, Org: 17674cf9-9aab-470b-98d9-b65820a3436e
2026-05-14T05:29:10.427Z [getAllProjects] Database and Model verified. Testing connection...
2026-05-14T05:29:10.428Z [getAllProjects] Connection Successful
2026-05-14T05:29:10.431Z [getAllProjects] Fetching all projects (no pagination)...
2026-05-14T05:29:10.443Z [getAllProjects] Found 8 projects. Computing progress...
2026-05-14T05:29:10.445Z [getAllProjects] Success. Returning response.
2026-05-14T05:29:17.305Z [getAllProjects] Start - User: a6f2643a-6e8f-4bf2-bd33-6e86e4236c71, Org: 17674cf9-9aab-470b-98d9-b65820a3436e
2026-05-14T05:29:17.308Z [getAllProjects] Database and Model verified. Testing connection...
2026-05-14T05:29:17.310Z [getAllProjects] Connection Successful
2026-05-14T05:29:17.311Z [getAllProjects] Fetching all projects (no pagination)...
2026-05-14T05:29:17.319Z [getAllProjects] Found 8 projects. Computing progress...
2026-05-14T05:29:17.321Z [getAllProjects] Success. Returning response.
2026-05-14T05:30:14.944Z [getAllProjects] Start - User: a6f2643a-6e8f-4bf2-bd33-6e86e4236c71, Org: 17674cf9-9aab-470b-98d9-b65820a3436e
2026-05-14T05:30:14.947Z [getAllProjects] Database and Model verified. Testing connection...
2026-05-14T05:30:14.949Z [getAllProjects] Connection Successful
2026-05-14T05:30:14.950Z [getAllProjects] Fetching all projects (no pagination)...
2026-05-14T05:30:14.963Z [getAllProjects] Found 8 projects. Computing progress...
2026-05-14T05:30:14.966Z [getAllProjects] Success. Returning response.
2026-05-14T06:39:49.085Z [getAllProjects] Start - User: a6f2643a-6e8f-4bf2-bd33-6e86e4236c71, Org: 17674cf9-9aab-470b-98d9-b65820a3436e
2026-05-14T06:39:49.090Z [getAllProjects] Database and Model verified. Testing connection...
2026-05-14T06:39:49.092Z [getAllProjects] Connection Successful
2026-05-14T06:39:49.093Z [getAllProjects] Fetching all projects (no pagination)...
2026-05-14T06:39:49.116Z [getAllProjects] Found 8 projects. Computing progress...
2026-05-14T06:39:49.119Z [getAllProjects] Success. Returning response.
2026-05-14T06:44:05.469Z [getAllProjects] Start - User: a6f2643a-6e8f-4bf2-bd33-6e86e4236c71, Org: 17674cf9-9aab-470b-98d9-b65820a3436e
2026-05-14T06:44:05.473Z [getAllProjects] Database and Model verified. Testing connection...
2026-05-14T06:44:05.476Z [getAllProjects] Connection Successful
2026-05-14T06:44:05.478Z [getAllProjects] Fetching all projects (no pagination)...
2026-05-14T06:44:05.500Z [getAllProjects] Found 8 projects. Computing progress...
2026-05-14T06:44:05.505Z [getAllProjects] Success. Returning response.
2026-05-14T06:53:12.631Z [getAllProjects] Start - User: a6f2643a-6e8f-4bf2-bd33-6e86e4236c71, Org: 17674cf9-9aab-470b-98d9-b65820a3436e
2026-05-14T06:53:12.634Z [getAllProjects] Database and Model verified. Testing connection...
2026-05-14T06:53:12.637Z [getAllProjects] Connection Successful
2026-05-14T06:53:12.639Z [getAllProjects] Fetching all projects (no pagination)...
2026-05-14T06:53:12.664Z [getAllProjects] Found 8 projects. Computing progress...
2026-05-14T06:53:12.667Z [getAllProjects] Success. Returning response.
2026-05-14T06:55:48.035Z [getAllProjects] Start - User: fbd7708e-3c16-48dd-b050-c371623f02cd, Org: b3c2454f-78ff-4781-b76d-d65aad6ec74c
2026-05-14T06:55:48.043Z [getAllProjects] Database and Model verified. Testing connection...
2026-05-14T06:55:48.047Z [getAllProjects] Connection Successful
2026-05-14T06:55:48.052Z [getAllProjects] Fetching all projects (no pagination)...
2026-05-14T06:55:48.075Z [getAllProjects] Found 0 projects. Computing progress...
2026-05-14T06:55:48.078Z [getAllProjects] Success. Returning response.
2026-05-14T06:55:48.180Z [getAllProjects] Start - User: fbd7708e-3c16-48dd-b050-c371623f02cd, Org: b3c2454f-78ff-4781-b76d-d65aad6ec74c
2026-05-14T06:55:48.184Z [getAllProjects] Database and Model verified. Testing connection...
2026-05-14T06:55:48.186Z [getAllProjects] Connection Successful
2026-05-14T06:55:48.190Z [getAllProjects] Fetching all projects (no pagination)...
2026-05-14T06:55:48.207Z [getAllProjects] Found 0 projects. Computing progress...
2026-05-14T06:55:48.210Z [getAllProjects] Success. Returning response.
2026-05-14T06:55:52.581Z [getAllProjects] Start - User: fbd7708e-3c16-48dd-b050-c371623f02cd, Org: b3c2454f-78ff-4781-b76d-d65aad6ec74c
2026-05-14T06:55:52.583Z [getAllProjects] Database and Model verified. Testing connection...
2026-05-14T06:55:52.585Z [getAllProjects] Connection Successful
2026-05-14T06:55:52.587Z [getAllProjects] Fetching all projects (no pagination)...
2026-05-14T06:55:52.598Z [getAllProjects] Found 0 projects. Computing progress...
2026-05-14T06:55:52.600Z [getAllProjects] Success. Returning response.
2026-05-14T07:13:10.323Z [getAllProjects] Start - User: 47e9714e-26de-4b08-a452-d06e18c3d858, Org: 860b3dcb-7d72-474c-96aa-f2bb1599200a
2026-05-14T07:13:10.333Z [getAllProjects] Database and Model verified. Testing connection...
2026-05-14T07:13:10.336Z [getAllProjects] Connection Successful
2026-05-14T07:13:10.338Z [getAllProjects] Fetching all projects (no pagination)...
2026-05-14T07:13:10.355Z [getAllProjects] Found 0 projects. Computing progress...
2026-05-14T07:13:10.357Z [getAllProjects] Success. Returning response.
2026-05-14T07:13:16.364Z [getAllProjects] Start - User: 47e9714e-26de-4b08-a452-d06e18c3d858, Org: 860b3dcb-7d72-474c-96aa-f2bb1599200a
2026-05-14T07:13:16.366Z [getAllProjects] Database and Model verified. Testing connection...
2026-05-14T07:13:16.368Z [getAllProjects] Connection Successful
2026-05-14T07:13:16.370Z [getAllProjects] Fetching paginated projects (page: 1, limit: 10)...
2026-05-14T07:13:16.447Z [getAllProjects] Found 0 projects (Total: 0). Computing progress...
2026-05-14T07:13:16.449Z [getAllProjects] Success. Returning paginated response.
2026-05-14T07:13:21.895Z [getAllProjects] Start - User: 47e9714e-26de-4b08-a452-d06e18c3d858, Org: 860b3dcb-7d72-474c-96aa-f2bb1599200a
2026-05-14T07:13:21.896Z [getAllProjects] Database and Model verified. Testing connection...
2026-05-14T07:13:21.898Z [getAllProjects] Connection Successful
2026-05-14T07:13:21.899Z [getAllProjects] Fetching all projects (no pagination)...
2026-05-14T07:13:21.907Z [getAllProjects] Found 0 projects. Computing progress...
2026-05-14T07:13:21.909Z [getAllProjects] Success. Returning response.
2026-05-14T07:22:08.362Z [getAllProjects] Start - User: 47e9714e-26de-4b08-a452-d06e18c3d858, Org: 860b3dcb-7d72-474c-96aa-f2bb1599200a
2026-05-14T07:22:08.363Z [getAllProjects] Database and Model verified. Testing connection...
2026-05-14T07:22:08.365Z [getAllProjects] Connection Successful
2026-05-14T07:22:08.367Z [getAllProjects] Fetching paginated projects (page: 1, limit: 10)...
2026-05-14T07:22:08.418Z [getAllProjects] Found 0 projects (Total: 0). Computing progress...
2026-05-14T07:22:08.419Z [getAllProjects] Success. Returning paginated response.
2026-05-14T07:22:09.947Z [getAllProjects] Start - User: 47e9714e-26de-4b08-a452-d06e18c3d858, Org: 860b3dcb-7d72-474c-96aa-f2bb1599200a
2026-05-14T07:22:09.950Z [getAllProjects] Database and Model verified. Testing connection...
2026-05-14T07:22:09.952Z [getAllProjects] Connection Successful
2026-05-14T07:22:09.954Z [getAllProjects] Fetching all projects (no pagination)...
2026-05-14T07:22:09.962Z [getAllProjects] Found 0 projects. Computing progress...
2026-05-14T07:22:09.963Z [getAllProjects] Success. Returning response.
2026-05-14T07:22:25.615Z [getAllProjects] Start - User: 47e9714e-26de-4b08-a452-d06e18c3d858, Org: 860b3dcb-7d72-474c-96aa-f2bb1599200a
2026-05-14T07:22:25.617Z [getAllProjects] Database and Model verified. Testing connection...
2026-05-14T07:22:25.619Z [getAllProjects] Connection Successful
2026-05-14T07:22:25.620Z [getAllProjects] Fetching paginated projects (page: 1, limit: 10)...
2026-05-14T07:22:25.627Z [getAllProjects] Found 1 projects (Total: 1). Computing progress...
2026-05-14T07:22:25.628Z [getAllProjects] Success. Returning paginated response.
2026-05-14T07:28:35.321Z [getAllProjects] Start - User: 47e9714e-26de-4b08-a452-d06e18c3d858, Org: 860b3dcb-7d72-474c-96aa-f2bb1599200a
2026-05-14T07:28:35.323Z [getAllProjects] Database and Model verified. Testing connection...
2026-05-14T07:28:35.325Z [getAllProjects] Connection Successful
2026-05-14T07:28:35.327Z [getAllProjects] Fetching paginated projects (page: 1, limit: 10)...
2026-05-14T07:28:35.340Z [getAllProjects] Found 1 projects (Total: 1). Computing progress...
2026-05-14T07:28:35.342Z [getAllProjects] Success. Returning paginated response.
2026-05-14T07:28:44.485Z [getAllProjects] Start - User: a6f2643a-6e8f-4bf2-bd33-6e86e4236c71, Org: 17674cf9-9aab-470b-98d9-b65820a3436e
2026-05-14T07:28:44.488Z [getAllProjects] Database and Model verified. Testing connection...
2026-05-14T07:28:44.490Z [getAllProjects] Connection Successful
2026-05-14T07:28:44.494Z [getAllProjects] Fetching all projects (no pagination)...
2026-05-14T07:28:44.559Z [getAllProjects] Found 8 projects. Computing progress...
2026-05-14T07:28:44.587Z [getAllProjects] Success. Returning response.
2026-05-14T07:28:44.640Z [getAllProjects] Start - User: a6f2643a-6e8f-4bf2-bd33-6e86e4236c71, Org: 17674cf9-9aab-470b-98d9-b65820a3436e
2026-05-14T07:28:44.645Z [getAllProjects] Database and Model verified. Testing connection...
2026-05-14T07:28:44.651Z [getAllProjects] Connection Successful
2026-05-14T07:28:44.660Z [getAllProjects] Fetching all projects (no pagination)...
2026-05-14T07:28:44.708Z [getAllProjects] Found 8 projects. Computing progress...
2026-05-14T07:28:44.716Z [getAllProjects] Success. Returning response.
2026-05-14T08:06:26.618Z [getAllProjects] Start - User: a6f2643a-6e8f-4bf2-bd33-6e86e4236c71, Org: 17674cf9-9aab-470b-98d9-b65820a3436e
2026-05-14T08:06:26.620Z [getAllProjects] Database and Model verified. Testing connection...
2026-05-14T08:06:26.622Z [getAllProjects] Connection Successful
2026-05-14T08:06:26.625Z [getAllProjects] Fetching all projects (no pagination)...
2026-05-14T08:06:26.655Z [getAllProjects] Found 8 projects. Computing progress...
2026-05-14T08:06:26.658Z [getAllProjects] Success. Returning response.
2026-05-14T08:06:28.813Z [getAllProjects] Start - User: a6f2643a-6e8f-4bf2-bd33-6e86e4236c71, Org: 17674cf9-9aab-470b-98d9-b65820a3436e
2026-05-14T08:06:28.818Z [getAllProjects] Database and Model verified. Testing connection...
2026-05-14T08:06:28.827Z [getAllProjects] Connection Successful
2026-05-14T08:06:28.836Z [getAllProjects] Fetching all projects (no pagination)...
2026-05-14T08:06:28.854Z [getAllProjects] Found 8 projects. Computing progress...
2026-05-14T08:06:28.859Z [getAllProjects] Success. Returning response.
2026-05-14T08:12:08.287Z [getAllProjects] Start - User: a6f2643a-6e8f-4bf2-bd33-6e86e4236c71, Org: 17674cf9-9aab-470b-98d9-b65820a3436e
2026-05-14T08:12:08.292Z [getAllProjects] Database and Model verified. Testing connection...
2026-05-14T08:12:08.294Z [getAllProjects] Connection Successful
2026-05-14T08:12:08.295Z [getAllProjects] Fetching all projects (no pagination)...
2026-05-14T08:12:08.320Z [getAllProjects] Found 8 projects. Computing progress...
2026-05-14T08:12:08.322Z [getAllProjects] Success. Returning response.
2026-05-14T08:15:29.260Z [getAllProjects] Start - User: a6f2643a-6e8f-4bf2-bd33-6e86e4236c71, Org: 17674cf9-9aab-470b-98d9-b65820a3436e
2026-05-14T08:15:29.261Z [getAllProjects] Database and Model verified. Testing connection...
2026-05-14T08:15:29.262Z [getAllProjects] Connection Successful
2026-05-14T08:15:29.263Z [getAllProjects] Fetching all projects (no pagination)...
2026-05-14T08:15:29.278Z [getAllProjects] Found 8 projects. Computing progress...
2026-05-14T08:15:29.280Z [getAllProjects] Success. Returning response.
2026-05-14T08:20:44.848Z [getAllProjects] Start - User: a6f2643a-6e8f-4bf2-bd33-6e86e4236c71, Org: 17674cf9-9aab-470b-98d9-b65820a3436e
2026-05-14T08:20:44.851Z [getAllProjects] Database and Model verified. Testing connection...
2026-05-14T08:20:44.852Z [getAllProjects] Connection Successful
2026-05-14T08:20:44.853Z [getAllProjects] Fetching all projects (no pagination)...
2026-05-14T08:20:44.862Z [getAllProjects] Found 8 projects. Computing progress...
2026-05-14T08:20:44.863Z [getAllProjects] Success. Returning response.
2026-05-14T08:20:56.027Z [getAllProjects] Start - User: a6f2643a-6e8f-4bf2-bd33-6e86e4236c71, Org: 17674cf9-9aab-470b-98d9-b65820a3436e
2026-05-14T08:20:56.029Z [getAllProjects] Database and Model verified. Testing connection...
2026-05-14T08:20:56.031Z [getAllProjects] Connection Successful
2026-05-14T08:20:56.033Z [getAllProjects] Fetching all projects (no pagination)...
2026-05-14T08:20:56.116Z [getAllProjects] Found 8 projects. Computing progress...
2026-05-14T08:20:56.118Z [getAllProjects] Success. Returning response.
2026-05-14T08:21:03.522Z [getAllProjects] Start - User: a6f2643a-6e8f-4bf2-bd33-6e86e4236c71, Org: 17674cf9-9aab-470b-98d9-b65820a3436e
2026-05-14T08:21:03.523Z [getAllProjects] Database and Model verified. Testing connection...
2026-05-14T08:21:03.524Z [getAllProjects] Connection Successful
2026-05-14T08:21:03.526Z [getAllProjects] Fetching all projects (no pagination)...
2026-05-14T08:21:03.543Z [getAllProjects] Found 8 projects. Computing progress...
2026-05-14T08:21:03.545Z [getAllProjects] Success. Returning response.
2026-05-14T08:21:10.687Z [getAllProjects] Start - User: a6f2643a-6e8f-4bf2-bd33-6e86e4236c71, Org: 17674cf9-9aab-470b-98d9-b65820a3436e
2026-05-14T08:21:10.690Z [getAllProjects] Database and Model verified. Testing connection...
2026-05-14T08:21:10.693Z [getAllProjects] Connection Successful
2026-05-14T08:21:10.697Z [getAllProjects] Fetching all projects (no pagination)...
2026-05-14T08:21:10.711Z [getAllProjects] Found 8 projects. Computing progress...
2026-05-14T08:21:10.719Z [getAllProjects] Success. Returning response.
2026-05-14T08:21:13.310Z [getAllProjects] Start - User: a6f2643a-6e8f-4bf2-bd33-6e86e4236c71, Org: 17674cf9-9aab-470b-98d9-b65820a3436e
2026-05-14T08:21:13.313Z [getAllProjects] Database and Model verified. Testing connection...
2026-05-14T08:21:13.317Z [getAllProjects] Connection Successful
2026-05-14T08:21:13.319Z [getAllProjects] Fetching all projects (no pagination)...
2026-05-14T08:21:13.333Z [getAllProjects] Found 8 projects. Computing progress...
2026-05-14T08:21:13.337Z [getAllProjects] Success. Returning response.
2026-05-14T08:23:49.438Z [getAllProjects] Start - User: a6f2643a-6e8f-4bf2-bd33-6e86e4236c71, Org: 17674cf9-9aab-470b-98d9-b65820a3436e
2026-05-14T08:23:49.440Z [getAllProjects] Database and Model verified. Testing connection...
2026-05-14T08:23:49.441Z [getAllProjects] Connection Successful
2026-05-14T08:23:49.443Z [getAllProjects] Fetching all projects (no pagination)...
2026-05-14T08:23:49.452Z [getAllProjects] Found 8 projects. Computing progress...
2026-05-14T08:23:49.454Z [getAllProjects] Success. Returning response.
2026-05-14T08:24:21.080Z [getAllProjects] Start - User: a6f2643a-6e8f-4bf2-bd33-6e86e4236c71, Org: 17674cf9-9aab-470b-98d9-b65820a3436e
2026-05-14T08:24:21.082Z [getAllProjects] Database and Model verified. Testing connection...
2026-05-14T08:24:21.083Z [getAllProjects] Connection Successful
2026-05-14T08:24:21.085Z [getAllProjects] Fetching all projects (no pagination)...
2026-05-14T08:24:21.099Z [getAllProjects] Found 8 projects. Computing progress...
2026-05-14T08:24:21.100Z [getAllProjects] Success. Returning response.
2026-05-14T10:27:21.672Z [getAllProjects] Start - User: a6f2643a-6e8f-4bf2-bd33-6e86e4236c71, Org: 17674cf9-9aab-470b-98d9-b65820a3436e
2026-05-14T10:27:21.683Z [getAllProjects] Database and Model verified. Testing connection...
2026-05-14T10:27:21.686Z [getAllProjects] Connection Successful
2026-05-14T10:27:21.690Z [getAllProjects] Fetching all projects (no pagination)...
2026-05-14T10:27:21.713Z [getAllProjects] Found 8 projects. Computing progress...
2026-05-14T10:27:21.716Z [getAllProjects] Success. Returning response.
2026-05-14T10:27:28.366Z [getAllProjects] Start - User: a6f2643a-6e8f-4bf2-bd33-6e86e4236c71, Org: 17674cf9-9aab-470b-98d9-b65820a3436e
2026-05-14T10:27:28.369Z [getAllProjects] Database and Model verified. Testing connection...
2026-05-14T10:27:28.371Z [getAllProjects] Connection Successful
2026-05-14T10:27:28.373Z [getAllProjects] Fetching all projects (no pagination)...
2026-05-14T10:27:28.397Z [getAllProjects] Found 8 projects. Computing progress...
2026-05-14T10:27:28.400Z [getAllProjects] Success. Returning response.
2026-05-14T10:27:40.782Z [getAllProjects] Start - User: a6f2643a-6e8f-4bf2-bd33-6e86e4236c71, Org: 17674cf9-9aab-470b-98d9-b65820a3436e
2026-05-14T10:27:40.784Z [getAllProjects] Database and Model verified. Testing connection...
2026-05-14T10:27:40.786Z [getAllProjects] Connection Successful
2026-05-14T10:27:40.788Z [getAllProjects] Fetching all projects (no pagination)...
2026-05-14T10:27:40.803Z [getAllProjects] Found 8 projects. Computing progress...
2026-05-14T10:27:40.805Z [getAllProjects] Success. Returning response.
2026-05-14T10:27:41.890Z [getAllProjects] Start - User: a6f2643a-6e8f-4bf2-bd33-6e86e4236c71, Org: 17674cf9-9aab-470b-98d9-b65820a3436e
2026-05-14T10:27:41.893Z [getAllProjects] Database and Model verified. Testing connection...
2026-05-14T10:27:41.897Z [getAllProjects] Connection Successful
2026-05-14T10:27:41.900Z [getAllProjects] Fetching all projects (no pagination)...
2026-05-14T10:27:41.917Z [getAllProjects] Found 8 projects. Computing progress...
2026-05-14T10:27:41.921Z [getAllProjects] Success. Returning response.
2026-05-14T10:27:43.357Z [getAllProjects] Start - User: a6f2643a-6e8f-4bf2-bd33-6e86e4236c71, Org: 17674cf9-9aab-470b-98d9-b65820a3436e
2026-05-14T10:27:43.361Z [getAllProjects] Database and Model verified. Testing connection...
2026-05-14T10:27:43.367Z [getAllProjects] Connection Successful
2026-05-14T10:27:43.369Z [getAllProjects] Fetching all projects (no pagination)...
2026-05-14T10:27:43.385Z [getAllProjects] Found 8 projects. Computing progress...
2026-05-14T10:27:43.388Z [getAllProjects] Success. Returning response.
2026-05-14T10:27:46.810Z [getAllProjects] Start - User: a6f2643a-6e8f-4bf2-bd33-6e86e4236c71, Org: 17674cf9-9aab-470b-98d9-b65820a3436e
2026-05-14T10:27:46.812Z [getAllProjects] Database and Model verified. Testing connection...
2026-05-14T10:27:46.814Z [getAllProjects] Connection Successful
2026-05-14T10:27:46.817Z [getAllProjects] Fetching all projects (no pagination)...
2026-05-14T10:27:46.834Z [getAllProjects] Found 8 projects. Computing progress...
2026-05-14T10:27:46.836Z [getAllProjects] Success. Returning response.
2026-05-14T10:27:49.376Z [getAllProjects] Start - User: a6f2643a-6e8f-4bf2-bd33-6e86e4236c71, Org: 17674cf9-9aab-470b-98d9-b65820a3436e
2026-05-14T10:27:49.383Z [getAllProjects] Database and Model verified. Testing connection...
2026-05-14T10:27:49.386Z [getAllProjects] Connection Successful
2026-05-14T10:27:49.388Z [getAllProjects] Fetching all projects (no pagination)...
2026-05-14T10:27:49.406Z [getAllProjects] Found 8 projects. Computing progress...
2026-05-14T10:27:49.412Z [getAllProjects] Success. Returning response.
2026-05-14T10:29:23.945Z [getAllProjects] Start - User: a6f2643a-6e8f-4bf2-bd33-6e86e4236c71, Org: 17674cf9-9aab-470b-98d9-b65820a3436e
2026-05-14T10:29:23.947Z [getAllProjects] Database and Model verified. Testing connection...
2026-05-14T10:29:23.949Z [getAllProjects] Connection Successful
2026-05-14T10:29:23.953Z [getAllProjects] Fetching all projects (no pagination)...
2026-05-14T10:29:23.965Z [getAllProjects] Found 8 projects. Computing progress...
2026-05-14T10:29:23.970Z [getAllProjects] Success. Returning response.
2026-05-14T10:29:29.052Z [getAllProjects] Start - User: a6f2643a-6e8f-4bf2-bd33-6e86e4236c71, Org: 17674cf9-9aab-470b-98d9-b65820a3436e
2026-05-14T10:29:29.057Z [getAllProjects] Database and Model verified. Testing connection...
2026-05-14T10:29:29.059Z [getAllProjects] Connection Successful
2026-05-14T10:29:29.061Z [getAllProjects] Fetching all projects (no pagination)...
2026-05-14T10:29:29.075Z [getAllProjects] Found 8 projects. Computing progress...
2026-05-14T10:29:29.078Z [getAllProjects] Success. Returning response.
2026-05-14T10:29:32.716Z [getAllProjects] Start - User: a6f2643a-6e8f-4bf2-bd33-6e86e4236c71, Org: 17674cf9-9aab-470b-98d9-b65820a3436e
2026-05-14T10:29:32.719Z [getAllProjects] Database and Model verified. Testing connection...
2026-05-14T10:29:32.721Z [getAllProjects] Connection Successful
2026-05-14T10:29:32.723Z [getAllProjects] Fetching all projects (no pagination)...
2026-05-14T10:29:32.733Z [getAllProjects] Found 8 projects. Computing progress...
2026-05-14T10:29:32.735Z [getAllProjects] Success. Returning response.
2026-05-14T10:29:36.623Z [getAllProjects] Start - User: a6f2643a-6e8f-4bf2-bd33-6e86e4236c71, Org: 17674cf9-9aab-470b-98d9-b65820a3436e
2026-05-14T10:29:36.626Z [getAllProjects] Database and Model verified. Testing connection...
2026-05-14T10:29:36.630Z [getAllProjects] Connection Successful
2026-05-14T10:29:36.632Z [getAllProjects] Fetching all projects (no pagination)...
2026-05-14T10:29:36.644Z [getAllProjects] Found 8 projects. Computing progress...
2026-05-14T10:29:36.647Z [getAllProjects] Success. Returning response.
2026-05-14T10:29:48.355Z [getAllProjects] Start - User: a6f2643a-6e8f-4bf2-bd33-6e86e4236c71, Org: 17674cf9-9aab-470b-98d9-b65820a3436e
2026-05-14T10:29:48.358Z [getAllProjects] Database and Model verified. Testing connection...
2026-05-14T10:29:48.360Z [getAllProjects] Connection Successful
2026-05-14T10:29:48.361Z [getAllProjects] Fetching all projects (no pagination)...
2026-05-14T10:29:48.378Z [getAllProjects] Found 8 projects. Computing progress...
2026-05-14T10:29:48.381Z [getAllProjects] Success. Returning response.
2026-05-14T10:33:00.667Z [getAllProjects] Start - User: a6f2643a-6e8f-4bf2-bd33-6e86e4236c71, Org: 17674cf9-9aab-470b-98d9-b65820a3436e
2026-05-14T10:33:00.669Z [getAllProjects] Database and Model verified. Testing connection...
2026-05-14T10:33:00.671Z [getAllProjects] Connection Successful
2026-05-14T10:33:00.672Z [getAllProjects] Fetching all projects (no pagination)...
2026-05-14T10:33:00.688Z [getAllProjects] Found 8 projects. Computing progress...
2026-05-14T10:33:00.690Z [getAllProjects] Success. Returning response.
2026-05-14T10:33:21.379Z [getAllProjects] Start - User: a6f2643a-6e8f-4bf2-bd33-6e86e4236c71, Org: 17674cf9-9aab-470b-98d9-b65820a3436e
2026-05-14T10:33:21.384Z [getAllProjects] Database and Model verified. Testing connection...
2026-05-14T10:33:21.388Z [getAllProjects] Connection Successful
2026-05-14T10:33:21.390Z [getAllProjects] Fetching all projects (no pagination)...
2026-05-14T10:33:21.408Z [getAllProjects] Found 8 projects. Computing progress...
2026-05-14T10:33:21.411Z [getAllProjects] Success. Returning response.
2026-05-14T10:41:32.199Z [getAllProjects] Start - User: a6f2643a-6e8f-4bf2-bd33-6e86e4236c71, Org: 17674cf9-9aab-470b-98d9-b65820a3436e
2026-05-14T10:41:32.207Z [getAllProjects] Database and Model verified. Testing connection...
2026-05-14T10:41:32.212Z [getAllProjects] Connection Successful
2026-05-14T10:41:32.215Z [getAllProjects] Fetching all projects (no pagination)...
2026-05-14T10:41:32.238Z [getAllProjects] Found 8 projects. Computing progress...
2026-05-14T10:41:32.243Z [getAllProjects] Success. Returning response.
2026-05-14T11:37:37.314Z [getAllProjects] Start - User: a6f2643a-6e8f-4bf2-bd33-6e86e4236c71, Org: 17674cf9-9aab-470b-98d9-b65820a3436e
2026-05-14T11:37:37.317Z [getAllProjects] Database and Model verified. Testing connection...
2026-05-14T11:37:37.318Z [getAllProjects] Connection Successful
2026-05-14T11:37:37.320Z [getAllProjects] Fetching all projects (no pagination)...
2026-05-14T11:37:37.340Z [getAllProjects] Found 8 projects. Computing progress...
2026-05-14T11:37:37.344Z [getAllProjects] Success. Returning response.
2026-05-14T11:42:37.022Z [getAllProjects] Start - User: a6f2643a-6e8f-4bf2-bd33-6e86e4236c71, Org: 17674cf9-9aab-470b-98d9-b65820a3436e
2026-05-14T11:42:37.024Z [getAllProjects] Database and Model verified. Testing connection...
2026-05-14T11:42:37.025Z [getAllProjects] Connection Successful
2026-05-14T11:42:37.026Z [getAllProjects] Fetching all projects (no pagination)...
2026-05-14T11:42:37.097Z [getAllProjects] Found 8 projects. Computing progress...
2026-05-14T11:42:37.100Z [getAllProjects] Success. Returning response.
2026-05-14T11:43:12.918Z [getAllProjects] Start - User: a6f2643a-6e8f-4bf2-bd33-6e86e4236c71, Org: 17674cf9-9aab-470b-98d9-b65820a3436e
2026-05-14T11:43:12.921Z [getAllProjects] Database and Model verified. Testing connection...
2026-05-14T11:43:12.923Z [getAllProjects] Connection Successful
2026-05-14T11:43:12.925Z [getAllProjects] Fetching all projects (no pagination)...
2026-05-14T11:43:12.941Z [getAllProjects] Found 8 projects. Computing progress...
2026-05-14T11:43:12.942Z [getAllProjects] Success. Returning response.
2026-05-14T11:47:36.912Z [getAllProjects] Start - User: a6f2643a-6e8f-4bf2-bd33-6e86e4236c71, Org: 17674cf9-9aab-470b-98d9-b65820a3436e
2026-05-14T11:47:36.914Z [getAllProjects] Database and Model verified. Testing connection...
2026-05-14T11:47:36.916Z [getAllProjects] Connection Successful
2026-05-14T11:47:36.917Z [getAllProjects] Fetching all projects (no pagination)...
2026-05-14T11:47:36.938Z [getAllProjects] Found 8 projects. Computing progress...
2026-05-14T11:47:36.940Z [getAllProjects] Success. Returning response.
2026-05-14T11:52:23.626Z [getAllProjects] Start - User: a6f2643a-6e8f-4bf2-bd33-6e86e4236c71, Org: 17674cf9-9aab-470b-98d9-b65820a3436e
2026-05-14T11:52:23.628Z [getAllProjects] Database and Model verified. Testing connection...
2026-05-14T11:52:23.629Z [getAllProjects] Connection Successful
2026-05-14T11:52:23.630Z [getAllProjects] Fetching paginated projects (page: 1, limit: 10)...
2026-05-14T11:52:23.697Z [getAllProjects] Found 8 projects (Total: 8). Computing progress...
2026-05-14T11:52:23.699Z [getAllProjects] Success. Returning paginated response.
2026-05-14T11:52:33.317Z [getAllProjects] Start - User: a6f2643a-6e8f-4bf2-bd33-6e86e4236c71, Org: 17674cf9-9aab-470b-98d9-b65820a3436e
2026-05-14T11:52:33.318Z [getAllProjects] Database and Model verified. Testing connection...
2026-05-14T11:52:33.320Z [getAllProjects] Connection Successful
2026-05-14T11:52:33.321Z [getAllProjects] Fetching all projects (no pagination)...
2026-05-14T11:52:33.331Z [getAllProjects] Found 8 projects. Computing progress...
2026-05-14T11:52:33.332Z [getAllProjects] Success. Returning response.
2026-05-14T11:55:42.877Z [getAllProjects] Start - User: a6f2643a-6e8f-4bf2-bd33-6e86e4236c71, Org: 17674cf9-9aab-470b-98d9-b65820a3436e
2026-05-14T11:55:42.880Z [getAllProjects] Database and Model verified. Testing connection...
2026-05-14T11:55:42.882Z [getAllProjects] Connection Successful
2026-05-14T11:55:42.883Z [getAllProjects] Fetching all projects (no pagination)...
2026-05-14T11:55:42.894Z [getAllProjects] Found 8 projects. Computing progress...
2026-05-14T11:55:42.896Z [getAllProjects] Success. Returning response.
2026-05-14T12:01:07.567Z [getAllProjects] Start - User: a6f2643a-6e8f-4bf2-bd33-6e86e4236c71, Org: 17674cf9-9aab-470b-98d9-b65820a3436e
2026-05-14T12:01:07.571Z [getAllProjects] Database and Model verified. Testing connection...
2026-05-14T12:01:07.574Z [getAllProjects] Connection Successful
2026-05-14T12:01:07.576Z [getAllProjects] Fetching all projects (no pagination)...
2026-05-14T12:01:07.595Z [getAllProjects] Found 8 projects. Computing progress...
2026-05-14T12:01:07.596Z [getAllProjects] Success. Returning response.
2026-05-14T12:01:26.549Z [getAllProjects] Start - User: a6f2643a-6e8f-4bf2-bd33-6e86e4236c71, Org: 17674cf9-9aab-470b-98d9-b65820a3436e
2026-05-14T12:01:26.551Z [getAllProjects] Database and Model verified. Testing connection...
2026-05-14T12:01:26.552Z [getAllProjects] Connection Successful
2026-05-14T12:01:26.554Z [getAllProjects] Fetching all projects (no pagination)...
2026-05-14T12:01:26.577Z [getAllProjects] Found 8 projects. Computing progress...
2026-05-14T12:01:26.578Z [getAllProjects] Success. Returning response.
2026-05-14T12:57:06.724Z [getAllProjects] Start - User: a6f2643a-6e8f-4bf2-bd33-6e86e4236c71, Org: 17674cf9-9aab-470b-98d9-b65820a3436e
2026-05-14T12:57:06.727Z [getAllProjects] Database and Model verified. Testing connection...
2026-05-14T12:57:06.729Z [getAllProjects] Connection Successful
2026-05-14T12:57:06.730Z [getAllProjects] Fetching all projects (no pagination)...
2026-05-14T12:57:06.748Z [getAllProjects] Found 8 projects. Computing progress...
2026-05-14T12:57:06.749Z [getAllProjects] Success. Returning response.
2026-05-14T13:02:07.127Z [getAllProjects] Start - User: a6f2643a-6e8f-4bf2-bd33-6e86e4236c71, Org: 17674cf9-9aab-470b-98d9-b65820a3436e
2026-05-14T13:02:07.129Z [getAllProjects] Database and Model verified. Testing connection...
2026-05-14T13:02:07.130Z [getAllProjects] Connection Successful
2026-05-14T13:02:07.131Z [getAllProjects] Fetching all projects (no pagination)...
2026-05-14T13:02:07.144Z [getAllProjects] Found 8 projects. Computing progress...
2026-05-14T13:02:07.146Z [getAllProjects] Success. Returning response.
2026-05-14T13:07:07.058Z [getAllProjects] Start - User: a6f2643a-6e8f-4bf2-bd33-6e86e4236c71, Org: 17674cf9-9aab-470b-98d9-b65820a3436e
2026-05-14T13:07:07.060Z [getAllProjects] Database and Model verified. Testing connection...
2026-05-14T13:07:07.061Z [getAllProjects] Connection Successful
2026-05-14T13:07:07.062Z [getAllProjects] Fetching all projects (no pagination)...
2026-05-14T13:07:07.125Z [getAllProjects] Found 8 projects. Computing progress...
2026-05-14T13:07:07.126Z [getAllProjects] Success. Returning response.
2026-05-15T04:41:22.661Z [getAllProjects] Start - User: a6f2643a-6e8f-4bf2-bd33-6e86e4236c71, Org: 17674cf9-9aab-470b-98d9-b65820a3436e
2026-05-15T04:41:22.665Z [getAllProjects] Database and Model verified. Testing connection...
2026-05-15T04:41:22.668Z [getAllProjects] Connection Successful
2026-05-15T04:41:22.669Z [getAllProjects] Fetching all projects (no pagination)...
2026-05-15T04:41:22.704Z [getAllProjects] Found 8 projects. Computing progress...
2026-05-15T04:41:22.707Z [getAllProjects] Success. Returning response.
2026-05-15T04:41:22.788Z [getAllProjects] Start - User: a6f2643a-6e8f-4bf2-bd33-6e86e4236c71, Org: 17674cf9-9aab-470b-98d9-b65820a3436e
2026-05-15T04:41:22.799Z [getAllProjects] Database and Model verified. Testing connection...
2026-05-15T04:41:22.805Z [getAllProjects] Connection Successful
2026-05-15T04:41:22.820Z [getAllProjects] Fetching all projects (no pagination)...
2026-05-15T04:41:22.870Z [getAllProjects] Found 8 projects. Computing progress...
2026-05-15T04:41:22.873Z [getAllProjects] Success. Returning response.
2026-05-15T04:46:22.223Z [getAllProjects] Start - User: a6f2643a-6e8f-4bf2-bd33-6e86e4236c71, Org: 17674cf9-9aab-470b-98d9-b65820a3436e
2026-05-15T04:46:22.226Z [getAllProjects] Database and Model verified. Testing connection...
2026-05-15T04:46:22.227Z [getAllProjects] Connection Successful
2026-05-15T04:46:22.228Z [getAllProjects] Fetching all projects (no pagination)...
2026-05-15T04:46:22.241Z [getAllProjects] Found 8 projects. Computing progress...
2026-05-15T04:46:22.243Z [getAllProjects] Success. Returning response.
2026-05-15T04:51:23.061Z [getAllProjects] Start - User: a6f2643a-6e8f-4bf2-bd33-6e86e4236c71, Org: 17674cf9-9aab-470b-98d9-b65820a3436e
2026-05-15T04:51:23.063Z [getAllProjects] Database and Model verified. Testing connection...
2026-05-15T04:51:23.064Z [getAllProjects] Connection Successful
2026-05-15T04:51:23.065Z [getAllProjects] Fetching all projects (no pagination)...
2026-05-15T04:51:23.079Z [getAllProjects] Found 8 projects. Computing progress...
2026-05-15T04:51:23.081Z [getAllProjects] Success. Returning response.
2026-05-15T04:56:22.979Z [getAllProjects] Start - User: a6f2643a-6e8f-4bf2-bd33-6e86e4236c71, Org: 17674cf9-9aab-470b-98d9-b65820a3436e
2026-05-15T04:56:22.981Z [getAllProjects] Database and Model verified. Testing connection...
2026-05-15T04:56:22.982Z [getAllProjects] Connection Successful
2026-05-15T04:56:22.983Z [getAllProjects] Fetching all projects (no pagination)...
2026-05-15T04:56:22.998Z [getAllProjects] Found 8 projects. Computing progress...
2026-05-15T04:56:23.000Z [getAllProjects] Success. Returning response.
2026-05-15T05:01:23.090Z [getAllProjects] Start - User: a6f2643a-6e8f-4bf2-bd33-6e86e4236c71, Org: 17674cf9-9aab-470b-98d9-b65820a3436e
2026-05-15T05:01:23.092Z [getAllProjects] Database and Model verified. Testing connection...
2026-05-15T05:01:23.093Z [getAllProjects] Connection Successful
2026-05-15T05:01:23.094Z [getAllProjects] Fetching all projects (no pagination)...
2026-05-15T05:01:23.106Z [getAllProjects] Found 8 projects. Computing progress...
2026-05-15T05:01:23.107Z [getAllProjects] Success. Returning response.
2026-05-15T05:06:23.071Z [getAllProjects] Start - User: a6f2643a-6e8f-4bf2-bd33-6e86e4236c71, Org: 17674cf9-9aab-470b-98d9-b65820a3436e
2026-05-15T05:06:23.073Z [getAllProjects] Database and Model verified. Testing connection...
2026-05-15T05:06:23.074Z [getAllProjects] Connection Successful
2026-05-15T05:06:23.076Z [getAllProjects] Fetching all projects (no pagination)...
2026-05-15T05:06:23.085Z [getAllProjects] Found 8 projects. Computing progress...
2026-05-15T05:06:23.087Z [getAllProjects] Success. Returning response.
2026-05-15T05:11:23.196Z [getAllProjects] Start - User: a6f2643a-6e8f-4bf2-bd33-6e86e4236c71, Org: 17674cf9-9aab-470b-98d9-b65820a3436e
2026-05-15T05:11:23.198Z [getAllProjects] Database and Model verified. Testing connection...
2026-05-15T05:11:23.199Z [getAllProjects] Connection Successful
2026-05-15T05:11:23.200Z [getAllProjects] Fetching all projects (no pagination)...
2026-05-15T05:11:23.213Z [getAllProjects] Found 8 projects. Computing progress...
2026-05-15T05:11:23.214Z [getAllProjects] Success. Returning response.
2026-05-15T05:17:11.381Z [getAllProjects] Start - User: a6f2643a-6e8f-4bf2-bd33-6e86e4236c71, Org: 17674cf9-9aab-470b-98d9-b65820a3436e
2026-05-15T05:17:11.382Z [getAllProjects] Database and Model verified. Testing connection...
2026-05-15T05:17:11.384Z [getAllProjects] Connection Successful
2026-05-15T05:17:11.385Z [getAllProjects] Fetching all projects (no pagination)...
2026-05-15T05:17:11.396Z [getAllProjects] Found 8 projects. Computing progress...
2026-05-15T05:17:11.397Z [getAllProjects] Success. Returning response.
2026-05-15T05:22:02.893Z [getAllProjects] Start - User: a6f2643a-6e8f-4bf2-bd33-6e86e4236c71, Org: 17674cf9-9aab-470b-98d9-b65820a3436e
2026-05-15T05:22:02.894Z [getAllProjects] Database and Model verified. Testing connection...
2026-05-15T05:22:02.896Z [getAllProjects] Connection Successful
2026-05-15T05:22:02.897Z [getAllProjects] Fetching all projects (no pagination)...
2026-05-15T05:22:02.903Z [getAllProjects] Found 8 projects. Computing progress...
2026-05-15T05:22:02.904Z [getAllProjects] Success. Returning response.
2026-05-15T05:25:04.458Z [getAllProjects] Start - User: a6f2643a-6e8f-4bf2-bd33-6e86e4236c71, Org: 17674cf9-9aab-470b-98d9-b65820a3436e
2026-05-15T05:25:04.460Z [getAllProjects] Database and Model verified. Testing connection...
2026-05-15T05:25:04.461Z [getAllProjects] Connection Successful
2026-05-15T05:25:04.463Z [getAllProjects] Fetching all projects (no pagination)...
2026-05-15T05:25:04.479Z [getAllProjects] Found 8 projects. Computing progress...
2026-05-15T05:25:04.481Z [getAllProjects] Success. Returning response.
2026-05-15T05:31:23.200Z [getAllProjects] Start - User: a6f2643a-6e8f-4bf2-bd33-6e86e4236c71, Org: 17674cf9-9aab-470b-98d9-b65820a3436e
2026-05-15T05:31:23.206Z [getAllProjects] Database and Model verified. Testing connection...
2026-05-15T05:31:23.210Z [getAllProjects] Connection Successful
2026-05-15T05:31:23.212Z [getAllProjects] Fetching paginated projects (page: 1, limit: 10)...
2026-05-15T05:31:23.228Z [getAllProjects] Found 8 projects (Total: 8). Computing progress...
2026-05-15T05:31:23.230Z [getAllProjects] Success. Returning paginated response.
2026-05-15T05:31:26.312Z [getAllProjects] Start - User: a6f2643a-6e8f-4bf2-bd33-6e86e4236c71, Org: 17674cf9-9aab-470b-98d9-b65820a3436e
2026-05-15T05:31:26.316Z [getAllProjects] Database and Model verified. Testing connection...
2026-05-15T05:31:26.323Z [getAllProjects] Connection Successful
2026-05-15T05:31:26.328Z [getAllProjects] Fetching all projects (no pagination)...
2026-05-15T05:31:26.342Z [getAllProjects] Found 8 projects. Computing progress...
2026-05-15T05:31:26.344Z [getAllProjects] Success. Returning response.
2026-05-15T05:31:28.280Z [getAllProjects] Start - User: a6f2643a-6e8f-4bf2-bd33-6e86e4236c71, Org: 17674cf9-9aab-470b-98d9-b65820a3436e
2026-05-15T05:31:28.282Z [getAllProjects] Database and Model verified. Testing connection...
2026-05-15T05:31:28.284Z [getAllProjects] Connection Successful
2026-05-15T05:31:28.286Z [getAllProjects] Fetching all projects (no pagination)...
2026-05-15T05:31:28.299Z [getAllProjects] Found 8 projects. Computing progress...
2026-05-15T05:31:28.300Z [getAllProjects] Success. Returning response.
2026-05-15T05:31:33.402Z [getAllProjects] Start - User: a6f2643a-6e8f-4bf2-bd33-6e86e4236c71, Org: 17674cf9-9aab-470b-98d9-b65820a3436e
2026-05-15T05:31:33.404Z [getAllProjects] Database and Model verified. Testing connection...
2026-05-15T05:31:33.405Z [getAllProjects] Connection Successful
2026-05-15T05:31:33.407Z [getAllProjects] Fetching all projects (no pagination)...
2026-05-15T05:31:33.418Z [getAllProjects] Found 8 projects. Computing progress...
2026-05-15T05:31:33.419Z [getAllProjects] Success. Returning response.
2026-05-15T05:31:35.685Z [getAllProjects] Start - User: a6f2643a-6e8f-4bf2-bd33-6e86e4236c71, Org: 17674cf9-9aab-470b-98d9-b65820a3436e
2026-05-15T05:31:35.687Z [getAllProjects] Database and Model verified. Testing connection...
2026-05-15T05:31:35.688Z [getAllProjects] Connection Successful
2026-05-15T05:31:35.689Z [getAllProjects] Fetching all projects (no pagination)...
2026-05-15T05:31:35.698Z [getAllProjects] Found 8 projects. Computing progress...
2026-05-15T05:31:35.699Z [getAllProjects] Success. Returning response.
2026-05-15T05:31:36.644Z [getAllProjects] Start - User: a6f2643a-6e8f-4bf2-bd33-6e86e4236c71, Org: 17674cf9-9aab-470b-98d9-b65820a3436e
2026-05-15T05:31:36.646Z [getAllProjects] Database and Model verified. Testing connection...
2026-05-15T05:31:36.647Z [getAllProjects] Connection Successful
2026-05-15T05:31:36.648Z [getAllProjects] Fetching all projects (no pagination)...
2026-05-15T05:31:36.655Z [getAllProjects] Found 8 projects. Computing progress...
2026-05-15T05:31:36.657Z [getAllProjects] Success. Returning response.
2026-05-15T05:34:42.705Z [getAllProjects] Start - User: a6f2643a-6e8f-4bf2-bd33-6e86e4236c71, Org: 17674cf9-9aab-470b-98d9-b65820a3436e
2026-05-15T05:34:42.708Z [getAllProjects] Database and Model verified. Testing connection...
2026-05-15T05:34:42.710Z [getAllProjects] Connection Successful
2026-05-15T05:34:42.712Z [getAllProjects] Fetching all projects (no pagination)...
2026-05-15T05:34:42.726Z [getAllProjects] Found 8 projects. Computing progress...
2026-05-15T05:34:42.729Z [getAllProjects] Success. Returning response.
2026-05-15T05:35:09.182Z [getAllProjects] Start - User: a6f2643a-6e8f-4bf2-bd33-6e86e4236c71, Org: 17674cf9-9aab-470b-98d9-b65820a3436e
2026-05-15T05:35:09.184Z [getAllProjects] Database and Model verified. Testing connection...
2026-05-15T05:35:09.186Z [getAllProjects] Connection Successful
2026-05-15T05:35:09.187Z [getAllProjects] Fetching all projects (no pagination)...
2026-05-15T05:35:09.208Z [getAllProjects] Found 8 projects. Computing progress...
2026-05-15T05:35:09.210Z [getAllProjects] Success. Returning response.
2026-05-15T05:35:18.406Z [getAllProjects] Start - User: a6f2643a-6e8f-4bf2-bd33-6e86e4236c71, Org: 17674cf9-9aab-470b-98d9-b65820a3436e
2026-05-15T05:35:18.409Z [getAllProjects] Database and Model verified. Testing connection...
2026-05-15T05:35:18.411Z [getAllProjects] Connection Successful
2026-05-15T05:35:18.413Z [getAllProjects] Fetching all projects (no pagination)...
2026-05-15T05:35:18.424Z [getAllProjects] Found 8 projects. Computing progress...
2026-05-15T05:35:18.427Z [getAllProjects] Success. Returning response.
2026-05-15T05:35:39.903Z [getAllProjects] Start - User: a6f2643a-6e8f-4bf2-bd33-6e86e4236c71, Org: 17674cf9-9aab-470b-98d9-b65820a3436e
2026-05-15T05:35:39.905Z [getAllProjects] Database and Model verified. Testing connection...
2026-05-15T05:35:39.906Z [getAllProjects] Connection Successful
2026-05-15T05:35:39.907Z [getAllProjects] Fetching all projects (no pagination)...
2026-05-15T05:35:39.916Z [getAllProjects] Found 8 projects. Computing progress...
2026-05-15T05:35:39.918Z [getAllProjects] Success. Returning response.
2026-05-15T05:35:42.602Z [getAllProjects] Start - User: a6f2643a-6e8f-4bf2-bd33-6e86e4236c71, Org: 17674cf9-9aab-470b-98d9-b65820a3436e
2026-05-15T05:35:42.603Z [getAllProjects] Database and Model verified. Testing connection...
2026-05-15T05:35:42.604Z [getAllProjects] Connection Successful
2026-05-15T05:35:42.605Z [getAllProjects] Fetching paginated projects (page: 1, limit: 10)...
2026-05-15T05:35:42.617Z [getAllProjects] Found 8 projects (Total: 8). Computing progress...
2026-05-15T05:35:42.620Z [getAllProjects] Success. Returning paginated response.
2026-05-15T05:35:45.443Z [getAllProjects] Start - User: a6f2643a-6e8f-4bf2-bd33-6e86e4236c71, Org: 17674cf9-9aab-470b-98d9-b65820a3436e
2026-05-15T05:35:45.445Z [getAllProjects] Database and Model verified. Testing connection...
2026-05-15T05:35:45.446Z [getAllProjects] Connection Successful
2026-05-15T05:35:45.447Z [getAllProjects] Fetching all projects (no pagination)...
2026-05-15T05:35:45.455Z [getAllProjects] Found 8 projects. Computing progress...
2026-05-15T05:35:45.457Z [getAllProjects] Success. Returning response.
2026-05-15T05:37:11.821Z [getAllProjects] Start - User: a6f2643a-6e8f-4bf2-bd33-6e86e4236c71, Org: 17674cf9-9aab-470b-98d9-b65820a3436e
2026-05-15T05:37:11.823Z [getAllProjects] Database and Model verified. Testing connection...
2026-05-15T05:37:11.824Z [getAllProjects] Connection Successful
2026-05-15T05:37:11.825Z [getAllProjects] Fetching all projects (no pagination)...
2026-05-15T05:37:11.832Z [getAllProjects] Found 8 projects. Computing progress...
2026-05-15T05:37:11.834Z [getAllProjects] Success. Returning response.
2026-05-15T05:37:20.883Z [getAllProjects] Start - User: a6f2643a-6e8f-4bf2-bd33-6e86e4236c71, Org: 17674cf9-9aab-470b-98d9-b65820a3436e
2026-05-15T05:37:20.884Z [getAllProjects] Database and Model verified. Testing connection...
2026-05-15T05:37:20.885Z [getAllProjects] Connection Successful
2026-05-15T05:37:20.887Z [getAllProjects] Fetching all projects (no pagination)...
2026-05-15T05:37:20.954Z [getAllProjects] Found 8 projects. Computing progress...
2026-05-15T05:37:20.955Z [getAllProjects] Success. Returning response.
2026-05-15T05:37:48.309Z [getAllProjects] Start - User: a6f2643a-6e8f-4bf2-bd33-6e86e4236c71, Org: 17674cf9-9aab-470b-98d9-b65820a3436e
2026-05-15T05:37:48.311Z [getAllProjects] Database and Model verified. Testing connection...
2026-05-15T05:37:48.312Z [getAllProjects] Connection Successful
2026-05-15T05:37:48.313Z [getAllProjects] Fetching all projects (no pagination)...
2026-05-15T05:37:48.324Z [getAllProjects] Found 8 projects. Computing progress...
2026-05-15T05:37:48.325Z [getAllProjects] Success. Returning response.
2026-05-15T05:39:01.560Z [getAllProjects] Start - User: a6f2643a-6e8f-4bf2-bd33-6e86e4236c71, Org: 17674cf9-9aab-470b-98d9-b65820a3436e
2026-05-15T05:39:01.562Z [getAllProjects] Database and Model verified. Testing connection...
2026-05-15T05:39:01.564Z [getAllProjects] Connection Successful
2026-05-15T05:39:01.565Z [getAllProjects] Fetching all projects (no pagination)...
2026-05-15T05:39:01.578Z [getAllProjects] Found 8 projects. Computing progress...
2026-05-15T05:39:01.580Z [getAllProjects] Success. Returning response.
2026-05-15T05:43:56.449Z [getAllProjects] Start - User: a6f2643a-6e8f-4bf2-bd33-6e86e4236c71, Org: 17674cf9-9aab-470b-98d9-b65820a3436e
2026-05-15T05:43:56.450Z [getAllProjects] Database and Model verified. Testing connection...
2026-05-15T05:43:56.452Z [getAllProjects] Connection Successful
2026-05-15T05:43:56.453Z [getAllProjects] Fetching all projects (no pagination)...
2026-05-15T05:43:56.462Z [getAllProjects] Found 8 projects. Computing progress...
2026-05-15T05:43:56.464Z [getAllProjects] Success. Returning response.
2026-05-15T06:03:54.849Z [getAllProjects] Start - User: a6f2643a-6e8f-4bf2-bd33-6e86e4236c71, Org: 17674cf9-9aab-470b-98d9-b65820a3436e
2026-05-15T06:03:54.852Z [getAllProjects] Database and Model verified. Testing connection...
2026-05-15T06:03:54.853Z [getAllProjects] Connection Successful
2026-05-15T06:03:54.855Z [getAllProjects] Fetching all projects (no pagination)...
2026-05-15T06:03:54.877Z [getAllProjects] Found 8 projects. Computing progress...
2026-05-15T06:03:54.878Z [getAllProjects] Success. Returning response.
2026-05-15T06:04:03.824Z [getAllProjects] Start - User: a6f2643a-6e8f-4bf2-bd33-6e86e4236c71, Org: 17674cf9-9aab-470b-98d9-b65820a3436e
2026-05-15T06:04:03.826Z [getAllProjects] Database and Model verified. Testing connection...
2026-05-15T06:04:03.827Z [getAllProjects] Connection Successful
2026-05-15T06:04:03.828Z [getAllProjects] Fetching all projects (no pagination)...
2026-05-15T06:04:03.849Z [getAllProjects] Found 8 projects. Computing progress...
2026-05-15T06:04:03.850Z [getAllProjects] Success. Returning response.
2026-05-15T06:04:06.352Z [getAllProjects] Start - User: a6f2643a-6e8f-4bf2-bd33-6e86e4236c71, Org: 17674cf9-9aab-470b-98d9-b65820a3436e
2026-05-15T06:04:06.355Z [getAllProjects] Database and Model verified. Testing connection...
2026-05-15T06:04:06.356Z [getAllProjects] Connection Successful
2026-05-15T06:04:06.357Z [getAllProjects] Fetching all projects (no pagination)...
2026-05-15T06:04:06.364Z [getAllProjects] Found 8 projects. Computing progress...
2026-05-15T06:04:06.365Z [getAllProjects] Success. Returning response.
2026-05-15T06:04:22.647Z [getAllProjects] Start - User: a6f2643a-6e8f-4bf2-bd33-6e86e4236c71, Org: 17674cf9-9aab-470b-98d9-b65820a3436e
2026-05-15T06:04:22.648Z [getAllProjects] Database and Model verified. Testing connection...
2026-05-15T06:04:22.650Z [getAllProjects] Connection Successful
2026-05-15T06:04:22.651Z [getAllProjects] Fetching all projects (no pagination)...
2026-05-15T06:04:22.677Z [getAllProjects] Found 8 projects. Computing progress...
2026-05-15T06:04:22.680Z [getAllProjects] Success. Returning response.
2026-05-15T06:04:22.704Z [getAllProjects] Start - User: a6f2643a-6e8f-4bf2-bd33-6e86e4236c71, Org: 17674cf9-9aab-470b-98d9-b65820a3436e
2026-05-15T06:04:22.706Z [getAllProjects] Database and Model verified. Testing connection...
2026-05-15T06:04:22.707Z [getAllProjects] Connection Successful
2026-05-15T06:04:22.710Z [getAllProjects] Fetching all projects (no pagination)...
2026-05-15T06:04:22.728Z [getAllProjects] Found 8 projects. Computing progress...
2026-05-15T06:04:22.729Z [getAllProjects] Success. Returning response.
2026-05-15T06:07:07.699Z [getAllProjects] Start - User: a6f2643a-6e8f-4bf2-bd33-6e86e4236c71, Org: 17674cf9-9aab-470b-98d9-b65820a3436e
2026-05-15T06:07:07.700Z [getAllProjects] Database and Model verified. Testing connection...
2026-05-15T06:07:07.702Z [getAllProjects] Connection Successful
2026-05-15T06:07:07.704Z [getAllProjects] Fetching all projects (no pagination)...
2026-05-15T06:07:07.712Z [getAllProjects] Found 8 projects. Computing progress...
2026-05-15T06:07:07.713Z [getAllProjects] Success. Returning response.
2026-05-15T06:09:22.760Z [getAllProjects] Start - User: a6f2643a-6e8f-4bf2-bd33-6e86e4236c71, Org: 17674cf9-9aab-470b-98d9-b65820a3436e
2026-05-15T06:09:22.761Z [getAllProjects] Database and Model verified. Testing connection...
2026-05-15T06:09:22.763Z [getAllProjects] Connection Successful
2026-05-15T06:09:22.766Z [getAllProjects] Fetching all projects (no pagination)...
2026-05-15T06:09:22.819Z [getAllProjects] Found 8 projects. Computing progress...
2026-05-15T06:09:22.820Z [getAllProjects] Success. Returning response.
2026-05-15T06:16:55.584Z [getAllProjects] Start - User: a6f2643a-6e8f-4bf2-bd33-6e86e4236c71, Org: 17674cf9-9aab-470b-98d9-b65820a3436e
2026-05-15T06:16:55.586Z [getAllProjects] Database and Model verified. Testing connection...
2026-05-15T06:16:55.587Z [getAllProjects] Connection Successful
2026-05-15T06:16:55.588Z [getAllProjects] Fetching all projects (no pagination)...
2026-05-15T06:16:55.608Z [getAllProjects] Found 8 projects. Computing progress...
2026-05-15T06:16:55.612Z [getAllProjects] Success. Returning response.
2026-05-15T06:16:57.152Z [getAllProjects] Start - User: a6f2643a-6e8f-4bf2-bd33-6e86e4236c71, Org: 17674cf9-9aab-470b-98d9-b65820a3436e
2026-05-15T06:16:57.154Z [getAllProjects] Database and Model verified. Testing connection...
2026-05-15T06:16:57.155Z [getAllProjects] Connection Successful
2026-05-15T06:16:57.156Z [getAllProjects] Fetching paginated projects (page: 1, limit: 10)...
2026-05-15T06:16:57.220Z [getAllProjects] Found 8 projects (Total: 8). Computing progress...
2026-05-15T06:16:57.222Z [getAllProjects] Success. Returning paginated response.
2026-05-15T06:17:26.121Z [getAllProjects] Start - User: a6f2643a-6e8f-4bf2-bd33-6e86e4236c71, Org: 17674cf9-9aab-470b-98d9-b65820a3436e
2026-05-15T06:17:26.123Z [getAllProjects] Database and Model verified. Testing connection...
2026-05-15T06:17:26.125Z [getAllProjects] Connection Successful
2026-05-15T06:17:26.127Z [getAllProjects] Fetching paginated projects (page: 1, limit: 10)...
2026-05-15T06:17:26.137Z [getAllProjects] Found 8 projects (Total: 8). Computing progress...
2026-05-15T06:17:26.138Z [getAllProjects] Success. Returning paginated response.
2026-05-15T06:21:59.335Z [getAllProjects] Start - User: a6f2643a-6e8f-4bf2-bd33-6e86e4236c71, Org: 17674cf9-9aab-470b-98d9-b65820a3436e
2026-05-15T06:21:59.337Z [getAllProjects] Database and Model verified. Testing connection...
2026-05-15T06:21:59.338Z [getAllProjects] Connection Successful
2026-05-15T06:21:59.339Z [getAllProjects] Fetching all projects (no pagination)...
2026-05-15T06:21:59.348Z [getAllProjects] Found 8 projects. Computing progress...
2026-05-15T06:21:59.350Z [getAllProjects] Success. Returning response.
2026-05-15T06:26:44.551Z [getAllProjects] Start - User: a6f2643a-6e8f-4bf2-bd33-6e86e4236c71, Org: 17674cf9-9aab-470b-98d9-b65820a3436e
2026-05-15T06:26:44.553Z [getAllProjects] Database and Model verified. Testing connection...
2026-05-15T06:26:44.554Z [getAllProjects] Connection Successful
2026-05-15T06:26:44.555Z [getAllProjects] Fetching all projects (no pagination)...
2026-05-15T06:26:44.569Z [getAllProjects] Found 8 projects. Computing progress...
2026-05-15T06:26:44.571Z [getAllProjects] Success. Returning response.
2026-05-15T06:27:04.892Z [getAllProjects] Start - User: a6f2643a-6e8f-4bf2-bd33-6e86e4236c71, Org: 17674cf9-9aab-470b-98d9-b65820a3436e
2026-05-15T06:27:04.894Z [getAllProjects] Database and Model verified. Testing connection...
2026-05-15T06:27:04.895Z [getAllProjects] Connection Successful
2026-05-15T06:27:04.896Z [getAllProjects] Fetching all projects (no pagination)...
2026-05-15T06:27:04.905Z [getAllProjects] Found 8 projects. Computing progress...
2026-05-15T06:27:04.906Z [getAllProjects] Success. Returning response.
2026-05-15T07:02:32.007Z [getAllProjects] Start - User: a6f2643a-6e8f-4bf2-bd33-6e86e4236c71, Org: 17674cf9-9aab-470b-98d9-b65820a3436e
2026-05-15T07:02:32.012Z [getAllProjects] Database and Model verified. Testing connection...
2026-05-15T07:02:32.015Z [getAllProjects] Connection Successful
2026-05-15T07:02:32.017Z [getAllProjects] Fetching all projects (no pagination)...
2026-05-15T07:02:32.054Z [getAllProjects] Found 8 projects. Computing progress...
2026-05-15T07:02:32.057Z [getAllProjects] Success. Returning response.
2026-05-15T07:05:41.161Z [getAllProjects] Start - User: a6f2643a-6e8f-4bf2-bd33-6e86e4236c71, Org: 17674cf9-9aab-470b-98d9-b65820a3436e
2026-05-15T07:05:41.163Z [getAllProjects] Database and Model verified. Testing connection...
2026-05-15T07:05:41.164Z [getAllProjects] Connection Successful
2026-05-15T07:05:41.165Z [getAllProjects] Fetching all projects (no pagination)...
2026-05-15T07:05:41.181Z [getAllProjects] Found 8 projects. Computing progress...
2026-05-15T07:05:41.183Z [getAllProjects] Success. Returning response.
2026-05-15T07:06:16.596Z [getAllProjects] Start - User: a6f2643a-6e8f-4bf2-bd33-6e86e4236c71, Org: 17674cf9-9aab-470b-98d9-b65820a3436e
2026-05-15T07:06:16.598Z [getAllProjects] Database and Model verified. Testing connection...
2026-05-15T07:06:16.600Z [getAllProjects] Connection Successful
2026-05-15T07:06:16.601Z [getAllProjects] Fetching paginated projects (page: 1, limit: 10)...
2026-05-15T07:06:16.614Z [getAllProjects] Found 8 projects (Total: 8). Computing progress...
2026-05-15T07:06:16.615Z [getAllProjects] Success. Returning paginated response.
2026-05-15T07:06:21.581Z [getAllProjects] Start - User: a6f2643a-6e8f-4bf2-bd33-6e86e4236c71, Org: 17674cf9-9aab-470b-98d9-b65820a3436e
2026-05-15T07:06:21.583Z [getAllProjects] Database and Model verified. Testing connection...
2026-05-15T07:06:21.584Z [getAllProjects] Connection Successful
2026-05-15T07:06:21.586Z [getAllProjects] Fetching all projects (no pagination)...
2026-05-15T07:06:21.595Z [getAllProjects] Found 8 projects. Computing progress...
2026-05-15T07:06:21.596Z [getAllProjects] Success. Returning response.
2026-05-15T07:06:51.252Z [getAllProjects] Start - User: a6f2643a-6e8f-4bf2-bd33-6e86e4236c71, Org: 17674cf9-9aab-470b-98d9-b65820a3436e
2026-05-15T07:06:51.254Z [getAllProjects] Database and Model verified. Testing connection...
2026-05-15T07:06:51.255Z [getAllProjects] Connection Successful
2026-05-15T07:06:51.257Z [getAllProjects] Fetching all projects (no pagination)...
2026-05-15T07:06:51.266Z [getAllProjects] Found 8 projects. Computing progress...
2026-05-15T07:06:51.267Z [getAllProjects] Success. Returning response.
2026-05-15T07:06:53.145Z [getAllProjects] Start - User: a6f2643a-6e8f-4bf2-bd33-6e86e4236c71, Org: 17674cf9-9aab-470b-98d9-b65820a3436e
2026-05-15T07:06:53.146Z [getAllProjects] Database and Model verified. Testing connection...
2026-05-15T07:06:53.147Z [getAllProjects] Connection Successful
2026-05-15T07:06:53.149Z [getAllProjects] Fetching paginated projects (page: 1, limit: 10)...
2026-05-15T07:06:53.157Z [getAllProjects] Found 8 projects (Total: 8). Computing progress...
2026-05-15T07:06:53.158Z [getAllProjects] Success. Returning paginated response.
2026-05-15T07:11:31.080Z [getAllProjects] Start - User: a6f2643a-6e8f-4bf2-bd33-6e86e4236c71, Org: 17674cf9-9aab-470b-98d9-b65820a3436e
2026-05-15T07:11:31.082Z [getAllProjects] Database and Model verified. Testing connection...
2026-05-15T07:11:31.084Z [getAllProjects] Connection Successful
2026-05-15T07:11:31.085Z [getAllProjects] Fetching paginated projects (page: 1, limit: 10)...
2026-05-15T07:11:31.147Z [getAllProjects] Found 8 projects (Total: 8). Computing progress...
2026-05-15T07:11:31.148Z [getAllProjects] Success. Returning paginated response.
2026-05-15T09:25:26.852Z [getAllProjects] Start - User: a6f2643a-6e8f-4bf2-bd33-6e86e4236c71, Org: 17674cf9-9aab-470b-98d9-b65820a3436e
2026-05-15T09:25:26.859Z [getAllProjects] Database and Model verified. Testing connection...
2026-05-15T09:25:26.867Z [getAllProjects] Connection Successful
2026-05-15T09:25:26.871Z [getAllProjects] Fetching all projects (no pagination)...
2026-05-15T09:25:26.909Z [getAllProjects] Found 8 projects. Computing progress...
2026-05-15T09:25:26.913Z [getAllProjects] Success. Returning response.
2026-05-15T09:30:26.165Z [getAllProjects] Start - User: a6f2643a-6e8f-4bf2-bd33-6e86e4236c71, Org: 17674cf9-9aab-470b-98d9-b65820a3436e
2026-05-15T09:30:26.166Z [getAllProjects] Database and Model verified. Testing connection...
2026-05-15T09:30:26.167Z [getAllProjects] Connection Successful
2026-05-15T09:30:26.168Z [getAllProjects] Fetching all projects (no pagination)...
2026-05-15T09:30:26.178Z [getAllProjects] Found 8 projects. Computing progress...
2026-05-15T09:30:26.179Z [getAllProjects] Success. Returning response.
2026-05-15T09:35:26.163Z [getAllProjects] Start - User: a6f2643a-6e8f-4bf2-bd33-6e86e4236c71, Org: 17674cf9-9aab-470b-98d9-b65820a3436e
2026-05-15T09:35:26.165Z [getAllProjects] Database and Model verified. Testing connection...
2026-05-15T09:35:26.166Z [getAllProjects] Connection Successful
2026-05-15T09:35:26.167Z [getAllProjects] Fetching all projects (no pagination)...
2026-05-15T09:35:26.179Z [getAllProjects] Found 8 projects. Computing progress...
2026-05-15T09:35:26.181Z [getAllProjects] Success. Returning response.
2026-05-15T09:40:26.848Z [getAllProjects] Start - User: a6f2643a-6e8f-4bf2-bd33-6e86e4236c71, Org: 17674cf9-9aab-470b-98d9-b65820a3436e
2026-05-15T09:40:26.850Z [getAllProjects] Database and Model verified. Testing connection...
2026-05-15T09:40:26.851Z [getAllProjects] Connection Successful
2026-05-15T09:40:26.852Z [getAllProjects] Fetching all projects (no pagination)...
2026-05-15T09:40:26.864Z [getAllProjects] Found 8 projects. Computing progress...
2026-05-15T09:40:26.865Z [getAllProjects] Success. Returning response.
2026-05-15T09:45:26.107Z [getAllProjects] Start - User: a6f2643a-6e8f-4bf2-bd33-6e86e4236c71, Org: 17674cf9-9aab-470b-98d9-b65820a3436e
2026-05-15T09:45:26.109Z [getAllProjects] Database and Model verified. Testing connection...
2026-05-15T09:45:26.111Z [getAllProjects] Connection Successful
2026-05-15T09:45:26.112Z [getAllProjects] Fetching all projects (no pagination)...
2026-05-15T09:45:26.123Z [getAllProjects] Found 8 projects. Computing progress...
2026-05-15T09:45:26.125Z [getAllProjects] Success. Returning response.
2026-05-15T09:50:26.199Z [getAllProjects] Start - User: a6f2643a-6e8f-4bf2-bd33-6e86e4236c71, Org: 17674cf9-9aab-470b-98d9-b65820a3436e
2026-05-15T09:50:26.200Z [getAllProjects] Database and Model verified. Testing connection...
2026-05-15T09:50:26.202Z [getAllProjects] Connection Successful
2026-05-15T09:50:26.202Z [getAllProjects] Fetching all projects (no pagination)...
2026-05-15T09:50:26.363Z [getAllProjects] Found 8 projects. Computing progress...
2026-05-15T09:50:26.364Z [getAllProjects] Success. Returning response.
2026-05-15T09:55:26.162Z [getAllProjects] Start - User: a6f2643a-6e8f-4bf2-bd33-6e86e4236c71, Org: 17674cf9-9aab-470b-98d9-b65820a3436e
2026-05-15T09:55:26.164Z [getAllProjects] Database and Model verified. Testing connection...
2026-05-15T09:55:26.166Z [getAllProjects] Connection Successful
2026-05-15T09:55:26.167Z [getAllProjects] Fetching all projects (no pagination)...
2026-05-15T09:55:26.179Z [getAllProjects] Found 8 projects. Computing progress...
2026-05-15T09:55:26.181Z [getAllProjects] Success. Returning response.
2026-05-15T10:00:26.159Z [getAllProjects] Start - User: a6f2643a-6e8f-4bf2-bd33-6e86e4236c71, Org: 17674cf9-9aab-470b-98d9-b65820a3436e
2026-05-15T10:00:26.160Z [getAllProjects] Database and Model verified. Testing connection...
2026-05-15T10:00:26.161Z [getAllProjects] Connection Successful
2026-05-15T10:00:26.162Z [getAllProjects] Fetching all projects (no pagination)...
2026-05-15T10:00:26.213Z [getAllProjects] Found 8 projects. Computing progress...
2026-05-15T10:00:26.214Z [getAllProjects] Success. Returning response.
2026-05-15T10:05:26.116Z [getAllProjects] Start - User: a6f2643a-6e8f-4bf2-bd33-6e86e4236c71, Org: 17674cf9-9aab-470b-98d9-b65820a3436e
2026-05-15T10:05:26.119Z [getAllProjects] Database and Model verified. Testing connection...
2026-05-15T10:05:26.120Z [getAllProjects] Connection Successful
2026-05-15T10:05:26.122Z [getAllProjects] Fetching all projects (no pagination)...
2026-05-15T10:05:26.145Z [getAllProjects] Found 8 projects. Computing progress...
2026-05-15T10:05:26.147Z [getAllProjects] Success. Returning response.
2026-05-15T10:10:26.756Z [getAllProjects] Start - User: a6f2643a-6e8f-4bf2-bd33-6e86e4236c71, Org: 17674cf9-9aab-470b-98d9-b65820a3436e
2026-05-15T10:10:26.757Z [getAllProjects] Database and Model verified. Testing connection...
2026-05-15T10:10:26.758Z [getAllProjects] Connection Successful
2026-05-15T10:10:26.759Z [getAllProjects] Fetching all projects (no pagination)...
2026-05-15T10:10:26.769Z [getAllProjects] Found 8 projects. Computing progress...
2026-05-15T10:10:26.771Z [getAllProjects] Success. Returning response.
2026-05-15T10:16:11.826Z [getAllProjects] Start - User: a6f2643a-6e8f-4bf2-bd33-6e86e4236c71, Org: 17674cf9-9aab-470b-98d9-b65820a3436e
2026-05-15T10:16:11.827Z [getAllProjects] Database and Model verified. Testing connection...
2026-05-15T10:16:11.828Z [getAllProjects] Connection Successful
2026-05-15T10:16:11.829Z [getAllProjects] Fetching all projects (no pagination)...
2026-05-15T10:16:11.842Z [getAllProjects] Found 8 projects. Computing progress...
2026-05-15T10:16:11.844Z [getAllProjects] Success. Returning response.
2026-05-15T10:21:11.650Z [getAllProjects] Start - User: a6f2643a-6e8f-4bf2-bd33-6e86e4236c71, Org: 17674cf9-9aab-470b-98d9-b65820a3436e
2026-05-15T10:21:11.651Z [getAllProjects] Database and Model verified. Testing connection...
2026-05-15T10:21:11.652Z [getAllProjects] Connection Successful
2026-05-15T10:21:11.653Z [getAllProjects] Fetching all projects (no pagination)...
2026-05-15T10:21:11.661Z [getAllProjects] Found 8 projects. Computing progress...
2026-05-15T10:21:11.662Z [getAllProjects] Success. Returning response.
2026-05-15T10:26:11.675Z [getAllProjects] Start - User: a6f2643a-6e8f-4bf2-bd33-6e86e4236c71, Org: 17674cf9-9aab-470b-98d9-b65820a3436e
2026-05-15T10:26:11.677Z [getAllProjects] Database and Model verified. Testing connection...
2026-05-15T10:26:11.679Z [getAllProjects] Connection Successful
2026-05-15T10:26:11.680Z [getAllProjects] Fetching all projects (no pagination)...
2026-05-15T10:26:11.754Z [getAllProjects] Found 8 projects. Computing progress...
2026-05-15T10:26:11.756Z [getAllProjects] Success. Returning response.
2026-05-15T10:31:11.656Z [getAllProjects] Start - User: a6f2643a-6e8f-4bf2-bd33-6e86e4236c71, Org: 17674cf9-9aab-470b-98d9-b65820a3436e
2026-05-15T10:31:11.657Z [getAllProjects] Database and Model verified. Testing connection...
2026-05-15T10:31:11.659Z [getAllProjects] Connection Successful
2026-05-15T10:31:11.660Z [getAllProjects] Fetching all projects (no pagination)...
2026-05-15T10:31:11.671Z [getAllProjects] Found 8 projects. Computing progress...
2026-05-15T10:31:11.672Z [getAllProjects] Success. Returning response.
2026-05-15T10:36:11.713Z [getAllProjects] Start - User: a6f2643a-6e8f-4bf2-bd33-6e86e4236c71, Org: 17674cf9-9aab-470b-98d9-b65820a3436e
2026-05-15T10:36:11.714Z [getAllProjects] Database and Model verified. Testing connection...
2026-05-15T10:36:11.716Z [getAllProjects] Connection Successful
2026-05-15T10:36:11.717Z [getAllProjects] Fetching all projects (no pagination)...
2026-05-15T10:36:11.767Z [getAllProjects] Found 8 projects. Computing progress...
2026-05-15T10:36:11.768Z [getAllProjects] Success. Returning response.
2026-05-15T10:41:11.677Z [getAllProjects] Start - User: a6f2643a-6e8f-4bf2-bd33-6e86e4236c71, Org: 17674cf9-9aab-470b-98d9-b65820a3436e
2026-05-15T10:41:11.678Z [getAllProjects] Database and Model verified. Testing connection...
2026-05-15T10:41:11.679Z [getAllProjects] Connection Successful
2026-05-15T10:41:11.680Z [getAllProjects] Fetching all projects (no pagination)...
2026-05-15T10:41:11.691Z [getAllProjects] Found 8 projects. Computing progress...
2026-05-15T10:41:11.693Z [getAllProjects] Success. Returning response.
2026-05-15T10:46:11.736Z [getAllProjects] Start - User: a6f2643a-6e8f-4bf2-bd33-6e86e4236c71, Org: 17674cf9-9aab-470b-98d9-b65820a3436e
2026-05-15T10:46:11.737Z [getAllProjects] Database and Model verified. Testing connection...
2026-05-15T10:46:11.738Z [getAllProjects] Connection Successful
2026-05-15T10:46:11.739Z [getAllProjects] Fetching all projects (no pagination)...
2026-05-15T10:46:11.750Z [getAllProjects] Found 8 projects. Computing progress...
2026-05-15T10:46:11.752Z [getAllProjects] Success. Returning response.
2026-05-15T10:51:11.654Z [getAllProjects] Start - User: a6f2643a-6e8f-4bf2-bd33-6e86e4236c71, Org: 17674cf9-9aab-470b-98d9-b65820a3436e
2026-05-15T10:51:11.656Z [getAllProjects] Database and Model verified. Testing connection...
2026-05-15T10:51:11.657Z [getAllProjects] Connection Successful
2026-05-15T10:51:11.659Z [getAllProjects] Fetching all projects (no pagination)...
2026-05-15T10:51:11.672Z [getAllProjects] Found 8 projects. Computing progress...
2026-05-15T10:51:11.674Z [getAllProjects] Success. Returning response.
2026-05-15T10:56:11.704Z [getAllProjects] Start - User: a6f2643a-6e8f-4bf2-bd33-6e86e4236c71, Org: 17674cf9-9aab-470b-98d9-b65820a3436e
2026-05-15T10:56:11.705Z [getAllProjects] Database and Model verified. Testing connection...
2026-05-15T10:56:11.706Z [getAllProjects] Connection Successful
2026-05-15T10:56:11.708Z [getAllProjects] Fetching all projects (no pagination)...
2026-05-15T10:56:11.719Z [getAllProjects] Found 8 projects. Computing progress...
2026-05-15T10:56:11.720Z [getAllProjects] Success. Returning response.
2026-05-15T11:00:55.578Z [getAllProjects] Start - User: a6f2643a-6e8f-4bf2-bd33-6e86e4236c71, Org: 17674cf9-9aab-470b-98d9-b65820a3436e
2026-05-15T11:00:55.580Z [getAllProjects] Database and Model verified. Testing connection...
2026-05-15T11:00:55.582Z [getAllProjects] Connection Successful
2026-05-15T11:00:55.583Z [getAllProjects] Fetching all projects (no pagination)...
2026-05-15T11:00:55.590Z [getAllProjects] Found 8 projects. Computing progress...
2026-05-15T11:00:55.592Z [getAllProjects] Success. Returning response.
2026-05-15T11:06:11.692Z [getAllProjects] Start - User: a6f2643a-6e8f-4bf2-bd33-6e86e4236c71, Org: 17674cf9-9aab-470b-98d9-b65820a3436e
2026-05-15T11:06:11.694Z [getAllProjects] Database and Model verified. Testing connection...
2026-05-15T11:06:11.696Z [getAllProjects] Connection Successful
2026-05-15T11:06:11.697Z [getAllProjects] Fetching all projects (no pagination)...
2026-05-15T11:06:11.754Z [getAllProjects] Found 8 projects. Computing progress...
2026-05-15T11:06:11.755Z [getAllProjects] Success. Returning response.
2026-05-15T11:11:11.685Z [getAllProjects] Start - User: a6f2643a-6e8f-4bf2-bd33-6e86e4236c71, Org: 17674cf9-9aab-470b-98d9-b65820a3436e
2026-05-15T11:11:11.686Z [getAllProjects] Database and Model verified. Testing connection...
2026-05-15T11:11:11.687Z [getAllProjects] Connection Successful
2026-05-15T11:11:11.688Z [getAllProjects] Fetching all projects (no pagination)...
2026-05-15T11:11:11.699Z [getAllProjects] Found 8 projects. Computing progress...
2026-05-15T11:11:11.700Z [getAllProjects] Success. Returning response.
2026-05-15T11:16:11.696Z [getAllProjects] Start - User: a6f2643a-6e8f-4bf2-bd33-6e86e4236c71, Org: 17674cf9-9aab-470b-98d9-b65820a3436e
2026-05-15T11:16:11.697Z [getAllProjects] Database and Model verified. Testing connection...
2026-05-15T11:16:11.698Z [getAllProjects] Connection Successful
2026-05-15T11:16:11.699Z [getAllProjects] Fetching all projects (no pagination)...
2026-05-15T11:16:11.712Z [getAllProjects] Found 8 projects. Computing progress...
2026-05-15T11:16:11.713Z [getAllProjects] Success. Returning response.
2026-05-15T11:21:11.635Z [getAllProjects] Start - User: a6f2643a-6e8f-4bf2-bd33-6e86e4236c71, Org: 17674cf9-9aab-470b-98d9-b65820a3436e
2026-05-15T11:21:11.637Z [getAllProjects] Database and Model verified. Testing connection...
2026-05-15T11:21:11.639Z [getAllProjects] Connection Successful
2026-05-15T11:21:11.640Z [getAllProjects] Fetching all projects (no pagination)...
2026-05-15T11:21:11.707Z [getAllProjects] Found 8 projects. Computing progress...
2026-05-15T11:21:11.708Z [getAllProjects] Success. Returning response.
2026-05-15T11:26:11.707Z [getAllProjects] Start - User: a6f2643a-6e8f-4bf2-bd33-6e86e4236c71, Org: 17674cf9-9aab-470b-98d9-b65820a3436e
2026-05-15T11:26:11.708Z [getAllProjects] Database and Model verified. Testing connection...
2026-05-15T11:26:11.709Z [getAllProjects] Connection Successful
2026-05-15T11:26:11.710Z [getAllProjects] Fetching all projects (no pagination)...
2026-05-15T11:26:11.720Z [getAllProjects] Found 8 projects. Computing progress...
2026-05-15T11:26:11.721Z [getAllProjects] Success. Returning response.
2026-05-15T11:31:11.684Z [getAllProjects] Start - User: a6f2643a-6e8f-4bf2-bd33-6e86e4236c71, Org: 17674cf9-9aab-470b-98d9-b65820a3436e
2026-05-15T11:31:11.686Z [getAllProjects] Database and Model verified. Testing connection...
2026-05-15T11:31:11.688Z [getAllProjects] Connection Successful
2026-05-15T11:31:11.692Z [getAllProjects] Fetching all projects (no pagination)...
2026-05-15T11:31:11.759Z [getAllProjects] Found 8 projects. Computing progress...
2026-05-15T11:31:11.761Z [getAllProjects] Success. Returning response.
2026-05-15T11:36:11.669Z [getAllProjects] Start - User: a6f2643a-6e8f-4bf2-bd33-6e86e4236c71, Org: 17674cf9-9aab-470b-98d9-b65820a3436e
2026-05-15T11:36:11.673Z [getAllProjects] Database and Model verified. Testing connection...
2026-05-15T11:36:11.674Z [getAllProjects] Connection Successful
2026-05-15T11:36:11.675Z [getAllProjects] Fetching all projects (no pagination)...
2026-05-15T11:36:11.692Z [getAllProjects] Found 8 projects. Computing progress...
2026-05-15T11:36:11.693Z [getAllProjects] Success. Returning response.
2026-05-15T11:41:11.653Z [getAllProjects] Start - User: a6f2643a-6e8f-4bf2-bd33-6e86e4236c71, Org: 17674cf9-9aab-470b-98d9-b65820a3436e
2026-05-15T11:41:11.656Z [getAllProjects] Database and Model verified. Testing connection...
2026-05-15T11:41:11.657Z [getAllProjects] Connection Successful
2026-05-15T11:41:11.659Z [getAllProjects] Fetching all projects (no pagination)...
2026-05-15T11:41:11.820Z [getAllProjects] Found 8 projects. Computing progress...
2026-05-15T11:41:11.821Z [getAllProjects] Success. Returning response.
2026-05-15T11:46:11.794Z [getAllProjects] Start - User: a6f2643a-6e8f-4bf2-bd33-6e86e4236c71, Org: 17674cf9-9aab-470b-98d9-b65820a3436e
2026-05-15T11:46:11.795Z [getAllProjects] Database and Model verified. Testing connection...
2026-05-15T11:46:11.796Z [getAllProjects] Connection Successful
2026-05-15T11:46:11.797Z [getAllProjects] Fetching all projects (no pagination)...
2026-05-15T11:46:11.803Z [getAllProjects] Found 8 projects. Computing progress...
2026-05-15T11:46:11.804Z [getAllProjects] Success. Returning response.
2026-05-15T11:51:11.658Z [getAllProjects] Start - User: a6f2643a-6e8f-4bf2-bd33-6e86e4236c71, Org: 17674cf9-9aab-470b-98d9-b65820a3436e
2026-05-15T11:51:11.660Z [getAllProjects] Database and Model verified. Testing connection...
2026-05-15T11:51:11.661Z [getAllProjects] Connection Successful
2026-05-15T11:51:11.662Z [getAllProjects] Fetching all projects (no pagination)...
2026-05-15T11:51:11.729Z [getAllProjects] Found 8 projects. Computing progress...
2026-05-15T11:51:11.731Z [getAllProjects] Success. Returning response.
2026-05-15T11:56:11.713Z [getAllProjects] Start - User: a6f2643a-6e8f-4bf2-bd33-6e86e4236c71, Org: 17674cf9-9aab-470b-98d9-b65820a3436e
2026-05-15T11:56:11.714Z [getAllProjects] Database and Model verified. Testing connection...
2026-05-15T11:56:11.715Z [getAllProjects] Connection Successful
2026-05-15T11:56:11.716Z [getAllProjects] Fetching all projects (no pagination)...
2026-05-15T11:56:11.725Z [getAllProjects] Found 8 projects. Computing progress...
2026-05-15T11:56:11.726Z [getAllProjects] Success. Returning response.
2026-05-15T12:01:11.670Z [getAllProjects] Start - User: a6f2643a-6e8f-4bf2-bd33-6e86e4236c71, Org: 17674cf9-9aab-470b-98d9-b65820a3436e
2026-05-15T12:01:11.671Z [getAllProjects] Database and Model verified. Testing connection...
2026-05-15T12:01:11.673Z [getAllProjects] Connection Successful
2026-05-15T12:01:11.674Z [getAllProjects] Fetching all projects (no pagination)...
2026-05-15T12:01:11.737Z [getAllProjects] Found 8 projects. Computing progress...
2026-05-15T12:01:11.738Z [getAllProjects] Success. Returning response.
2026-05-15T12:06:11.736Z [getAllProjects] Start - User: a6f2643a-6e8f-4bf2-bd33-6e86e4236c71, Org: 17674cf9-9aab-470b-98d9-b65820a3436e
2026-05-15T12:06:11.737Z [getAllProjects] Database and Model verified. Testing connection...
2026-05-15T12:06:11.738Z [getAllProjects] Connection Successful
2026-05-15T12:06:11.740Z [getAllProjects] Fetching all projects (no pagination)...
2026-05-15T12:06:11.895Z [getAllProjects] Found 8 projects. Computing progress...
2026-05-15T12:06:11.896Z [getAllProjects] Success. Returning response.
2026-05-15T12:11:11.690Z [getAllProjects] Start - User: a6f2643a-6e8f-4bf2-bd33-6e86e4236c71, Org: 17674cf9-9aab-470b-98d9-b65820a3436e
2026-05-15T12:11:11.691Z [getAllProjects] Database and Model verified. Testing connection...
2026-05-15T12:11:11.693Z [getAllProjects] Connection Successful
2026-05-15T12:11:11.694Z [getAllProjects] Fetching all projects (no pagination)...
2026-05-15T12:11:11.706Z [getAllProjects] Found 8 projects. Computing progress...
2026-05-15T12:11:11.708Z [getAllProjects] Success. Returning response.
2026-05-15T12:16:11.697Z [getAllProjects] Start - User: a6f2643a-6e8f-4bf2-bd33-6e86e4236c71, Org: 17674cf9-9aab-470b-98d9-b65820a3436e
2026-05-15T12:16:11.698Z [getAllProjects] Database and Model verified. Testing connection...
2026-05-15T12:16:11.700Z [getAllProjects] Connection Successful
2026-05-15T12:16:11.701Z [getAllProjects] Fetching all projects (no pagination)...
2026-05-15T12:16:11.755Z [getAllProjects] Found 8 projects. Computing progress...
2026-05-15T12:16:11.756Z [getAllProjects] Success. Returning response.
2026-05-15T12:21:11.663Z [getAllProjects] Start - User: a6f2643a-6e8f-4bf2-bd33-6e86e4236c71, Org: 17674cf9-9aab-470b-98d9-b65820a3436e
2026-05-15T12:21:11.665Z [getAllProjects] Database and Model verified. Testing connection...
2026-05-15T12:21:11.666Z [getAllProjects] Connection Successful
2026-05-15T12:21:11.667Z [getAllProjects] Fetching all projects (no pagination)...
2026-05-15T12:21:11.679Z [getAllProjects] Found 8 projects. Computing progress...
2026-05-15T12:21:11.680Z [getAllProjects] Success. Returning response.
2026-05-15T12:26:11.687Z [getAllProjects] Start - User: a6f2643a-6e8f-4bf2-bd33-6e86e4236c71, Org: 17674cf9-9aab-470b-98d9-b65820a3436e
2026-05-15T12:26:11.689Z [getAllProjects] Database and Model verified. Testing connection...
2026-05-15T12:26:11.690Z [getAllProjects] Connection Successful
2026-05-15T12:26:11.691Z [getAllProjects] Fetching all projects (no pagination)...
2026-05-15T12:26:11.703Z [getAllProjects] Found 8 projects. Computing progress...
2026-05-15T12:26:11.704Z [getAllProjects] Success. Returning response.
2026-05-15T12:31:11.735Z [getAllProjects] Start - User: a6f2643a-6e8f-4bf2-bd33-6e86e4236c71, Org: 17674cf9-9aab-470b-98d9-b65820a3436e
2026-05-15T12:31:11.736Z [getAllProjects] Database and Model verified. Testing connection...
2026-05-15T12:31:11.738Z [getAllProjects] Connection Successful
2026-05-15T12:31:11.739Z [getAllProjects] Fetching all projects (no pagination)...
2026-05-15T12:31:11.794Z [getAllProjects] Found 8 projects. Computing progress...
2026-05-15T12:31:11.795Z [getAllProjects] Success. Returning response.
2026-05-15T12:36:11.667Z [getAllProjects] Start - User: a6f2643a-6e8f-4bf2-bd33-6e86e4236c71, Org: 17674cf9-9aab-470b-98d9-b65820a3436e
2026-05-15T12:36:11.668Z [getAllProjects] Database and Model verified. Testing connection...
2026-05-15T12:36:11.669Z [getAllProjects] Connection Successful
2026-05-15T12:36:11.670Z [getAllProjects] Fetching all projects (no pagination)...
2026-05-15T12:36:11.681Z [getAllProjects] Found 8 projects. Computing progress...
2026-05-15T12:36:11.682Z [getAllProjects] Success. Returning response.
2026-05-15T12:41:11.740Z [getAllProjects] Start - User: a6f2643a-6e8f-4bf2-bd33-6e86e4236c71, Org: 17674cf9-9aab-470b-98d9-b65820a3436e
2026-05-15T12:41:11.742Z [getAllProjects] Database and Model verified. Testing connection...
2026-05-15T12:41:11.744Z [getAllProjects] Connection Successful
2026-05-15T12:41:11.746Z [getAllProjects] Fetching all projects (no pagination)...
2026-05-15T12:41:11.761Z [getAllProjects] Found 8 projects. Computing progress...
2026-05-15T12:41:11.762Z [getAllProjects] Success. Returning response.
2026-05-15T12:46:11.671Z [getAllProjects] Start - User: a6f2643a-6e8f-4bf2-bd33-6e86e4236c71, Org: 17674cf9-9aab-470b-98d9-b65820a3436e
2026-05-15T12:46:11.673Z [getAllProjects] Database and Model verified. Testing connection...
2026-05-15T12:46:11.674Z [getAllProjects] Connection Successful
2026-05-15T12:46:11.675Z [getAllProjects] Fetching all projects (no pagination)...
2026-05-15T12:46:11.688Z [getAllProjects] Found 8 projects. Computing progress...
2026-05-15T12:46:11.690Z [getAllProjects] Success. Returning response.
2026-05-15T12:51:11.696Z [getAllProjects] Start - User: a6f2643a-6e8f-4bf2-bd33-6e86e4236c71, Org: 17674cf9-9aab-470b-98d9-b65820a3436e
2026-05-15T12:51:11.698Z [getAllProjects] Database and Model verified. Testing connection...
2026-05-15T12:51:11.699Z [getAllProjects] Connection Successful
2026-05-15T12:51:11.700Z [getAllProjects] Fetching all projects (no pagination)...
2026-05-15T12:51:11.710Z [getAllProjects] Found 8 projects. Computing progress...
2026-05-15T12:51:11.711Z [getAllProjects] Success. Returning response.
2026-05-15T12:56:11.840Z [getAllProjects] Start - User: a6f2643a-6e8f-4bf2-bd33-6e86e4236c71, Org: 17674cf9-9aab-470b-98d9-b65820a3436e
2026-05-15T12:56:11.841Z [getAllProjects] Database and Model verified. Testing connection...
2026-05-15T12:56:11.842Z [getAllProjects] Connection Successful
2026-05-15T12:56:11.843Z [getAllProjects] Fetching all projects (no pagination)...
2026-05-15T12:56:11.854Z [getAllProjects] Found 8 projects. Computing progress...
2026-05-15T12:56:11.855Z [getAllProjects] Success. Returning response.
2026-05-15T13:01:11.678Z [getAllProjects] Start - User: a6f2643a-6e8f-4bf2-bd33-6e86e4236c71, Org: 17674cf9-9aab-470b-98d9-b65820a3436e
2026-05-15T13:01:11.679Z [getAllProjects] Database and Model verified. Testing connection...
2026-05-15T13:01:11.681Z [getAllProjects] Connection Successful
2026-05-15T13:01:11.682Z [getAllProjects] Fetching all projects (no pagination)...
2026-05-15T13:01:11.694Z [getAllProjects] Found 8 projects. Computing progress...
2026-05-15T13:01:11.695Z [getAllProjects] Success. Returning response.
2026-05-15T13:05:51.676Z [getAllProjects] Start - User: a6f2643a-6e8f-4bf2-bd33-6e86e4236c71, Org: 17674cf9-9aab-470b-98d9-b65820a3436e
2026-05-15T13:05:51.677Z [getAllProjects] Database and Model verified. Testing connection...
2026-05-15T13:05:51.680Z [getAllProjects] Connection Successful
2026-05-15T13:05:51.681Z [getAllProjects] Fetching all projects (no pagination)...
2026-05-15T13:05:51.691Z [getAllProjects] Found 8 projects. Computing progress...
2026-05-15T13:05:51.692Z [getAllProjects] Success. Returning response.
2026-05-15T13:10:50.642Z [getAllProjects] Start - User: a6f2643a-6e8f-4bf2-bd33-6e86e4236c71, Org: 17674cf9-9aab-470b-98d9-b65820a3436e
2026-05-15T13:10:50.643Z [getAllProjects] Database and Model verified. Testing connection...
2026-05-15T13:10:50.644Z [getAllProjects] Connection Successful
2026-05-15T13:10:50.645Z [getAllProjects] Fetching all projects (no pagination)...
2026-05-15T13:10:50.659Z [getAllProjects] Found 8 projects. Computing progress...
2026-05-15T13:10:50.660Z [getAllProjects] Success. Returning response.
2026-05-15T13:15:49.704Z [getAllProjects] Start - User: a6f2643a-6e8f-4bf2-bd33-6e86e4236c71, Org: 17674cf9-9aab-470b-98d9-b65820a3436e
2026-05-15T13:15:49.705Z [getAllProjects] Database and Model verified. Testing connection...
2026-05-15T13:15:49.706Z [getAllProjects] Connection Successful
2026-05-15T13:15:49.707Z [getAllProjects] Fetching all projects (no pagination)...
2026-05-15T13:15:49.716Z [getAllProjects] Found 8 projects. Computing progress...
2026-05-15T13:15:49.717Z [getAllProjects] Success. Returning response.
2026-05-15T13:20:48.641Z [getAllProjects] Start - User: a6f2643a-6e8f-4bf2-bd33-6e86e4236c71, Org: 17674cf9-9aab-470b-98d9-b65820a3436e
2026-05-15T13:20:48.643Z [getAllProjects] Database and Model verified. Testing connection...
2026-05-15T13:20:48.644Z [getAllProjects] Connection Successful
2026-05-15T13:20:48.644Z [getAllProjects] Fetching all projects (no pagination)...
2026-05-15T13:20:48.702Z [getAllProjects] Found 8 projects. Computing progress...
2026-05-15T13:20:48.703Z [getAllProjects] Success. Returning response.
2026-05-15T13:26:11.831Z [getAllProjects] Start - User: a6f2643a-6e8f-4bf2-bd33-6e86e4236c71, Org: 17674cf9-9aab-470b-98d9-b65820a3436e
2026-05-15T13:26:11.832Z [getAllProjects] Database and Model verified. Testing connection...
2026-05-15T13:26:11.834Z [getAllProjects] Connection Successful
2026-05-15T13:26:11.835Z [getAllProjects] Fetching all projects (no pagination)...
2026-05-15T13:26:11.886Z [getAllProjects] Found 8 projects. Computing progress...
2026-05-15T13:26:11.888Z [getAllProjects] Success. Returning response.
2026-05-15T13:31:11.629Z [getAllProjects] Start - User: a6f2643a-6e8f-4bf2-bd33-6e86e4236c71, Org: 17674cf9-9aab-470b-98d9-b65820a3436e
2026-05-15T13:31:11.630Z [getAllProjects] Database and Model verified. Testing connection...
2026-05-15T13:31:11.631Z [getAllProjects] Connection Successful
2026-05-15T13:31:11.632Z [getAllProjects] Fetching all projects (no pagination)...
2026-05-15T13:31:11.638Z [getAllProjects] Found 8 projects. Computing progress...
2026-05-15T13:31:11.639Z [getAllProjects] Success. Returning response.
2026-05-15T13:36:11.736Z [getAllProjects] Start - User: a6f2643a-6e8f-4bf2-bd33-6e86e4236c71, Org: 17674cf9-9aab-470b-98d9-b65820a3436e
2026-05-15T13:36:11.738Z [getAllProjects] Database and Model verified. Testing connection...
2026-05-15T13:36:11.739Z [getAllProjects] Connection Successful
2026-05-15T13:36:11.739Z [getAllProjects] Fetching all projects (no pagination)...
2026-05-15T13:36:11.750Z [getAllProjects] Found 8 projects. Computing progress...
2026-05-15T13:36:11.751Z [getAllProjects] Success. Returning response.
2026-05-15T13:41:11.646Z [getAllProjects] Start - User: a6f2643a-6e8f-4bf2-bd33-6e86e4236c71, Org: 17674cf9-9aab-470b-98d9-b65820a3436e
2026-05-15T13:41:11.647Z [getAllProjects] Database and Model verified. Testing connection...
2026-05-15T13:41:11.649Z [getAllProjects] Connection Successful
2026-05-15T13:41:11.650Z [getAllProjects] Fetching all projects (no pagination)...
2026-05-15T13:41:11.658Z [getAllProjects] Found 8 projects. Computing progress...
2026-05-15T13:41:11.659Z [getAllProjects] Success. Returning response.
2026-05-15T13:45:26.675Z [getAllProjects] Start - User: a6f2643a-6e8f-4bf2-bd33-6e86e4236c71, Org: 17674cf9-9aab-470b-98d9-b65820a3436e
2026-05-15T13:45:26.677Z [getAllProjects] Database and Model verified. Testing connection...
2026-05-15T13:45:26.678Z [getAllProjects] Connection Successful
2026-05-15T13:45:26.679Z [getAllProjects] Fetching all projects (no pagination)...
2026-05-15T13:45:26.689Z [getAllProjects] Found 8 projects. Computing progress...
2026-05-15T13:45:26.690Z [getAllProjects] Success. Returning response.
2026-05-15T13:51:11.679Z [getAllProjects] Start - User: a6f2643a-6e8f-4bf2-bd33-6e86e4236c71, Org: 17674cf9-9aab-470b-98d9-b65820a3436e
2026-05-15T13:51:11.681Z [getAllProjects] Database and Model verified. Testing connection...
2026-05-15T13:51:11.682Z [getAllProjects] Connection Successful
2026-05-15T13:51:11.683Z [getAllProjects] Fetching all projects (no pagination)...
2026-05-15T13:51:11.693Z [getAllProjects] Found 8 projects. Computing progress...
2026-05-15T13:51:11.694Z [getAllProjects] Success. Returning response.
2026-05-18T05:29:29.109Z [getAllProjects] Start - User: a6f2643a-6e8f-4bf2-bd33-6e86e4236c71, Org: 17674cf9-9aab-470b-98d9-b65820a3436e
2026-05-18T05:29:29.113Z [getAllProjects] Database and Model verified. Testing connection...
2026-05-18T05:29:29.114Z [getAllProjects] Connection Successful
2026-05-18T05:29:29.116Z [getAllProjects] Fetching all projects (no pagination)...
2026-05-18T05:29:29.200Z [getAllProjects] Found 8 projects. Computing progress...
2026-05-18T05:29:29.203Z [getAllProjects] Success. Returning response.
2026-05-18T05:29:29.250Z [getAllProjects] Start - User: a6f2643a-6e8f-4bf2-bd33-6e86e4236c71, Org: 17674cf9-9aab-470b-98d9-b65820a3436e
2026-05-18T05:29:29.276Z [getAllProjects] Database and Model verified. Testing connection...
2026-05-18T05:29:29.286Z [getAllProjects] Connection Successful
2026-05-18T05:29:29.302Z [getAllProjects] Fetching all projects (no pagination)...
2026-05-18T05:29:29.346Z [getAllProjects] Found 8 projects. Computing progress...
2026-05-18T05:29:29.359Z [getAllProjects] Success. Returning response.
2026-05-18T05:29:29.422Z [getAllProjects] Start - User: a6f2643a-6e8f-4bf2-bd33-6e86e4236c71, Org: 17674cf9-9aab-470b-98d9-b65820a3436e
2026-05-18T05:29:29.425Z [getAllProjects] Database and Model verified. Testing connection...
2026-05-18T05:29:29.427Z [getAllProjects] Connection Successful
2026-05-18T05:29:29.430Z [getAllProjects] Fetching all projects (no pagination)...
2026-05-18T05:29:29.445Z [getAllProjects] Found 8 projects. Computing progress...
2026-05-18T05:29:29.447Z [getAllProjects] Success. Returning response.
2026-05-18T05:29:32.083Z [getAllProjects] Start - User: a6f2643a-6e8f-4bf2-bd33-6e86e4236c71, Org: 17674cf9-9aab-470b-98d9-b65820a3436e
2026-05-18T05:29:32.085Z [getAllProjects] Database and Model verified. Testing connection...
2026-05-18T05:29:32.087Z [getAllProjects] Connection Successful
2026-05-18T05:29:32.091Z [getAllProjects] Fetching paginated projects (page: 1, limit: 10)...
2026-05-18T05:29:32.114Z [getAllProjects] Found 8 projects (Total: 8). Computing progress...
2026-05-18T05:29:32.116Z [getAllProjects] Success. Returning paginated response.
2026-05-18T05:34:07.328Z [getAllProjects] Start - User: a6f2643a-6e8f-4bf2-bd33-6e86e4236c71, Org: 17674cf9-9aab-470b-98d9-b65820a3436e
2026-05-18T05:34:07.329Z [getAllProjects] Database and Model verified. Testing connection...
2026-05-18T05:34:07.331Z [getAllProjects] Connection Successful
2026-05-18T05:34:07.332Z [getAllProjects] Fetching paginated projects (page: 1, limit: 10)...
2026-05-18T05:34:07.346Z [getAllProjects] Found 10 projects (Total: 12). Computing progress...
2026-05-18T05:34:07.348Z [getAllProjects] Success. Returning paginated response.
2026-05-18T05:34:40.619Z [getAllProjects] Start - User: a6f2643a-6e8f-4bf2-bd33-6e86e4236c71, Org: 17674cf9-9aab-470b-98d9-b65820a3436e
2026-05-18T05:34:40.621Z [getAllProjects] Database and Model verified. Testing connection...
2026-05-18T05:34:40.623Z [getAllProjects] Connection Successful
2026-05-18T05:34:40.625Z [getAllProjects] Fetching paginated projects (page: 1, limit: 10)...
2026-05-18T05:34:40.821Z [getAllProjects] Found 10 projects (Total: 12). Computing progress...
2026-05-18T05:34:40.824Z [getAllProjects] Success. Returning paginated response.
2026-05-18T05:34:52.825Z [getAllProjects] Start - User: a6f2643a-6e8f-4bf2-bd33-6e86e4236c71, Org: 17674cf9-9aab-470b-98d9-b65820a3436e
2026-05-18T05:34:52.826Z [getAllProjects] Database and Model verified. Testing connection...
2026-05-18T05:34:52.827Z [getAllProjects] Connection Successful
2026-05-18T05:34:52.829Z [getAllProjects] Fetching paginated projects (page: 1, limit: 10)...
2026-05-18T05:34:52.839Z [getAllProjects] Found 10 projects (Total: 12). Computing progress...
2026-05-18T05:34:52.841Z [getAllProjects] Success. Returning paginated response.
2026-05-18T05:36:08.744Z [getAllProjects] Start - User: a6f2643a-6e8f-4bf2-bd33-6e86e4236c71, Org: 17674cf9-9aab-470b-98d9-b65820a3436e
2026-05-18T05:36:08.746Z [getAllProjects] Database and Model verified. Testing connection...
2026-05-18T05:36:08.748Z [getAllProjects] Connection Successful
2026-05-18T05:36:08.749Z [getAllProjects] Fetching all projects (no pagination)...
2026-05-18T05:36:08.757Z [getAllProjects] Found 12 projects. Computing progress...
2026-05-18T05:36:08.759Z [getAllProjects] Success. Returning response.
2026-05-18T05:40:04.247Z [getAllProjects] Start - User: a6f2643a-6e8f-4bf2-bd33-6e86e4236c71, Org: 17674cf9-9aab-470b-98d9-b65820a3436e
2026-05-18T05:40:04.249Z [getAllProjects] Database and Model verified. Testing connection...
2026-05-18T05:40:04.250Z [getAllProjects] Connection Successful
2026-05-18T05:40:04.251Z [getAllProjects] Fetching all projects (no pagination)...
2026-05-18T05:40:04.263Z [getAllProjects] Found 12 projects. Computing progress...
2026-05-18T05:40:04.265Z [getAllProjects] Success. Returning response.
2026-05-18T05:42:41.473Z [getAllProjects] Start - User: a6f2643a-6e8f-4bf2-bd33-6e86e4236c71, Org: 17674cf9-9aab-470b-98d9-b65820a3436e
2026-05-18T05:42:41.476Z [getAllProjects] Database and Model verified. Testing connection...
2026-05-18T05:42:41.480Z [getAllProjects] Connection Successful
2026-05-18T05:42:41.483Z [getAllProjects] Fetching all projects (no pagination)...
2026-05-18T05:42:41.509Z [getAllProjects] Found 12 projects. Computing progress...
2026-05-18T05:42:41.511Z [getAllProjects] Success. Returning response.
2026-05-18T05:46:26.592Z [getAllProjects] Start - User: a6f2643a-6e8f-4bf2-bd33-6e86e4236c71, Org: 17674cf9-9aab-470b-98d9-b65820a3436e
2026-05-18T05:46:26.594Z [getAllProjects] Database and Model verified. Testing connection...
2026-05-18T05:46:26.596Z [getAllProjects] Connection Successful
2026-05-18T05:46:26.599Z [getAllProjects] Fetching paginated projects (page: 1, limit: 10)...
2026-05-18T05:46:26.615Z [getAllProjects] Found 10 projects (Total: 12). Computing progress...
2026-05-18T05:46:26.616Z [getAllProjects] Success. Returning paginated response.
2026-05-18T05:46:33.767Z [getAllProjects] Start - User: a6f2643a-6e8f-4bf2-bd33-6e86e4236c71, Org: 17674cf9-9aab-470b-98d9-b65820a3436e
2026-05-18T05:46:33.769Z [getAllProjects] Database and Model verified. Testing connection...
2026-05-18T05:46:33.771Z [getAllProjects] Connection Successful
2026-05-18T05:46:33.772Z [getAllProjects] Fetching all projects (no pagination)...
2026-05-18T05:46:33.786Z [getAllProjects] Found 12 projects. Computing progress...
2026-05-18T05:46:33.788Z [getAllProjects] Success. Returning response.
2026-05-18T05:52:50.892Z [getAllProjects] Start - User: a6f2643a-6e8f-4bf2-bd33-6e86e4236c71, Org: 17674cf9-9aab-470b-98d9-b65820a3436e
2026-05-18T05:52:50.895Z [getAllProjects] Database and Model verified. Testing connection...
2026-05-18T05:52:50.896Z [getAllProjects] Connection Successful
2026-05-18T05:52:50.899Z [getAllProjects] Fetching all projects (no pagination)...
2026-05-18T05:52:50.914Z [getAllProjects] Found 12 projects. Computing progress...
2026-05-18T05:52:50.916Z [getAllProjects] Success. Returning response.
2026-05-18T06:05:15.947Z [getAllProjects] Start - User: a6f2643a-6e8f-4bf2-bd33-6e86e4236c71, Org: 17674cf9-9aab-470b-98d9-b65820a3436e
2026-05-18T06:05:15.949Z [getAllProjects] Database and Model verified. Testing connection...
2026-05-18T06:05:15.950Z [getAllProjects] Connection Successful
2026-05-18T06:05:15.951Z [getAllProjects] Fetching all projects (no pagination)...
2026-05-18T06:05:15.976Z [getAllProjects] Found 12 projects. Computing progress...
2026-05-18T06:05:15.978Z [getAllProjects] Success. Returning response.
2026-05-18T06:05:16.007Z [getAllProjects] Start - User: a6f2643a-6e8f-4bf2-bd33-6e86e4236c71, Org: 17674cf9-9aab-470b-98d9-b65820a3436e
2026-05-18T06:05:16.009Z [getAllProjects] Database and Model verified. Testing connection...
2026-05-18T06:05:16.011Z [getAllProjects] Connection Successful
2026-05-18T06:05:16.012Z [getAllProjects] Fetching all projects (no pagination)...
2026-05-18T06:05:16.026Z [getAllProjects] Found 12 projects. Computing progress...
2026-05-18T06:05:16.028Z [getAllProjects] Success. Returning response.
2026-05-18T06:05:47.671Z [getAllProjects] Start - User: a6f2643a-6e8f-4bf2-bd33-6e86e4236c71, Org: 17674cf9-9aab-470b-98d9-b65820a3436e
2026-05-18T06:05:47.673Z [getAllProjects] Database and Model verified. Testing connection...
2026-05-18T06:05:47.674Z [getAllProjects] Connection Successful
2026-05-18T06:05:47.676Z [getAllProjects] Fetching all projects (no pagination)...
2026-05-18T06:05:47.700Z [getAllProjects] Found 12 projects. Computing progress...
2026-05-18T06:05:47.702Z [getAllProjects] Success. Returning response.
2026-05-18T06:35:30.682Z [getAllProjects] Start - User: a6f2643a-6e8f-4bf2-bd33-6e86e4236c71, Org: 17674cf9-9aab-470b-98d9-b65820a3436e
2026-05-18T06:35:30.684Z [getAllProjects] Database and Model verified. Testing connection...
2026-05-18T06:35:30.686Z [getAllProjects] Connection Successful
2026-05-18T06:35:30.687Z [getAllProjects] Fetching all projects (no pagination)...
2026-05-18T06:35:30.742Z [getAllProjects] Found 12 projects. Computing progress...
2026-05-18T06:35:30.742Z [getAllProjects] Success. Returning response.
2026-05-18T06:35:31.615Z [getAllProjects] Start - User: a6f2643a-6e8f-4bf2-bd33-6e86e4236c71, Org: 17674cf9-9aab-470b-98d9-b65820a3436e
2026-05-18T06:35:31.617Z [getAllProjects] Database and Model verified. Testing connection...
2026-05-18T06:35:31.619Z [getAllProjects] Connection Successful
2026-05-18T06:35:31.620Z [getAllProjects] Fetching paginated projects (page: 1, limit: 10)...
2026-05-18T06:35:31.675Z [getAllProjects] Found 10 projects (Total: 12). Computing progress...
2026-05-18T06:35:31.676Z [getAllProjects] Success. Returning paginated response.
2026-05-18T06:52:13.976Z [getAllProjects] Start - User: a6f2643a-6e8f-4bf2-bd33-6e86e4236c71, Org: 17674cf9-9aab-470b-98d9-b65820a3436e
2026-05-18T06:52:13.978Z [getAllProjects] Database and Model verified. Testing connection...
2026-05-18T06:52:13.980Z [getAllProjects] Connection Successful
2026-05-18T06:52:13.981Z [getAllProjects] Fetching all projects (no pagination)...
2026-05-18T06:52:13.994Z [getAllProjects] Found 12 projects. Computing progress...
2026-05-18T06:52:13.996Z [getAllProjects] Success. Returning response.
2026-05-18T06:52:26.294Z [getAllProjects] Start - User: a6f2643a-6e8f-4bf2-bd33-6e86e4236c71, Org: 17674cf9-9aab-470b-98d9-b65820a3436e
2026-05-18T06:52:26.297Z [getAllProjects] Database and Model verified. Testing connection...
2026-05-18T06:52:26.298Z [getAllProjects] Connection Successful
2026-05-18T06:52:26.299Z [getAllProjects] Fetching paginated projects (page: 1, limit: 10)...
2026-05-18T06:52:26.355Z [getAllProjects] Found 10 projects (Total: 12). Computing progress...
2026-05-18T06:52:26.356Z [getAllProjects] Success. Returning paginated response.
2026-05-18T06:52:32.270Z [getAllProjects] Start - User: a6f2643a-6e8f-4bf2-bd33-6e86e4236c71, Org: 17674cf9-9aab-470b-98d9-b65820a3436e
2026-05-18T06:52:32.273Z [getAllProjects] Database and Model verified. Testing connection...
2026-05-18T06:52:32.275Z [getAllProjects] Connection Successful
2026-05-18T06:52:32.278Z [getAllProjects] Fetching all projects (no pagination)...
2026-05-18T06:52:32.295Z [getAllProjects] Found 12 projects. Computing progress...
2026-05-18T06:52:32.297Z [getAllProjects] Success. Returning response.
2026-05-18T06:52:33.767Z [getAllProjects] Start - User: a6f2643a-6e8f-4bf2-bd33-6e86e4236c71, Org: 17674cf9-9aab-470b-98d9-b65820a3436e
2026-05-18T06:52:33.768Z [getAllProjects] Database and Model verified. Testing connection...
2026-05-18T06:52:33.770Z [getAllProjects] Connection Successful
2026-05-18T06:52:33.771Z [getAllProjects] Fetching all projects (no pagination)...
2026-05-18T06:52:33.788Z [getAllProjects] Found 12 projects. Computing progress...
2026-05-18T06:52:33.790Z [getAllProjects] Success. Returning response.
2026-05-18T06:52:36.075Z [getAllProjects] Start - User: a6f2643a-6e8f-4bf2-bd33-6e86e4236c71, Org: 17674cf9-9aab-470b-98d9-b65820a3436e
2026-05-18T06:52:36.076Z [getAllProjects] Database and Model verified. Testing connection...
2026-05-18T06:52:36.077Z [getAllProjects] Connection Successful
2026-05-18T06:52:36.079Z [getAllProjects] Fetching all projects (no pagination)...
2026-05-18T06:52:36.089Z [getAllProjects] Found 12 projects. Computing progress...
2026-05-18T06:52:36.090Z [getAllProjects] Success. Returning response.
2026-05-18T07:02:57.734Z [getAllProjects] Start - User: a6f2643a-6e8f-4bf2-bd33-6e86e4236c71, Org: 17674cf9-9aab-470b-98d9-b65820a3436e
2026-05-18T07:02:57.735Z [getAllProjects] Database and Model verified. Testing connection...
2026-05-18T07:02:57.736Z [getAllProjects] Connection Successful
2026-05-18T07:02:57.737Z [getAllProjects] Fetching all projects (no pagination)...
2026-05-18T07:02:57.756Z [getAllProjects] Found 12 projects. Computing progress...
2026-05-18T07:02:57.758Z [getAllProjects] Success. Returning response.
2026-05-18T07:04:57.327Z [getAllProjects] Start - User: a6f2643a-6e8f-4bf2-bd33-6e86e4236c71, Org: 17674cf9-9aab-470b-98d9-b65820a3436e
2026-05-18T07:04:57.328Z [getAllProjects] Database and Model verified. Testing connection...
2026-05-18T07:04:57.329Z [getAllProjects] Connection Successful
2026-05-18T07:04:57.331Z [getAllProjects] Fetching all projects (no pagination)...
2026-05-18T07:04:57.347Z [getAllProjects] Found 12 projects. Computing progress...
2026-05-18T07:04:57.348Z [getAllProjects] Success. Returning response.
2026-05-18T07:06:08.748Z [getAllProjects] Start - User: a6f2643a-6e8f-4bf2-bd33-6e86e4236c71, Org: 17674cf9-9aab-470b-98d9-b65820a3436e
2026-05-18T07:06:08.750Z [getAllProjects] Database and Model verified. Testing connection...
2026-05-18T07:06:08.752Z [getAllProjects] Connection Successful
2026-05-18T07:06:08.754Z [getAllProjects] Fetching all projects (no pagination)...
2026-05-18T07:06:08.764Z [getAllProjects] Found 12 projects. Computing progress...
2026-05-18T07:06:08.765Z [getAllProjects] Success. Returning response.
2026-05-18T07:19:29.145Z [getAllProjects] Start - User: a6f2643a-6e8f-4bf2-bd33-6e86e4236c71, Org: 17674cf9-9aab-470b-98d9-b65820a3436e
2026-05-18T07:19:29.147Z [getAllProjects] Database and Model verified. Testing connection...
2026-05-18T07:19:29.148Z [getAllProjects] Connection Successful
2026-05-18T07:19:29.149Z [getAllProjects] Fetching paginated projects (page: 1, limit: 10)...
2026-05-18T07:19:29.166Z [getAllProjects] Found 10 projects (Total: 12). Computing progress...
2026-05-18T07:19:29.168Z [getAllProjects] Success. Returning paginated response.
2026-05-18T07:19:30.523Z [getAllProjects] Start - User: a6f2643a-6e8f-4bf2-bd33-6e86e4236c71, Org: 17674cf9-9aab-470b-98d9-b65820a3436e
2026-05-18T07:19:30.526Z [getAllProjects] Database and Model verified. Testing connection...
2026-05-18T07:19:30.528Z [getAllProjects] Connection Successful
2026-05-18T07:19:30.530Z [getAllProjects] Fetching all projects (no pagination)...
2026-05-18T07:19:30.547Z [getAllProjects] Found 12 projects. Computing progress...
2026-05-18T07:19:30.549Z [getAllProjects] Success. Returning response.
2026-05-18T07:19:41.393Z [getAllProjects] Start - User: a6f2643a-6e8f-4bf2-bd33-6e86e4236c71, Org: 17674cf9-9aab-470b-98d9-b65820a3436e
2026-05-18T07:19:41.395Z [getAllProjects] Database and Model verified. Testing connection...
2026-05-18T07:19:41.397Z [getAllProjects] Connection Successful
2026-05-18T07:19:41.399Z [getAllProjects] Fetching all projects (no pagination)...
2026-05-18T07:19:41.408Z [getAllProjects] Found 12 projects. Computing progress...
2026-05-18T07:19:41.410Z [getAllProjects] Success. Returning response.
2026-05-18T07:19:43.096Z [getAllProjects] Start - User: a6f2643a-6e8f-4bf2-bd33-6e86e4236c71, Org: 17674cf9-9aab-470b-98d9-b65820a3436e
2026-05-18T07:19:43.098Z [getAllProjects] Database and Model verified. Testing connection...
2026-05-18T07:19:43.100Z [getAllProjects] Connection Successful
2026-05-18T07:19:43.102Z [getAllProjects] Fetching all projects (no pagination)...
2026-05-18T07:19:43.113Z [getAllProjects] Found 12 projects. Computing progress...
2026-05-18T07:19:43.115Z [getAllProjects] Success. Returning response.
2026-05-18T07:19:50.279Z [getAllProjects] Start - User: a6f2643a-6e8f-4bf2-bd33-6e86e4236c71, Org: 17674cf9-9aab-470b-98d9-b65820a3436e
2026-05-18T07:19:50.281Z [getAllProjects] Database and Model verified. Testing connection...
2026-05-18T07:19:50.283Z [getAllProjects] Connection Successful
2026-05-18T07:19:50.285Z [getAllProjects] Fetching all projects (no pagination)...
2026-05-18T07:19:50.299Z [getAllProjects] Found 12 projects. Computing progress...
2026-05-18T07:19:50.301Z [getAllProjects] Success. Returning response.
2026-05-18T07:20:01.020Z [getAllProjects] Start - User: a6f2643a-6e8f-4bf2-bd33-6e86e4236c71, Org: 17674cf9-9aab-470b-98d9-b65820a3436e
2026-05-18T07:20:01.022Z [getAllProjects] Database and Model verified. Testing connection...
2026-05-18T07:20:01.023Z [getAllProjects] Connection Successful
2026-05-18T07:20:01.024Z [getAllProjects] Fetching all projects (no pagination)...
2026-05-18T07:20:01.032Z [getAllProjects] Found 12 projects. Computing progress...
2026-05-18T07:20:01.034Z [getAllProjects] Success. Returning response.
2026-05-18T07:32:19.781Z [getAllProjects] Start - User: a6f2643a-6e8f-4bf2-bd33-6e86e4236c71, Org: 17674cf9-9aab-470b-98d9-b65820a3436e
2026-05-18T07:32:19.783Z [getAllProjects] Database and Model verified. Testing connection...
2026-05-18T07:32:19.786Z [getAllProjects] Connection Successful
2026-05-18T07:32:19.789Z [getAllProjects] Fetching all projects (no pagination)...
2026-05-18T07:32:19.811Z [getAllProjects] Found 12 projects. Computing progress...
2026-05-18T07:32:19.813Z [getAllProjects] Success. Returning response.
2026-05-18T07:32:36.025Z [getAllProjects] Start - User: a6f2643a-6e8f-4bf2-bd33-6e86e4236c71, Org: 17674cf9-9aab-470b-98d9-b65820a3436e
2026-05-18T07:32:36.028Z [getAllProjects] Database and Model verified. Testing connection...
2026-05-18T07:32:36.030Z [getAllProjects] Connection Successful
2026-05-18T07:32:36.032Z [getAllProjects] Fetching all projects (no pagination)...
2026-05-18T07:32:36.050Z [getAllProjects] Found 12 projects. Computing progress...
2026-05-18T07:32:36.053Z [getAllProjects] Success. Returning response.
2026-05-18T07:32:46.143Z [getAllProjects] Start - User: 168ff0b0-b2a7-493e-91a3-59fa595209d8, Org: 17674cf9-9aab-470b-98d9-b65820a3436e
2026-05-18T07:32:46.145Z [getAllProjects] Database and Model verified. Testing connection...
2026-05-18T07:32:46.148Z [getAllProjects] Connection Successful
2026-05-18T07:32:46.150Z [getAllProjects] Fetching all projects (no pagination)...
2026-05-18T07:32:46.183Z [getAllProjects] Found 1 projects. Computing progress...
2026-05-18T07:32:46.186Z [getAllProjects] Success. Returning response.
2026-05-18T07:32:46.226Z [getAllProjects] Start - User: 168ff0b0-b2a7-493e-91a3-59fa595209d8, Org: 17674cf9-9aab-470b-98d9-b65820a3436e
2026-05-18T07:32:46.228Z [getAllProjects] Database and Model verified. Testing connection...
2026-05-18T07:32:46.230Z [getAllProjects] Connection Successful
2026-05-18T07:32:46.233Z [getAllProjects] Fetching all projects (no pagination)...
2026-05-18T07:32:46.258Z [getAllProjects] Found 1 projects. Computing progress...
2026-05-18T07:32:46.260Z [getAllProjects] Success. Returning response.
2026-05-18T07:32:49.648Z [getAllProjects] Start - User: 168ff0b0-b2a7-493e-91a3-59fa595209d8, Org: 17674cf9-9aab-470b-98d9-b65820a3436e
2026-05-18T07:32:49.651Z [getAllProjects] Database and Model verified. Testing connection...
2026-05-18T07:32:49.653Z [getAllProjects] Connection Successful
2026-05-18T07:32:49.658Z [getAllProjects] Fetching all projects (no pagination)...
2026-05-18T07:32:49.674Z [getAllProjects] Found 1 projects. Computing progress...
2026-05-18T07:32:49.676Z [getAllProjects] Success. Returning response.
2026-05-18T07:32:52.774Z [getAllProjects] Start - User: 168ff0b0-b2a7-493e-91a3-59fa595209d8, Org: 17674cf9-9aab-470b-98d9-b65820a3436e
2026-05-18T07:32:52.779Z [getAllProjects] Database and Model verified. Testing connection...
2026-05-18T07:32:52.781Z [getAllProjects] Connection Successful
2026-05-18T07:32:52.783Z [getAllProjects] Fetching all projects (no pagination)...
2026-05-18T07:32:52.797Z [getAllProjects] Found 1 projects. Computing progress...
2026-05-18T07:32:52.800Z [getAllProjects] Success. Returning response.
2026-05-18T07:32:56.509Z [getAllProjects] Start - User: 168ff0b0-b2a7-493e-91a3-59fa595209d8, Org: 17674cf9-9aab-470b-98d9-b65820a3436e
2026-05-18T07:32:56.512Z [getAllProjects] Database and Model verified. Testing connection...
2026-05-18T07:32:56.513Z [getAllProjects] Connection Successful
2026-05-18T07:32:56.515Z [getAllProjects] Fetching all projects (no pagination)...
2026-05-18T07:32:56.528Z [getAllProjects] Found 1 projects. Computing progress...
2026-05-18T07:32:56.529Z [getAllProjects] Success. Returning response.
2026-05-18T07:33:06.012Z [getAllProjects] Start - User: a6f2643a-6e8f-4bf2-bd33-6e86e4236c71, Org: 17674cf9-9aab-470b-98d9-b65820a3436e
2026-05-18T07:33:06.016Z [getAllProjects] Database and Model verified. Testing connection...
2026-05-18T07:33:06.023Z [getAllProjects] Connection Successful
2026-05-18T07:33:06.025Z [getAllProjects] Fetching all projects (no pagination)...
2026-05-18T07:33:06.048Z [getAllProjects] Found 12 projects. Computing progress...
2026-05-18T07:33:06.051Z [getAllProjects] Success. Returning response.
2026-05-18T07:33:06.146Z [getAllProjects] Start - User: a6f2643a-6e8f-4bf2-bd33-6e86e4236c71, Org: 17674cf9-9aab-470b-98d9-b65820a3436e
2026-05-18T07:33:06.176Z [getAllProjects] Database and Model verified. Testing connection...
2026-05-18T07:33:06.187Z [getAllProjects] Connection Successful
2026-05-18T07:33:06.212Z [getAllProjects] Fetching all projects (no pagination)...
2026-05-18T07:33:06.238Z [getAllProjects] Found 12 projects. Computing progress...
2026-05-18T07:33:06.244Z [getAllProjects] Success. Returning response.
2026-05-18T07:33:19.208Z [getAllProjects] Start - User: a6f2643a-6e8f-4bf2-bd33-6e86e4236c71, Org: 17674cf9-9aab-470b-98d9-b65820a3436e
2026-05-18T07:33:19.213Z [getAllProjects] Database and Model verified. Testing connection...
2026-05-18T07:33:19.215Z [getAllProjects] Connection Successful
2026-05-18T07:33:19.220Z [getAllProjects] Fetching all projects (no pagination)...
2026-05-18T07:33:19.243Z [getAllProjects] Found 12 projects. Computing progress...
2026-05-18T07:33:19.247Z [getAllProjects] Success. Returning response.
2026-05-18T07:33:31.344Z [getAllProjects] Start - User: a6f2643a-6e8f-4bf2-bd33-6e86e4236c71, Org: 17674cf9-9aab-470b-98d9-b65820a3436e
2026-05-18T07:33:31.347Z [getAllProjects] Database and Model verified. Testing connection...
2026-05-18T07:33:31.349Z [getAllProjects] Connection Successful
2026-05-18T07:33:31.353Z [getAllProjects] Fetching all projects (no pagination)...
2026-05-18T07:33:31.368Z [getAllProjects] Found 12 projects. Computing progress...
2026-05-18T07:33:31.372Z [getAllProjects] Success. Returning response.
2026-05-18T07:33:32.328Z [getAllProjects] Start - User: a6f2643a-6e8f-4bf2-bd33-6e86e4236c71, Org: 17674cf9-9aab-470b-98d9-b65820a3436e
2026-05-18T07:33:32.331Z [getAllProjects] Database and Model verified. Testing connection...
2026-05-18T07:33:32.333Z [getAllProjects] Connection Successful
2026-05-18T07:33:32.335Z [getAllProjects] Fetching all projects (no pagination)...
2026-05-18T07:33:32.352Z [getAllProjects] Found 12 projects. Computing progress...
2026-05-18T07:33:32.355Z [getAllProjects] Success. Returning response.
2026-05-18T07:33:33.952Z [getAllProjects] Start - User: a6f2643a-6e8f-4bf2-bd33-6e86e4236c71, Org: 17674cf9-9aab-470b-98d9-b65820a3436e
2026-05-18T07:33:33.955Z [getAllProjects] Database and Model verified. Testing connection...
2026-05-18T07:33:33.958Z [getAllProjects] Connection Successful
2026-05-18T07:33:33.964Z [getAllProjects] Fetching all projects (no pagination)...
2026-05-18T07:33:33.983Z [getAllProjects] Found 12 projects. Computing progress...
2026-05-18T07:33:33.986Z [getAllProjects] Success. Returning response.
2026-05-18T07:33:35.696Z [getAllProjects] Start - User: a6f2643a-6e8f-4bf2-bd33-6e86e4236c71, Org: 17674cf9-9aab-470b-98d9-b65820a3436e
2026-05-18T07:33:35.700Z [getAllProjects] Database and Model verified. Testing connection...
2026-05-18T07:33:35.704Z [getAllProjects] Connection Successful
2026-05-18T07:33:35.706Z [getAllProjects] Fetching all projects (no pagination)...
2026-05-18T07:33:35.721Z [getAllProjects] Found 12 projects. Computing progress...
2026-05-18T07:33:35.725Z [getAllProjects] Success. Returning response.
2026-05-18T07:33:41.856Z [getAllProjects] Start - User: a6f2643a-6e8f-4bf2-bd33-6e86e4236c71, Org: 17674cf9-9aab-470b-98d9-b65820a3436e
2026-05-18T07:33:41.863Z [getAllProjects] Database and Model verified. Testing connection...
2026-05-18T07:33:41.867Z [getAllProjects] Connection Successful
2026-05-18T07:33:41.869Z [getAllProjects] Fetching all projects (no pagination)...
2026-05-18T07:33:41.887Z [getAllProjects] Found 12 projects. Computing progress...
2026-05-18T07:33:41.890Z [getAllProjects] Success. Returning response.
2026-05-18T07:33:48.610Z [getAllProjects] Start - User: a6f2643a-6e8f-4bf2-bd33-6e86e4236c71, Org: 17674cf9-9aab-470b-98d9-b65820a3436e
2026-05-18T07:33:48.613Z [getAllProjects] Database and Model verified. Testing connection...
2026-05-18T07:33:48.615Z [getAllProjects] Connection Successful
2026-05-18T07:33:48.617Z [getAllProjects] Fetching all projects (no pagination)...
2026-05-18T07:33:48.634Z [getAllProjects] Found 12 projects. Computing progress...
2026-05-18T07:33:48.637Z [getAllProjects] Success. Returning response.
2026-05-18T07:34:03.194Z [getAllProjects] Start - User: a6f2643a-6e8f-4bf2-bd33-6e86e4236c71, Org: 17674cf9-9aab-470b-98d9-b65820a3436e
2026-05-18T07:34:03.197Z [getAllProjects] Database and Model verified. Testing connection...
2026-05-18T07:34:03.200Z [getAllProjects] Connection Successful
2026-05-18T07:34:03.202Z [getAllProjects] Fetching paginated projects (page: 1, limit: 10)...
2026-05-18T07:34:03.223Z [getAllProjects] Found 10 projects (Total: 12). Computing progress...
2026-05-18T07:34:03.226Z [getAllProjects] Success. Returning paginated response.
2026-05-18T07:34:05.587Z [getAllProjects] Start - User: a6f2643a-6e8f-4bf2-bd33-6e86e4236c71, Org: 17674cf9-9aab-470b-98d9-b65820a3436e
2026-05-18T07:34:05.590Z [getAllProjects] Database and Model verified. Testing connection...
2026-05-18T07:34:05.594Z [getAllProjects] Connection Successful
2026-05-18T07:34:05.597Z [getAllProjects] Fetching all projects (no pagination)...
2026-05-18T07:34:05.612Z [getAllProjects] Found 12 projects. Computing progress...
2026-05-18T07:34:05.614Z [getAllProjects] Success. Returning response.
2026-05-18T07:34:26.348Z [getAllProjects] Start - User: a6f2643a-6e8f-4bf2-bd33-6e86e4236c71, Org: 17674cf9-9aab-470b-98d9-b65820a3436e
2026-05-18T07:34:26.353Z [getAllProjects] Database and Model verified. Testing connection...
2026-05-18T07:34:26.355Z [getAllProjects] Connection Successful
2026-05-18T07:34:26.358Z [getAllProjects] Fetching all projects (no pagination)...
2026-05-18T07:34:26.375Z [getAllProjects] Found 12 projects. Computing progress...
2026-05-18T07:34:26.378Z [getAllProjects] Success. Returning response.
2026-05-18T07:34:39.455Z [getAllProjects] Start - User: 168ff0b0-b2a7-493e-91a3-59fa595209d8, Org: 17674cf9-9aab-470b-98d9-b65820a3436e
2026-05-18T07:34:39.473Z [getAllProjects] Database and Model verified. Testing connection...
2026-05-18T07:34:39.481Z [getAllProjects] Connection Successful
2026-05-18T07:34:39.483Z [getAllProjects] Fetching all projects (no pagination)...
2026-05-18T07:34:39.500Z [getAllProjects] Found 1 projects. Computing progress...
2026-05-18T07:34:39.502Z [getAllProjects] Success. Returning response.
2026-05-18T07:34:39.539Z [getAllProjects] Start - User: 168ff0b0-b2a7-493e-91a3-59fa595209d8, Org: 17674cf9-9aab-470b-98d9-b65820a3436e
2026-05-18T07:34:39.541Z [getAllProjects] Database and Model verified. Testing connection...
2026-05-18T07:34:39.544Z [getAllProjects] Connection Successful
2026-05-18T07:34:39.546Z [getAllProjects] Fetching all projects (no pagination)...
2026-05-18T07:34:39.562Z [getAllProjects] Found 1 projects. Computing progress...
2026-05-18T07:34:39.564Z [getAllProjects] Success. Returning response.
2026-05-18T07:34:40.725Z [getAllProjects] Start - User: 168ff0b0-b2a7-493e-91a3-59fa595209d8, Org: 17674cf9-9aab-470b-98d9-b65820a3436e
2026-05-18T07:34:40.729Z [getAllProjects] Database and Model verified. Testing connection...
2026-05-18T07:34:40.731Z [getAllProjects] Connection Successful
2026-05-18T07:34:40.733Z [getAllProjects] Fetching paginated projects (page: 1, limit: 10)...
2026-05-18T07:34:40.754Z [getAllProjects] Found 1 projects (Total: 1). Computing progress...
2026-05-18T07:34:40.758Z [getAllProjects] Success. Returning paginated response.
2026-05-18T07:34:50.240Z [getAllProjects] Start - User: 168ff0b0-b2a7-493e-91a3-59fa595209d8, Org: 17674cf9-9aab-470b-98d9-b65820a3436e
2026-05-18T07:34:50.243Z [getAllProjects] Database and Model verified. Testing connection...
2026-05-18T07:34:50.245Z [getAllProjects] Connection Successful
2026-05-18T07:34:50.246Z [getAllProjects] Fetching all projects (no pagination)...
2026-05-18T07:34:50.275Z [getAllProjects] Found 1 projects. Computing progress...
2026-05-18T07:34:50.280Z [getAllProjects] Success. Returning response.
2026-05-18T07:34:57.680Z [getAllProjects] Start - User: a6f2643a-6e8f-4bf2-bd33-6e86e4236c71, Org: 17674cf9-9aab-470b-98d9-b65820a3436e
2026-05-18T07:34:57.685Z [getAllProjects] Database and Model verified. Testing connection...
2026-05-18T07:34:57.688Z [getAllProjects] Connection Successful
2026-05-18T07:34:57.691Z [getAllProjects] Fetching all projects (no pagination)...
2026-05-18T07:34:57.719Z [getAllProjects] Found 12 projects. Computing progress...
2026-05-18T07:34:57.722Z [getAllProjects] Success. Returning response.
2026-05-18T07:34:57.782Z [getAllProjects] Start - User: a6f2643a-6e8f-4bf2-bd33-6e86e4236c71, Org: 17674cf9-9aab-470b-98d9-b65820a3436e
2026-05-18T07:34:57.785Z [getAllProjects] Database and Model verified. Testing connection...
2026-05-18T07:34:57.787Z [getAllProjects] Connection Successful
2026-05-18T07:34:57.789Z [getAllProjects] Fetching all projects (no pagination)...
2026-05-18T07:34:57.819Z [getAllProjects] Found 12 projects. Computing progress...
2026-05-18T07:34:57.822Z [getAllProjects] Success. Returning response.
2026-05-18T07:35:00.180Z [getAllProjects] Start - User: a6f2643a-6e8f-4bf2-bd33-6e86e4236c71, Org: 17674cf9-9aab-470b-98d9-b65820a3436e
2026-05-18T07:35:00.183Z [getAllProjects] Database and Model verified. Testing connection...
2026-05-18T07:35:00.185Z [getAllProjects] Connection Successful
2026-05-18T07:35:00.186Z [getAllProjects] Fetching all projects (no pagination)...
2026-05-18T07:35:00.200Z [getAllProjects] Found 12 projects. Computing progress...
2026-05-18T07:35:00.202Z [getAllProjects] Success. Returning response.
2026-05-18T07:35:13.686Z [getAllProjects] Start - User: a6f2643a-6e8f-4bf2-bd33-6e86e4236c71, Org: 17674cf9-9aab-470b-98d9-b65820a3436e
2026-05-18T07:35:13.688Z [getAllProjects] Database and Model verified. Testing connection...
2026-05-18T07:35:13.689Z [getAllProjects] Connection Successful
2026-05-18T07:35:13.691Z [getAllProjects] Fetching all projects (no pagination)...
2026-05-18T07:35:13.713Z [getAllProjects] Found 12 projects. Computing progress...
2026-05-18T07:35:13.715Z [getAllProjects] Success. Returning response.
2026-05-18T07:35:27.300Z [getAllProjects] Start - User: 168ff0b0-b2a7-493e-91a3-59fa595209d8, Org: 17674cf9-9aab-470b-98d9-b65820a3436e
2026-05-18T07:35:27.303Z [getAllProjects] Database and Model verified. Testing connection...
2026-05-18T07:35:27.305Z [getAllProjects] Connection Successful
2026-05-18T07:35:27.306Z [getAllProjects] Fetching all projects (no pagination)...
2026-05-18T07:35:27.322Z [getAllProjects] Found 1 projects. Computing progress...
2026-05-18T07:35:27.324Z [getAllProjects] Success. Returning response.
2026-05-18T07:35:27.360Z [getAllProjects] Start - User: 168ff0b0-b2a7-493e-91a3-59fa595209d8, Org: 17674cf9-9aab-470b-98d9-b65820a3436e
2026-05-18T07:35:27.363Z [getAllProjects] Database and Model verified. Testing connection...
2026-05-18T07:35:27.366Z [getAllProjects] Connection Successful
2026-05-18T07:35:27.368Z [getAllProjects] Fetching all projects (no pagination)...
2026-05-18T07:35:27.396Z [getAllProjects] Found 1 projects. Computing progress...
2026-05-18T07:35:27.399Z [getAllProjects] Success. Returning response.
2026-05-18T07:35:33.574Z [getAllProjects] Start - User: 168ff0b0-b2a7-493e-91a3-59fa595209d8, Org: 17674cf9-9aab-470b-98d9-b65820a3436e
2026-05-18T07:35:33.582Z [getAllProjects] Database and Model verified. Testing connection...
2026-05-18T07:35:33.588Z [getAllProjects] Connection Successful
2026-05-18T07:35:33.595Z [getAllProjects] Fetching all projects (no pagination)...
2026-05-18T07:35:33.612Z [getAllProjects] Found 1 projects. Computing progress...
2026-05-18T07:35:33.615Z [getAllProjects] Success. Returning response.
2026-05-18T07:35:38.944Z [getAllProjects] Start - User: 168ff0b0-b2a7-493e-91a3-59fa595209d8, Org: 17674cf9-9aab-470b-98d9-b65820a3436e
2026-05-18T07:35:38.947Z [getAllProjects] Database and Model verified. Testing connection...
2026-05-18T07:35:38.949Z [getAllProjects] Connection Successful
2026-05-18T07:35:38.951Z [getAllProjects] Fetching paginated projects (page: 1, limit: 10)...
2026-05-18T07:35:38.984Z [getAllProjects] Found 1 projects (Total: 1). Computing progress...
2026-05-18T07:35:38.987Z [getAllProjects] Success. Returning paginated response.
2026-05-18T07:35:40.476Z [getAllProjects] Start - User: 168ff0b0-b2a7-493e-91a3-59fa595209d8, Org: 17674cf9-9aab-470b-98d9-b65820a3436e
2026-05-18T07:35:40.478Z [getAllProjects] Database and Model verified. Testing connection...
2026-05-18T07:35:40.480Z [getAllProjects] Connection Successful
2026-05-18T07:35:40.482Z [getAllProjects] Fetching all projects (no pagination)...
2026-05-18T07:35:40.496Z [getAllProjects] Found 1 projects. Computing progress...
2026-05-18T07:35:40.499Z [getAllProjects] Success. Returning response.
2026-05-18T07:35:41.205Z [getAllProjects] Start - User: 168ff0b0-b2a7-493e-91a3-59fa595209d8, Org: 17674cf9-9aab-470b-98d9-b65820a3436e
2026-05-18T07:35:41.209Z [getAllProjects] Database and Model verified. Testing connection...
2026-05-18T07:35:41.211Z [getAllProjects] Connection Successful
2026-05-18T07:35:41.214Z [getAllProjects] Fetching paginated projects (page: 1, limit: 10)...
2026-05-18T07:35:41.226Z [getAllProjects] Found 1 projects (Total: 1). Computing progress...
2026-05-18T07:35:41.231Z [getAllProjects] Success. Returning paginated response.
2026-05-18T07:35:41.919Z [getAllProjects] Start - User: 168ff0b0-b2a7-493e-91a3-59fa595209d8, Org: 17674cf9-9aab-470b-98d9-b65820a3436e
2026-05-18T07:35:41.921Z [getAllProjects] Database and Model verified. Testing connection...
2026-05-18T07:35:41.922Z [getAllProjects] Connection Successful
2026-05-18T07:35:41.923Z [getAllProjects] Fetching all projects (no pagination)...
2026-05-18T07:35:41.936Z [getAllProjects] Found 1 projects. Computing progress...
2026-05-18T07:35:41.938Z [getAllProjects] Success. Returning response.
2026-05-18T07:35:42.785Z [getAllProjects] Start - User: 168ff0b0-b2a7-493e-91a3-59fa595209d8, Org: 17674cf9-9aab-470b-98d9-b65820a3436e
2026-05-18T07:35:42.787Z [getAllProjects] Database and Model verified. Testing connection...
2026-05-18T07:35:42.790Z [getAllProjects] Connection Successful
2026-05-18T07:35:42.791Z [getAllProjects] Fetching all projects (no pagination)...
2026-05-18T07:35:42.804Z [getAllProjects] Found 1 projects. Computing progress...
2026-05-18T07:35:42.807Z [getAllProjects] Success. Returning response.
2026-05-18T07:35:47.972Z [getAllProjects] Start - User: 168ff0b0-b2a7-493e-91a3-59fa595209d8, Org: 17674cf9-9aab-470b-98d9-b65820a3436e
2026-05-18T07:35:47.975Z [getAllProjects] Database and Model verified. Testing connection...
2026-05-18T07:35:47.977Z [getAllProjects] Connection Successful
2026-05-18T07:35:47.980Z [getAllProjects] Fetching all projects (no pagination)...
2026-05-18T07:35:47.996Z [getAllProjects] Found 1 projects. Computing progress...
2026-05-18T07:35:47.999Z [getAllProjects] Success. Returning response.
2026-05-18T07:35:50.537Z [getAllProjects] Start - User: 168ff0b0-b2a7-493e-91a3-59fa595209d8, Org: 17674cf9-9aab-470b-98d9-b65820a3436e
2026-05-18T07:35:50.540Z [getAllProjects] Database and Model verified. Testing connection...
2026-05-18T07:35:50.542Z [getAllProjects] Connection Successful
2026-05-18T07:35:50.543Z [getAllProjects] Fetching all projects (no pagination)...
2026-05-18T07:35:50.558Z [getAllProjects] Found 1 projects. Computing progress...
2026-05-18T07:35:50.561Z [getAllProjects] Success. Returning response.
2026-05-18T07:35:52.527Z [getAllProjects] Start - User: 168ff0b0-b2a7-493e-91a3-59fa595209d8, Org: 17674cf9-9aab-470b-98d9-b65820a3436e
2026-05-18T07:35:52.531Z [getAllProjects] Database and Model verified. Testing connection...
2026-05-18T07:35:52.533Z [getAllProjects] Connection Successful
2026-05-18T07:35:52.535Z [getAllProjects] Fetching all projects (no pagination)...
2026-05-18T07:35:52.545Z [getAllProjects] Found 1 projects. Computing progress...
2026-05-18T07:35:52.548Z [getAllProjects] Success. Returning response.
2026-05-18T07:35:54.375Z [getAllProjects] Start - User: 168ff0b0-b2a7-493e-91a3-59fa595209d8, Org: 17674cf9-9aab-470b-98d9-b65820a3436e
2026-05-18T07:35:54.380Z [getAllProjects] Database and Model verified. Testing connection...
2026-05-18T07:35:54.383Z [getAllProjects] Connection Successful
2026-05-18T07:35:54.386Z [getAllProjects] Fetching all projects (no pagination)...
2026-05-18T07:35:54.395Z [getAllProjects] Found 1 projects. Computing progress...
2026-05-18T07:35:54.397Z [getAllProjects] Success. Returning response.
2026-05-18T07:36:01.370Z [getAllProjects] Start - User: 168ff0b0-b2a7-493e-91a3-59fa595209d8, Org: 17674cf9-9aab-470b-98d9-b65820a3436e
2026-05-18T07:36:01.372Z [getAllProjects] Database and Model verified. Testing connection...
2026-05-18T07:36:01.374Z [getAllProjects] Connection Successful
2026-05-18T07:36:01.375Z [getAllProjects] Fetching all projects (no pagination)...
2026-05-18T07:36:01.386Z [getAllProjects] Found 1 projects. Computing progress...
2026-05-18T07:36:01.387Z [getAllProjects] Success. Returning response.
2026-05-18T07:36:30.977Z [getAllProjects] Start - User: 168ff0b0-b2a7-493e-91a3-59fa595209d8, Org: 17674cf9-9aab-470b-98d9-b65820a3436e
2026-05-18T07:36:30.981Z [getAllProjects] Database and Model verified. Testing connection...
2026-05-18T07:36:30.985Z [getAllProjects] Connection Successful
2026-05-18T07:36:30.987Z [getAllProjects] Fetching all projects (no pagination)...
2026-05-18T07:36:31.000Z [getAllProjects] Found 1 projects. Computing progress...
2026-05-18T07:36:31.003Z [getAllProjects] Success. Returning response.
2026-05-18T07:36:37.235Z [getAllProjects] Start - User: 168ff0b0-b2a7-493e-91a3-59fa595209d8, Org: 17674cf9-9aab-470b-98d9-b65820a3436e
2026-05-18T07:36:37.237Z [getAllProjects] Database and Model verified. Testing connection...
2026-05-18T07:36:37.241Z [getAllProjects] Connection Successful
2026-05-18T07:36:37.242Z [getAllProjects] Fetching paginated projects (page: 1, limit: 10)...
2026-05-18T07:36:37.257Z [getAllProjects] Found 1 projects (Total: 1). Computing progress...
2026-05-18T07:36:37.259Z [getAllProjects] Success. Returning paginated response.
2026-05-18T07:36:37.946Z [getAllProjects] Start - User: 168ff0b0-b2a7-493e-91a3-59fa595209d8, Org: 17674cf9-9aab-470b-98d9-b65820a3436e
2026-05-18T07:36:37.951Z [getAllProjects] Database and Model verified. Testing connection...
2026-05-18T07:36:37.954Z [getAllProjects] Connection Successful
2026-05-18T07:36:37.955Z [getAllProjects] Fetching all projects (no pagination)...
2026-05-18T07:36:37.964Z [getAllProjects] Found 1 projects. Computing progress...
2026-05-18T07:36:37.966Z [getAllProjects] Success. Returning response.
2026-05-18T07:36:44.570Z [getAllProjects] Start - User: 168ff0b0-b2a7-493e-91a3-59fa595209d8, Org: 17674cf9-9aab-470b-98d9-b65820a3436e
2026-05-18T07:36:44.573Z [getAllProjects] Database and Model verified. Testing connection...
2026-05-18T07:36:44.576Z [getAllProjects] Connection Successful
2026-05-18T07:36:44.582Z [getAllProjects] Fetching all projects (no pagination)...
2026-05-18T07:36:44.603Z [getAllProjects] Found 1 projects. Computing progress...
2026-05-18T07:36:44.608Z [getAllProjects] Success. Returning response.
2026-05-18T07:36:45.667Z [getAllProjects] Start - User: 168ff0b0-b2a7-493e-91a3-59fa595209d8, Org: 17674cf9-9aab-470b-98d9-b65820a3436e
2026-05-18T07:36:45.671Z [getAllProjects] Database and Model verified. Testing connection...
2026-05-18T07:36:45.674Z [getAllProjects] Connection Successful
2026-05-18T07:36:45.675Z [getAllProjects] Fetching all projects (no pagination)...
2026-05-18T07:36:45.699Z [getAllProjects] Found 1 projects. Computing progress...
2026-05-18T07:36:45.702Z [getAllProjects] Success. Returning response.
2026-05-18T07:36:47.202Z [getAllProjects] Start - User: 168ff0b0-b2a7-493e-91a3-59fa595209d8, Org: 17674cf9-9aab-470b-98d9-b65820a3436e
2026-05-18T07:36:47.206Z [getAllProjects] Database and Model verified. Testing connection...
2026-05-18T07:36:47.208Z [getAllProjects] Connection Successful
2026-05-18T07:36:47.210Z [getAllProjects] Fetching all projects (no pagination)...
2026-05-18T07:36:47.224Z [getAllProjects] Found 1 projects. Computing progress...
2026-05-18T07:36:47.226Z [getAllProjects] Success. Returning response.
2026-05-18T07:36:48.310Z [getAllProjects] Start - User: 168ff0b0-b2a7-493e-91a3-59fa595209d8, Org: 17674cf9-9aab-470b-98d9-b65820a3436e
2026-05-18T07:36:48.314Z [getAllProjects] Database and Model verified. Testing connection...
2026-05-18T07:36:48.316Z [getAllProjects] Connection Successful
2026-05-18T07:36:48.319Z [getAllProjects] Fetching paginated projects (page: 1, limit: 10)...
2026-05-18T07:36:48.334Z [getAllProjects] Found 1 projects (Total: 1). Computing progress...
2026-05-18T07:36:48.336Z [getAllProjects] Success. Returning paginated response.
2026-05-18T07:36:56.199Z [getAllProjects] Start - User: 168ff0b0-b2a7-493e-91a3-59fa595209d8, Org: 17674cf9-9aab-470b-98d9-b65820a3436e
2026-05-18T07:36:56.204Z [getAllProjects] Database and Model verified. Testing connection...
2026-05-18T07:36:56.206Z [getAllProjects] Connection Successful
2026-05-18T07:36:56.209Z [getAllProjects] Fetching all projects (no pagination)...
2026-05-18T07:36:56.227Z [getAllProjects] Found 1 projects. Computing progress...
2026-05-18T07:36:56.230Z [getAllProjects] Success. Returning response.
2026-05-18T07:36:58.243Z [getAllProjects] Start - User: 168ff0b0-b2a7-493e-91a3-59fa595209d8, Org: 17674cf9-9aab-470b-98d9-b65820a3436e
2026-05-18T07:36:58.245Z [getAllProjects] Database and Model verified. Testing connection...
2026-05-18T07:36:58.249Z [getAllProjects] Connection Successful
2026-05-18T07:36:58.252Z [getAllProjects] Fetching all projects (no pagination)...
2026-05-18T07:36:58.261Z [getAllProjects] Found 1 projects. Computing progress...
2026-05-18T07:36:58.265Z [getAllProjects] Success. Returning response.
2026-05-18T07:37:11.721Z [getAllProjects] Start - User: 168ff0b0-b2a7-493e-91a3-59fa595209d8, Org: 17674cf9-9aab-470b-98d9-b65820a3436e
2026-05-18T07:37:11.723Z [getAllProjects] Database and Model verified. Testing connection...
2026-05-18T07:37:11.725Z [getAllProjects] Connection Successful
2026-05-18T07:37:11.727Z [getAllProjects] Fetching paginated projects (page: 1, limit: 10)...
2026-05-18T07:37:11.754Z [getAllProjects] Found 1 projects (Total: 1). Computing progress...
2026-05-18T07:37:11.758Z [getAllProjects] Success. Returning paginated response.
2026-05-18T07:37:12.911Z [getAllProjects] Start - User: 168ff0b0-b2a7-493e-91a3-59fa595209d8, Org: 17674cf9-9aab-470b-98d9-b65820a3436e
2026-05-18T07:37:12.916Z [getAllProjects] Database and Model verified. Testing connection...
2026-05-18T07:37:12.918Z [getAllProjects] Connection Successful
2026-05-18T07:37:12.920Z [getAllProjects] Fetching all projects (no pagination)...
2026-05-18T07:37:12.931Z [getAllProjects] Found 1 projects. Computing progress...
2026-05-18T07:37:12.933Z [getAllProjects] Success. Returning response.
2026-05-18T07:37:15.833Z [getAllProjects] Start - User: 168ff0b0-b2a7-493e-91a3-59fa595209d8, Org: 17674cf9-9aab-470b-98d9-b65820a3436e
2026-05-18T07:37:15.835Z [getAllProjects] Database and Model verified. Testing connection...
2026-05-18T07:37:15.837Z [getAllProjects] Connection Successful
2026-05-18T07:37:15.839Z [getAllProjects] Fetching paginated projects (page: 1, limit: 10)...
2026-05-18T07:37:15.851Z [getAllProjects] Found 1 projects (Total: 1). Computing progress...
2026-05-18T07:37:15.852Z [getAllProjects] Success. Returning paginated response.
2026-05-18T07:37:20.251Z [getAllProjects] Start - User: 168ff0b0-b2a7-493e-91a3-59fa595209d8, Org: 17674cf9-9aab-470b-98d9-b65820a3436e
2026-05-18T07:37:20.254Z [getAllProjects] Database and Model verified. Testing connection...
2026-05-18T07:37:20.257Z [getAllProjects] Connection Successful
2026-05-18T07:37:20.258Z [getAllProjects] Fetching all projects (no pagination)...
2026-05-18T07:37:20.272Z [getAllProjects] Found 1 projects. Computing progress...
2026-05-18T07:37:20.274Z [getAllProjects] Success. Returning response.
2026-05-18T07:37:21.508Z [getAllProjects] Start - User: 168ff0b0-b2a7-493e-91a3-59fa595209d8, Org: 17674cf9-9aab-470b-98d9-b65820a3436e
2026-05-18T07:37:21.511Z [getAllProjects] Database and Model verified. Testing connection...
2026-05-18T07:37:21.514Z [getAllProjects] Connection Successful
2026-05-18T07:37:21.518Z [getAllProjects] Fetching all projects (no pagination)...
2026-05-18T07:37:21.540Z [getAllProjects] Found 1 projects. Computing progress...
2026-05-18T07:37:21.542Z [getAllProjects] Success. Returning response.
2026-05-18T07:37:26.172Z [getAllProjects] Start - User: 168ff0b0-b2a7-493e-91a3-59fa595209d8, Org: 17674cf9-9aab-470b-98d9-b65820a3436e
2026-05-18T07:37:26.174Z [getAllProjects] Database and Model verified. Testing connection...
2026-05-18T07:37:26.176Z [getAllProjects] Connection Successful
2026-05-18T07:37:26.178Z [getAllProjects] Fetching all projects (no pagination)...
2026-05-18T07:37:26.193Z [getAllProjects] Found 1 projects. Computing progress...
2026-05-18T07:37:26.195Z [getAllProjects] Success. Returning response.
2026-05-18T07:37:36.630Z [getAllProjects] Start - User: 168ff0b0-b2a7-493e-91a3-59fa595209d8, Org: 17674cf9-9aab-470b-98d9-b65820a3436e
2026-05-18T07:37:36.633Z [getAllProjects] Database and Model verified. Testing connection...
2026-05-18T07:37:36.635Z [getAllProjects] Connection Successful
2026-05-18T07:37:36.637Z [getAllProjects] Fetching all projects (no pagination)...
2026-05-18T07:37:36.654Z [getAllProjects] Found 1 projects. Computing progress...
2026-05-18T07:37:36.655Z [getAllProjects] Success. Returning response.
2026-05-18T07:39:05.507Z [getAllProjects] Start - User: 168ff0b0-b2a7-493e-91a3-59fa595209d8, Org: 17674cf9-9aab-470b-98d9-b65820a3436e
2026-05-18T07:39:05.509Z [getAllProjects] Database and Model verified. Testing connection...
2026-05-18T07:39:05.511Z [getAllProjects] Connection Successful
2026-05-18T07:39:05.513Z [getAllProjects] Fetching all projects (no pagination)...
2026-05-18T07:39:05.528Z [getAllProjects] Found 1 projects. Computing progress...
2026-05-18T07:39:05.530Z [getAllProjects] Success. Returning response.
2026-05-18T07:40:27.373Z [getAllProjects] Start - User: 168ff0b0-b2a7-493e-91a3-59fa595209d8, Org: 17674cf9-9aab-470b-98d9-b65820a3436e
2026-05-18T07:40:27.376Z [getAllProjects] Database and Model verified. Testing connection...
2026-05-18T07:40:27.377Z [getAllProjects] Connection Successful
2026-05-18T07:40:27.379Z [getAllProjects] Fetching all projects (no pagination)...
2026-05-18T07:40:27.395Z [getAllProjects] Found 1 projects. Computing progress...
2026-05-18T07:40:27.397Z [getAllProjects] Success. Returning response.
2026-05-18T07:41:09.694Z [getAllProjects] Start - User: 168ff0b0-b2a7-493e-91a3-59fa595209d8, Org: 17674cf9-9aab-470b-98d9-b65820a3436e
2026-05-18T07:41:09.697Z [getAllProjects] Database and Model verified. Testing connection...
2026-05-18T07:41:09.700Z [getAllProjects] Connection Successful
2026-05-18T07:41:09.701Z [getAllProjects] Fetching all projects (no pagination)...
2026-05-18T07:41:09.746Z [getAllProjects] Found 1 projects. Computing progress...
2026-05-18T07:41:09.749Z [getAllProjects] Success. Returning response.
2026-05-18T07:43:00.265Z [getAllProjects] Start - User: 168ff0b0-b2a7-493e-91a3-59fa595209d8, Org: 17674cf9-9aab-470b-98d9-b65820a3436e
2026-05-18T07:43:00.267Z [getAllProjects] Database and Model verified. Testing connection...
2026-05-18T07:43:00.269Z [getAllProjects] Connection Successful
2026-05-18T07:43:00.271Z [getAllProjects] Fetching all projects (no pagination)...
2026-05-18T07:43:00.311Z [getAllProjects] Found 1 projects. Computing progress...
2026-05-18T07:43:00.313Z [getAllProjects] Success. Returning response.
2026-05-18T07:44:42.651Z [getAllProjects] Start - User: 168ff0b0-b2a7-493e-91a3-59fa595209d8, Org: 17674cf9-9aab-470b-98d9-b65820a3436e
2026-05-18T07:44:42.653Z [getAllProjects] Database and Model verified. Testing connection...
2026-05-18T07:44:42.654Z [getAllProjects] Connection Successful
2026-05-18T07:44:42.656Z [getAllProjects] Fetching all projects (no pagination)...
2026-05-18T07:44:42.667Z [getAllProjects] Found 1 projects. Computing progress...
2026-05-18T07:44:42.669Z [getAllProjects] Success. Returning response.
2026-05-18T07:44:43.718Z [getAllProjects] Start - User: 168ff0b0-b2a7-493e-91a3-59fa595209d8, Org: 17674cf9-9aab-470b-98d9-b65820a3436e
2026-05-18T07:44:43.720Z [getAllProjects] Database and Model verified. Testing connection...
2026-05-18T07:44:43.723Z [getAllProjects] Connection Successful
2026-05-18T07:44:43.724Z [getAllProjects] Fetching all projects (no pagination)...
2026-05-18T07:44:43.739Z [getAllProjects] Found 1 projects. Computing progress...
2026-05-18T07:44:43.741Z [getAllProjects] Success. Returning response.
2026-05-18T07:46:17.997Z [getAllProjects] Start - User: 168ff0b0-b2a7-493e-91a3-59fa595209d8, Org: 17674cf9-9aab-470b-98d9-b65820a3436e
2026-05-18T07:46:17.999Z [getAllProjects] Database and Model verified. Testing connection...
2026-05-18T07:46:18.002Z [getAllProjects] Connection Successful
2026-05-18T07:46:18.003Z [getAllProjects] Fetching all projects (no pagination)...
2026-05-18T07:46:18.033Z [getAllProjects] Found 1 projects. Computing progress...
2026-05-18T07:46:18.037Z [getAllProjects] Success. Returning response.
2026-05-18T07:46:28.936Z [getAllProjects] Start - User: a6f2643a-6e8f-4bf2-bd33-6e86e4236c71, Org: 17674cf9-9aab-470b-98d9-b65820a3436e
2026-05-18T07:46:28.939Z [getAllProjects] Database and Model verified. Testing connection...
2026-05-18T07:46:28.941Z [getAllProjects] Connection Successful
2026-05-18T07:46:28.943Z [getAllProjects] Fetching all projects (no pagination)...
2026-05-18T07:46:28.957Z [getAllProjects] Found 12 projects. Computing progress...
2026-05-18T07:46:28.958Z [getAllProjects] Success. Returning response.
2026-05-18T07:46:34.271Z [getAllProjects] Start - User: a6f2643a-6e8f-4bf2-bd33-6e86e4236c71, Org: 17674cf9-9aab-470b-98d9-b65820a3436e
2026-05-18T07:46:34.275Z [getAllProjects] Database and Model verified. Testing connection...
2026-05-18T07:46:34.277Z [getAllProjects] Connection Successful
2026-05-18T07:46:34.279Z [getAllProjects] Fetching all projects (no pagination)...
2026-05-18T07:46:34.292Z [getAllProjects] Found 12 projects. Computing progress...
2026-05-18T07:46:34.294Z [getAllProjects] Success. Returning response.
2026-05-18T07:46:41.233Z [getAllProjects] Start - User: 454265a3-1777-413b-a49f-8735ef6ffa2a, Org: 17674cf9-9aab-470b-98d9-b65820a3436e
2026-05-18T07:46:41.236Z [getAllProjects] Database and Model verified. Testing connection...
2026-05-18T07:46:41.238Z [getAllProjects] Connection Successful
2026-05-18T07:46:41.241Z [getAllProjects] Fetching all projects (no pagination)...
2026-05-18T07:46:41.294Z [getAllProjects] Found 7 projects. Computing progress...
2026-05-18T07:46:41.303Z [getAllProjects] Success. Returning response.
2026-05-18T07:46:41.368Z [getAllProjects] Start - User: 454265a3-1777-413b-a49f-8735ef6ffa2a, Org: 17674cf9-9aab-470b-98d9-b65820a3436e
2026-05-18T07:46:41.372Z [getAllProjects] Database and Model verified. Testing connection...
2026-05-18T07:46:41.374Z [getAllProjects] Connection Successful
2026-05-18T07:46:41.375Z [getAllProjects] Fetching all projects (no pagination)...
2026-05-18T07:46:41.406Z [getAllProjects] Found 7 projects. Computing progress...
2026-05-18T07:46:41.409Z [getAllProjects] Success. Returning response.
2026-05-18T07:46:44.343Z [getAllProjects] Start - User: 454265a3-1777-413b-a49f-8735ef6ffa2a, Org: 17674cf9-9aab-470b-98d9-b65820a3436e
2026-05-18T07:46:44.344Z [getAllProjects] Database and Model verified. Testing connection...
2026-05-18T07:46:44.345Z [getAllProjects] Connection Successful
2026-05-18T07:46:44.347Z [getAllProjects] Fetching all projects (no pagination)...
2026-05-18T07:46:44.362Z [getAllProjects] Found 7 projects. Computing progress...
2026-05-18T07:46:44.364Z [getAllProjects] Success. Returning response.
2026-05-18T07:46:51.555Z [getAllProjects] Start - User: 454265a3-1777-413b-a49f-8735ef6ffa2a, Org: 17674cf9-9aab-470b-98d9-b65820a3436e
2026-05-18T07:46:51.560Z [getAllProjects] Database and Model verified. Testing connection...
2026-05-18T07:46:51.563Z [getAllProjects] Connection Successful
2026-05-18T07:46:51.566Z [getAllProjects] Fetching all projects (no pagination)...
2026-05-18T07:46:51.587Z [getAllProjects] Found 7 projects. Computing progress...
2026-05-18T07:46:51.592Z [getAllProjects] Success. Returning response.
2026-05-18T07:47:00.555Z [getAllProjects] Start - User: 454265a3-1777-413b-a49f-8735ef6ffa2a, Org: 17674cf9-9aab-470b-98d9-b65820a3436e
2026-05-18T07:47:00.559Z [getAllProjects] Database and Model verified. Testing connection...
2026-05-18T07:47:00.562Z [getAllProjects] Connection Successful
2026-05-18T07:47:00.566Z [getAllProjects] Fetching all projects (no pagination)...
2026-05-18T07:47:00.584Z [getAllProjects] Found 7 projects. Computing progress...
2026-05-18T07:47:00.588Z [getAllProjects] Success. Returning response.
2026-05-18T07:47:18.250Z [getAllProjects] Start - User: 454265a3-1777-413b-a49f-8735ef6ffa2a, Org: 17674cf9-9aab-470b-98d9-b65820a3436e
2026-05-18T07:47:18.256Z [getAllProjects] Database and Model verified. Testing connection...
2026-05-18T07:47:18.258Z [getAllProjects] Connection Successful
2026-05-18T07:47:18.260Z [getAllProjects] Fetching all projects (no pagination)...
2026-05-18T07:47:18.273Z [getAllProjects] Found 7 projects. Computing progress...
2026-05-18T07:47:18.275Z [getAllProjects] Success. Returning response.
2026-05-18T07:47:19.783Z [getAllProjects] Start - User: 454265a3-1777-413b-a49f-8735ef6ffa2a, Org: 17674cf9-9aab-470b-98d9-b65820a3436e
2026-05-18T07:47:19.786Z [getAllProjects] Database and Model verified. Testing connection...
2026-05-18T07:47:19.788Z [getAllProjects] Connection Successful
2026-05-18T07:47:19.790Z [getAllProjects] Fetching all projects (no pagination)...
2026-05-18T07:47:19.799Z [getAllProjects] Found 7 projects. Computing progress...
2026-05-18T07:47:19.801Z [getAllProjects] Success. Returning response.
2026-05-18T07:47:21.935Z [getAllProjects] Start - User: 454265a3-1777-413b-a49f-8735ef6ffa2a, Org: 17674cf9-9aab-470b-98d9-b65820a3436e
2026-05-18T07:47:21.940Z [getAllProjects] Database and Model verified. Testing connection...
2026-05-18T07:47:21.943Z [getAllProjects] Connection Successful
2026-05-18T07:47:21.946Z [getAllProjects] Fetching all projects (no pagination)...
2026-05-18T07:47:21.959Z [getAllProjects] Found 7 projects. Computing progress...
2026-05-18T07:47:21.960Z [getAllProjects] Success. Returning response.
2026-05-18T07:48:04.837Z [getAllProjects] Start - User: 454265a3-1777-413b-a49f-8735ef6ffa2a, Org: 17674cf9-9aab-470b-98d9-b65820a3436e
2026-05-18T07:48:04.840Z [getAllProjects] Database and Model verified. Testing connection...
2026-05-18T07:48:04.842Z [getAllProjects] Connection Successful
2026-05-18T07:48:04.844Z [getAllProjects] Fetching all projects (no pagination)...
2026-05-18T07:48:04.863Z [getAllProjects] Found 7 projects. Computing progress...
2026-05-18T07:48:04.865Z [getAllProjects] Success. Returning response.
2026-05-18T07:48:11.679Z [getAllProjects] Start - User: a6f2643a-6e8f-4bf2-bd33-6e86e4236c71, Org: 17674cf9-9aab-470b-98d9-b65820a3436e
2026-05-18T07:48:11.683Z [getAllProjects] Database and Model verified. Testing connection...
2026-05-18T07:48:11.685Z [getAllProjects] Connection Successful
2026-05-18T07:48:11.687Z [getAllProjects] Fetching all projects (no pagination)...
2026-05-18T07:48:11.713Z [getAllProjects] Found 12 projects. Computing progress...
2026-05-18T07:48:11.716Z [getAllProjects] Success. Returning response.
2026-05-18T07:48:11.780Z [getAllProjects] Start - User: a6f2643a-6e8f-4bf2-bd33-6e86e4236c71, Org: 17674cf9-9aab-470b-98d9-b65820a3436e
2026-05-18T07:48:11.786Z [getAllProjects] Database and Model verified. Testing connection...
2026-05-18T07:48:11.788Z [getAllProjects] Connection Successful
2026-05-18T07:48:11.790Z [getAllProjects] Fetching all projects (no pagination)...
2026-05-18T07:48:11.825Z [getAllProjects] Found 12 projects. Computing progress...
2026-05-18T07:48:11.829Z [getAllProjects] Success. Returning response.
2026-05-18T07:48:15.297Z [getAllProjects] Start - User: a6f2643a-6e8f-4bf2-bd33-6e86e4236c71, Org: 17674cf9-9aab-470b-98d9-b65820a3436e
2026-05-18T07:48:15.300Z [getAllProjects] Database and Model verified. Testing connection...
2026-05-18T07:48:15.302Z [getAllProjects] Connection Successful
2026-05-18T07:48:15.305Z [getAllProjects] Fetching all projects (no pagination)...
2026-05-18T07:48:15.320Z [getAllProjects] Found 12 projects. Computing progress...
2026-05-18T07:48:15.324Z [getAllProjects] Success. Returning response.
2026-05-18T07:48:16.198Z [getAllProjects] Start - User: a6f2643a-6e8f-4bf2-bd33-6e86e4236c71, Org: 17674cf9-9aab-470b-98d9-b65820a3436e
2026-05-18T07:48:16.203Z [getAllProjects] Database and Model verified. Testing connection...
2026-05-18T07:48:16.207Z [getAllProjects] Connection Successful
2026-05-18T07:48:16.208Z [getAllProjects] Fetching all projects (no pagination)...
2026-05-18T07:48:16.224Z [getAllProjects] Found 12 projects. Computing progress...
2026-05-18T07:48:16.241Z [getAllProjects] Success. Returning response.
2026-05-18T07:48:51.311Z [getAllProjects] Start - User: a6f2643a-6e8f-4bf2-bd33-6e86e4236c71, Org: 17674cf9-9aab-470b-98d9-b65820a3436e
2026-05-18T07:48:51.319Z [getAllProjects] Database and Model verified. Testing connection...
2026-05-18T07:48:51.321Z [getAllProjects] Connection Successful
2026-05-18T07:48:51.324Z [getAllProjects] Fetching all projects (no pagination)...
2026-05-18T07:48:51.344Z [getAllProjects] Found 12 projects. Computing progress...
2026-05-18T07:48:51.347Z [getAllProjects] Success. Returning response.
2026-05-18T07:51:18.761Z [getAllProjects] Start - User: 454265a3-1777-413b-a49f-8735ef6ffa2a, Org: 17674cf9-9aab-470b-98d9-b65820a3436e
2026-05-18T07:51:18.763Z [getAllProjects] Database and Model verified. Testing connection...
2026-05-18T07:51:18.764Z [getAllProjects] Connection Successful
2026-05-18T07:51:18.765Z [getAllProjects] Fetching all projects (no pagination)...
2026-05-18T07:51:18.793Z [getAllProjects] Found 7 projects. Computing progress...
2026-05-18T07:51:18.795Z [getAllProjects] Success. Returning response.
2026-05-18T07:51:18.825Z [getAllProjects] Start - User: 454265a3-1777-413b-a49f-8735ef6ffa2a, Org: 17674cf9-9aab-470b-98d9-b65820a3436e
2026-05-18T07:51:18.827Z [getAllProjects] Database and Model verified. Testing connection...
2026-05-18T07:51:18.828Z [getAllProjects] Connection Successful
2026-05-18T07:51:18.829Z [getAllProjects] Fetching all projects (no pagination)...
2026-05-18T07:51:18.839Z [getAllProjects] Found 7 projects. Computing progress...
2026-05-18T07:51:18.840Z [getAllProjects] Success. Returning response.
2026-05-18T07:51:35.145Z [getAllProjects] Start - User: 454265a3-1777-413b-a49f-8735ef6ffa2a, Org: 17674cf9-9aab-470b-98d9-b65820a3436e
2026-05-18T07:51:35.157Z [getAllProjects] Database and Model verified. Testing connection...
2026-05-18T07:51:35.161Z [getAllProjects] Connection Successful
2026-05-18T07:51:35.164Z [getAllProjects] Fetching all projects (no pagination)...
2026-05-18T07:51:35.276Z [getAllProjects] Found 7 projects. Computing progress...
2026-05-18T07:51:35.278Z [getAllProjects] Success. Returning response.
2026-05-18T07:52:47.941Z [getAllProjects] Start - User: 454265a3-1777-413b-a49f-8735ef6ffa2a, Org: 17674cf9-9aab-470b-98d9-b65820a3436e
2026-05-18T07:52:47.945Z [getAllProjects] Database and Model verified. Testing connection...
2026-05-18T07:52:47.947Z [getAllProjects] Connection Successful
2026-05-18T07:52:47.950Z [getAllProjects] Fetching all projects (no pagination)...
2026-05-18T07:52:47.968Z [getAllProjects] Found 7 projects. Computing progress...
2026-05-18T07:52:47.971Z [getAllProjects] Success. Returning response.
2026-05-18T07:53:00.444Z [getAllProjects] Start - User: 454265a3-1777-413b-a49f-8735ef6ffa2a, Org: 17674cf9-9aab-470b-98d9-b65820a3436e
2026-05-18T07:53:00.447Z [getAllProjects] Database and Model verified. Testing connection...
2026-05-18T07:53:00.449Z [getAllProjects] Connection Successful
2026-05-18T07:53:00.450Z [getAllProjects] Fetching all projects (no pagination)...
2026-05-18T07:53:00.469Z [getAllProjects] Found 7 projects. Computing progress...
2026-05-18T07:53:00.470Z [getAllProjects] Success. Returning response.
2026-05-18T07:53:15.898Z [getAllProjects] Start - User: a6f2643a-6e8f-4bf2-bd33-6e86e4236c71, Org: 17674cf9-9aab-470b-98d9-b65820a3436e
2026-05-18T07:53:15.900Z [getAllProjects] Database and Model verified. Testing connection...
2026-05-18T07:53:15.901Z [getAllProjects] Connection Successful
2026-05-18T07:53:15.903Z [getAllProjects] Fetching all projects (no pagination)...
2026-05-18T07:53:15.919Z [getAllProjects] Found 12 projects. Computing progress...
2026-05-18T07:53:15.921Z [getAllProjects] Success. Returning response.
2026-05-18T07:53:15.977Z [getAllProjects] Start - User: a6f2643a-6e8f-4bf2-bd33-6e86e4236c71, Org: 17674cf9-9aab-470b-98d9-b65820a3436e
2026-05-18T07:53:15.979Z [getAllProjects] Database and Model verified. Testing connection...
2026-05-18T07:53:15.980Z [getAllProjects] Connection Successful
2026-05-18T07:53:15.982Z [getAllProjects] Fetching all projects (no pagination)...
2026-05-18T07:53:15.999Z [getAllProjects] Found 12 projects. Computing progress...
2026-05-18T07:53:16.001Z [getAllProjects] Success. Returning response.
2026-05-18T07:53:18.038Z [getAllProjects] Start - User: a6f2643a-6e8f-4bf2-bd33-6e86e4236c71, Org: 17674cf9-9aab-470b-98d9-b65820a3436e
2026-05-18T07:53:18.041Z [getAllProjects] Database and Model verified. Testing connection...
2026-05-18T07:53:18.045Z [getAllProjects] Connection Successful
2026-05-18T07:53:18.046Z [getAllProjects] Fetching all projects (no pagination)...
2026-05-18T07:53:18.058Z [getAllProjects] Found 12 projects. Computing progress...
2026-05-18T07:53:18.060Z [getAllProjects] Success. Returning response.
2026-05-18T07:56:04.959Z [getAllProjects] Start - User: a6f2643a-6e8f-4bf2-bd33-6e86e4236c71, Org: 17674cf9-9aab-470b-98d9-b65820a3436e
2026-05-18T07:56:04.961Z [getAllProjects] Database and Model verified. Testing connection...
2026-05-18T07:56:04.963Z [getAllProjects] Connection Successful
2026-05-18T07:56:04.964Z [getAllProjects] Fetching all projects (no pagination)...
2026-05-18T07:56:04.985Z [getAllProjects] Found 12 projects. Computing progress...
2026-05-18T07:56:04.991Z [getAllProjects] Success. Returning response.
2026-05-18T07:57:02.383Z [getAllProjects] Start - User: a6f2643a-6e8f-4bf2-bd33-6e86e4236c71, Org: 17674cf9-9aab-470b-98d9-b65820a3436e
2026-05-18T07:57:02.386Z [getAllProjects] Database and Model verified. Testing connection...
2026-05-18T07:57:02.388Z [getAllProjects] Connection Successful
2026-05-18T07:57:02.390Z [getAllProjects] Fetching all projects (no pagination)...
2026-05-18T07:57:02.415Z [getAllProjects] Found 12 projects. Computing progress...
2026-05-18T07:57:02.418Z [getAllProjects] Success. Returning response.
2026-05-18T07:58:14.053Z [getAllProjects] Start - User: a6f2643a-6e8f-4bf2-bd33-6e86e4236c71, Org: 17674cf9-9aab-470b-98d9-b65820a3436e
2026-05-18T07:58:14.056Z [getAllProjects] Database and Model verified. Testing connection...
2026-05-18T07:58:14.058Z [getAllProjects] Connection Successful
2026-05-18T07:58:14.061Z [getAllProjects] Fetching all projects (no pagination)...
2026-05-18T07:58:14.084Z [getAllProjects] Found 12 projects. Computing progress...
2026-05-18T07:58:14.087Z [getAllProjects] Success. Returning response.
2026-05-18T07:58:30.780Z [getAllProjects] Start - User: 168ff0b0-b2a7-493e-91a3-59fa595209d8, Org: 17674cf9-9aab-470b-98d9-b65820a3436e
2026-05-18T07:58:30.788Z [getAllProjects] Database and Model verified. Testing connection...
2026-05-18T07:58:30.792Z [getAllProjects] Connection Successful
2026-05-18T07:58:30.794Z [getAllProjects] Fetching all projects (no pagination)...
2026-05-18T07:58:30.823Z [getAllProjects] Found 1 projects. Computing progress...
2026-05-18T07:58:30.826Z [getAllProjects] Success. Returning response.
2026-05-18T07:58:30.888Z [getAllProjects] Start - User: 168ff0b0-b2a7-493e-91a3-59fa595209d8, Org: 17674cf9-9aab-470b-98d9-b65820a3436e
2026-05-18T07:58:30.896Z [getAllProjects] Database and Model verified. Testing connection...
2026-05-18T07:58:30.898Z [getAllProjects] Connection Successful
2026-05-18T07:58:30.900Z [getAllProjects] Fetching all projects (no pagination)...
2026-05-18T07:58:30.925Z [getAllProjects] Found 1 projects. Computing progress...
2026-05-18T07:58:30.929Z [getAllProjects] Success. Returning response.
2026-05-18T07:58:34.087Z [getAllProjects] Start - User: 168ff0b0-b2a7-493e-91a3-59fa595209d8, Org: 17674cf9-9aab-470b-98d9-b65820a3436e
2026-05-18T07:58:34.106Z [getAllProjects] Database and Model verified. Testing connection...
2026-05-18T07:58:34.108Z [getAllProjects] Connection Successful
2026-05-18T07:58:34.111Z [getAllProjects] Fetching all projects (no pagination)...
2026-05-18T07:58:34.135Z [getAllProjects] Found 1 projects. Computing progress...
2026-05-18T07:58:34.137Z [getAllProjects] Success. Returning response.
2026-05-18T07:58:58.900Z [getAllProjects] Start - User: 168ff0b0-b2a7-493e-91a3-59fa595209d8, Org: 17674cf9-9aab-470b-98d9-b65820a3436e
2026-05-18T07:58:58.905Z [getAllProjects] Database and Model verified. Testing connection...
2026-05-18T07:58:58.907Z [getAllProjects] Connection Successful
2026-05-18T07:58:58.910Z [getAllProjects] Fetching all projects (no pagination)...
2026-05-18T07:58:58.927Z [getAllProjects] Found 1 projects. Computing progress...
2026-05-18T07:58:58.930Z [getAllProjects] Success. Returning response.
2026-05-18T08:05:05.854Z [getAllProjects] Start - User: a6f2643a-6e8f-4bf2-bd33-6e86e4236c71, Org: 17674cf9-9aab-470b-98d9-b65820a3436e
2026-05-18T08:05:05.857Z [getAllProjects] Database and Model verified. Testing connection...
2026-05-18T08:05:05.861Z [getAllProjects] Connection Successful
2026-05-18T08:05:05.863Z [getAllProjects] Fetching all projects (no pagination)...
2026-05-18T08:05:05.898Z [getAllProjects] Found 12 projects. Computing progress...
2026-05-18T08:05:05.901Z [getAllProjects] Success. Returning response.
2026-05-18T08:05:09.387Z [getAllProjects] Start - User: a6f2643a-6e8f-4bf2-bd33-6e86e4236c71, Org: 17674cf9-9aab-470b-98d9-b65820a3436e
2026-05-18T08:05:09.390Z [getAllProjects] Database and Model verified. Testing connection...
2026-05-18T08:05:09.392Z [getAllProjects] Connection Successful
2026-05-18T08:05:09.393Z [getAllProjects] Fetching all projects (no pagination)...
2026-05-18T08:05:09.407Z [getAllProjects] Found 12 projects. Computing progress...
2026-05-18T08:05:09.409Z [getAllProjects] Success. Returning response.
2026-05-18T08:05:16.530Z [getAllProjects] Start - User: a6f2643a-6e8f-4bf2-bd33-6e86e4236c71, Org: 17674cf9-9aab-470b-98d9-b65820a3436e
2026-05-18T08:05:16.536Z [getAllProjects] Database and Model verified. Testing connection...
2026-05-18T08:05:16.540Z [getAllProjects] Connection Successful
2026-05-18T08:05:16.541Z [getAllProjects] Fetching all projects (no pagination)...
2026-05-18T08:05:16.566Z [getAllProjects] Found 12 projects. Computing progress...
2026-05-18T08:05:16.569Z [getAllProjects] Success. Returning response.
2026-05-18T08:06:07.716Z [getAllProjects] Start - User: 168ff0b0-b2a7-493e-91a3-59fa595209d8, Org: 17674cf9-9aab-470b-98d9-b65820a3436e
2026-05-18T08:06:07.720Z [getAllProjects] Database and Model verified. Testing connection...
2026-05-18T08:06:07.723Z [getAllProjects] Connection Successful
2026-05-18T08:06:07.725Z [getAllProjects] Fetching all projects (no pagination)...
2026-05-18T08:06:07.770Z [getAllProjects] Found 1 projects. Computing progress...
2026-05-18T08:06:07.773Z [getAllProjects] Success. Returning response.
2026-05-18T08:06:07.827Z [getAllProjects] Start - User: 168ff0b0-b2a7-493e-91a3-59fa595209d8, Org: 17674cf9-9aab-470b-98d9-b65820a3436e
2026-05-18T08:06:07.829Z [getAllProjects] Database and Model verified. Testing connection...
2026-05-18T08:06:07.831Z [getAllProjects] Connection Successful
2026-05-18T08:06:07.833Z [getAllProjects] Fetching all projects (no pagination)...
2026-05-18T08:06:07.861Z [getAllProjects] Found 1 projects. Computing progress...
2026-05-18T08:06:07.863Z [getAllProjects] Success. Returning response.
2026-05-18T08:06:10.571Z [getAllProjects] Start - User: 168ff0b0-b2a7-493e-91a3-59fa595209d8, Org: 17674cf9-9aab-470b-98d9-b65820a3436e
2026-05-18T08:06:10.575Z [getAllProjects] Database and Model verified. Testing connection...
2026-05-18T08:06:10.578Z [getAllProjects] Connection Successful
2026-05-18T08:06:10.580Z [getAllProjects] Fetching all projects (no pagination)...
2026-05-18T08:06:10.596Z [getAllProjects] Found 1 projects. Computing progress...
2026-05-18T08:06:10.599Z [getAllProjects] Success. Returning response.
2026-05-18T08:10:31.525Z [getAllProjects] Start - User: 168ff0b0-b2a7-493e-91a3-59fa595209d8, Org: 17674cf9-9aab-470b-98d9-b65820a3436e
2026-05-18T08:10:31.529Z [getAllProjects] Database and Model verified. Testing connection...
2026-05-18T08:10:31.531Z [getAllProjects] Connection Successful
2026-05-18T08:10:31.534Z [getAllProjects] Fetching all projects (no pagination)...
2026-05-18T08:10:31.557Z [getAllProjects] Found 1 projects. Computing progress...
2026-05-18T08:10:31.560Z [getAllProjects] Success. Returning response.
2026-05-18T08:10:49.871Z [getAllProjects] Start - User: 454265a3-1777-413b-a49f-8735ef6ffa2a, Org: 17674cf9-9aab-470b-98d9-b65820a3436e
2026-05-18T08:10:49.875Z [getAllProjects] Database and Model verified. Testing connection...
2026-05-18T08:10:49.878Z [getAllProjects] Connection Successful
2026-05-18T08:10:49.880Z [getAllProjects] Fetching all projects (no pagination)...
2026-05-18T08:10:49.907Z [getAllProjects] Found 7 projects. Computing progress...
2026-05-18T08:10:49.913Z [getAllProjects] Success. Returning response.
2026-05-18T08:10:51.886Z [getAllProjects] Start - User: 454265a3-1777-413b-a49f-8735ef6ffa2a, Org: 17674cf9-9aab-470b-98d9-b65820a3436e
2026-05-18T08:10:51.889Z [getAllProjects] Database and Model verified. Testing connection...
2026-05-18T08:10:51.891Z [getAllProjects] Connection Successful
2026-05-18T08:10:51.894Z [getAllProjects] Fetching all projects (no pagination)...
2026-05-18T08:10:51.915Z [getAllProjects] Found 7 projects. Computing progress...
2026-05-18T08:10:51.918Z [getAllProjects] Success. Returning response.
2026-05-18T08:10:53.258Z [getAllProjects] Start - User: 454265a3-1777-413b-a49f-8735ef6ffa2a, Org: 17674cf9-9aab-470b-98d9-b65820a3436e
2026-05-18T08:10:53.265Z [getAllProjects] Database and Model verified. Testing connection...
2026-05-18T08:10:53.267Z [getAllProjects] Connection Successful
2026-05-18T08:10:53.270Z [getAllProjects] Fetching all projects (no pagination)...
2026-05-18T08:10:53.285Z [getAllProjects] Found 7 projects. Computing progress...
2026-05-18T08:10:53.287Z [getAllProjects] Success. Returning response.
2026-05-18T08:11:19.660Z [getAllProjects] Start - User: 454265a3-1777-413b-a49f-8735ef6ffa2a, Org: 17674cf9-9aab-470b-98d9-b65820a3436e
2026-05-18T08:11:19.663Z [getAllProjects] Database and Model verified. Testing connection...
2026-05-18T08:11:19.666Z [getAllProjects] Connection Successful
2026-05-18T08:11:19.668Z [getAllProjects] Fetching all projects (no pagination)...
2026-05-18T08:11:19.683Z [getAllProjects] Found 7 projects. Computing progress...
2026-05-18T08:11:19.686Z [getAllProjects] Success. Returning response.
2026-05-18T08:11:27.793Z [getAllProjects] Start - User: 454265a3-1777-413b-a49f-8735ef6ffa2a, Org: 17674cf9-9aab-470b-98d9-b65820a3436e
2026-05-18T08:11:27.798Z [getAllProjects] Database and Model verified. Testing connection...
2026-05-18T08:11:27.800Z [getAllProjects] Connection Successful
2026-05-18T08:11:27.803Z [getAllProjects] Fetching all projects (no pagination)...
2026-05-18T08:11:27.818Z [getAllProjects] Found 7 projects. Computing progress...
2026-05-18T08:11:27.819Z [getAllProjects] Success. Returning response.
2026-05-18T08:12:08.516Z [getAllProjects] Start - User: 454265a3-1777-413b-a49f-8735ef6ffa2a, Org: 17674cf9-9aab-470b-98d9-b65820a3436e
2026-05-18T08:12:08.520Z [getAllProjects] Database and Model verified. Testing connection...
2026-05-18T08:12:08.522Z [getAllProjects] Connection Successful
2026-05-18T08:12:08.525Z [getAllProjects] Fetching all projects (no pagination)...
2026-05-18T08:12:08.539Z [getAllProjects] Found 7 projects. Computing progress...
2026-05-18T08:12:08.541Z [getAllProjects] Success. Returning response.
2026-05-18T08:12:17.825Z [getAllProjects] Start - User: 168ff0b0-b2a7-493e-91a3-59fa595209d8, Org: 17674cf9-9aab-470b-98d9-b65820a3436e
2026-05-18T08:12:17.831Z [getAllProjects] Database and Model verified. Testing connection...
2026-05-18T08:12:17.834Z [getAllProjects] Connection Successful
2026-05-18T08:12:17.838Z [getAllProjects] Fetching all projects (no pagination)...
2026-05-18T08:12:17.857Z [getAllProjects] Found 1 projects. Computing progress...
2026-05-18T08:12:17.858Z [getAllProjects] Success. Returning response.
2026-05-18T08:12:17.912Z [getAllProjects] Start - User: 168ff0b0-b2a7-493e-91a3-59fa595209d8, Org: 17674cf9-9aab-470b-98d9-b65820a3436e
2026-05-18T08:12:17.915Z [getAllProjects] Database and Model verified. Testing connection...
2026-05-18T08:12:17.918Z [getAllProjects] Connection Successful
2026-05-18T08:12:17.919Z [getAllProjects] Fetching all projects (no pagination)...
2026-05-18T08:12:17.932Z [getAllProjects] Found 1 projects. Computing progress...
2026-05-18T08:12:17.936Z [getAllProjects] Success. Returning response.
2026-05-18T08:12:20.788Z [getAllProjects] Start - User: 168ff0b0-b2a7-493e-91a3-59fa595209d8, Org: 17674cf9-9aab-470b-98d9-b65820a3436e
2026-05-18T08:12:20.791Z [getAllProjects] Database and Model verified. Testing connection...
2026-05-18T08:12:20.793Z [getAllProjects] Connection Successful
2026-05-18T08:12:20.795Z [getAllProjects] Fetching all projects (no pagination)...
2026-05-18T08:12:20.816Z [getAllProjects] Found 1 projects. Computing progress...
2026-05-18T08:12:20.818Z [getAllProjects] Success. Returning response.
2026-05-18T08:12:36.339Z [getAllProjects] Start - User: 168ff0b0-b2a7-493e-91a3-59fa595209d8, Org: 17674cf9-9aab-470b-98d9-b65820a3436e
2026-05-18T08:12:36.342Z [getAllProjects] Database and Model verified. Testing connection...
2026-05-18T08:12:36.343Z [getAllProjects] Connection Successful
2026-05-18T08:12:36.345Z [getAllProjects] Fetching all projects (no pagination)...
2026-05-18T08:12:36.367Z [getAllProjects] Found 1 projects. Computing progress...
2026-05-18T08:12:36.369Z [getAllProjects] Success. Returning response.
2026-05-18T08:12:45.018Z [getAllProjects] Start - User: 454265a3-1777-413b-a49f-8735ef6ffa2a, Org: 17674cf9-9aab-470b-98d9-b65820a3436e
2026-05-18T08:12:45.021Z [getAllProjects] Database and Model verified. Testing connection...
2026-05-18T08:12:45.024Z [getAllProjects] Connection Successful
2026-05-18T08:12:45.027Z [getAllProjects] Fetching all projects (no pagination)...
2026-05-18T08:12:45.042Z [getAllProjects] Found 7 projects. Computing progress...
2026-05-18T08:12:45.045Z [getAllProjects] Success. Returning response.
2026-05-18T08:12:50.765Z [getAllProjects] Start - User: 454265a3-1777-413b-a49f-8735ef6ffa2a, Org: 17674cf9-9aab-470b-98d9-b65820a3436e
2026-05-18T08:12:50.768Z [getAllProjects] Database and Model verified. Testing connection...
2026-05-18T08:12:50.771Z [getAllProjects] Connection Successful
2026-05-18T08:12:50.775Z [getAllProjects] Fetching all projects (no pagination)...
2026-05-18T08:12:50.792Z [getAllProjects] Found 7 projects. Computing progress...
2026-05-18T08:12:50.794Z [getAllProjects] Success. Returning response.
2026-05-18T08:13:04.211Z [getAllProjects] Start - User: 454265a3-1777-413b-a49f-8735ef6ffa2a, Org: 17674cf9-9aab-470b-98d9-b65820a3436e
2026-05-18T08:13:04.219Z [getAllProjects] Database and Model verified. Testing connection...
2026-05-18T08:13:04.224Z [getAllProjects] Connection Successful
2026-05-18T08:13:04.226Z [getAllProjects] Fetching all projects (no pagination)...
2026-05-18T08:13:04.242Z [getAllProjects] Found 7 projects. Computing progress...
2026-05-18T08:13:04.245Z [getAllProjects] Success. Returning response.
2026-05-18T08:13:19.599Z [getAllProjects] Start - User: 454265a3-1777-413b-a49f-8735ef6ffa2a, Org: 17674cf9-9aab-470b-98d9-b65820a3436e
2026-05-18T08:13:19.603Z [getAllProjects] Database and Model verified. Testing connection...
2026-05-18T08:13:19.605Z [getAllProjects] Connection Successful
2026-05-18T08:13:19.608Z [getAllProjects] Fetching all projects (no pagination)...
2026-05-18T08:13:19.620Z [getAllProjects] Found 7 projects. Computing progress...
2026-05-18T08:13:19.622Z [getAllProjects] Success. Returning response.
2026-05-18T08:13:50.937Z [getAllProjects] Start - User: 168ff0b0-b2a7-493e-91a3-59fa595209d8, Org: 17674cf9-9aab-470b-98d9-b65820a3436e
2026-05-18T08:13:50.940Z [getAllProjects] Database and Model verified. Testing connection...
2026-05-18T08:13:50.943Z [getAllProjects] Connection Successful
2026-05-18T08:13:50.947Z [getAllProjects] Fetching all projects (no pagination)...
2026-05-18T08:13:50.969Z [getAllProjects] Found 1 projects. Computing progress...
2026-05-18T08:13:50.973Z [getAllProjects] Success. Returning response.
2026-05-18T08:13:51.024Z [getAllProjects] Start - User: 168ff0b0-b2a7-493e-91a3-59fa595209d8, Org: 17674cf9-9aab-470b-98d9-b65820a3436e
2026-05-18T08:13:51.027Z [getAllProjects] Database and Model verified. Testing connection...
2026-05-18T08:13:51.030Z [getAllProjects] Connection Successful
2026-05-18T08:13:51.038Z [getAllProjects] Fetching all projects (no pagination)...
2026-05-18T08:13:51.074Z [getAllProjects] Found 1 projects. Computing progress...
2026-05-18T08:13:51.077Z [getAllProjects] Success. Returning response.
2026-05-18T08:13:53.596Z [getAllProjects] Start - User: 168ff0b0-b2a7-493e-91a3-59fa595209d8, Org: 17674cf9-9aab-470b-98d9-b65820a3436e
2026-05-18T08:13:53.599Z [getAllProjects] Database and Model verified. Testing connection...
2026-05-18T08:13:53.603Z [getAllProjects] Connection Successful
2026-05-18T08:13:53.605Z [getAllProjects] Fetching all projects (no pagination)...
2026-05-18T08:13:53.621Z [getAllProjects] Found 1 projects. Computing progress...
2026-05-18T08:13:53.623Z [getAllProjects] Success. Returning response.
2026-05-18T08:19:51.931Z [getAllProjects] Start - User: a6f2643a-6e8f-4bf2-bd33-6e86e4236c71, Org: 17674cf9-9aab-470b-98d9-b65820a3436e
2026-05-18T08:19:51.935Z [getAllProjects] Database and Model verified. Testing connection...
2026-05-18T08:19:51.943Z [getAllProjects] Connection Successful
2026-05-18T08:19:51.945Z [getAllProjects] Fetching all projects (no pagination)...
2026-05-18T08:19:51.978Z [getAllProjects] Found 12 projects. Computing progress...
2026-05-18T08:19:51.980Z [getAllProjects] Success. Returning response.
2026-05-18T08:19:54.681Z [getAllProjects] Start - User: a6f2643a-6e8f-4bf2-bd33-6e86e4236c71, Org: 17674cf9-9aab-470b-98d9-b65820a3436e
2026-05-18T08:19:54.684Z [getAllProjects] Database and Model verified. Testing connection...
2026-05-18T08:19:54.688Z [getAllProjects] Connection Successful
2026-05-18T08:19:54.689Z [getAllProjects] Fetching all projects (no pagination)...
2026-05-18T08:19:54.713Z [getAllProjects] Found 12 projects. Computing progress...
2026-05-18T08:19:54.714Z [getAllProjects] Success. Returning response.
2026-05-18T09:31:08.429Z [getAllProjects] Start - User: a6f2643a-6e8f-4bf2-bd33-6e86e4236c71, Org: 17674cf9-9aab-470b-98d9-b65820a3436e
2026-05-18T09:31:08.433Z [getAllProjects] Database and Model verified. Testing connection...
2026-05-18T09:31:08.435Z [getAllProjects] Connection Successful
2026-05-18T09:31:08.437Z [getAllProjects] Fetching all projects (no pagination)...
2026-05-18T09:31:08.468Z [getAllProjects] Found 12 projects. Computing progress...
2026-05-18T09:31:08.472Z [getAllProjects] Success. Returning response.
2026-05-18T09:31:08.517Z [getAllProjects] Start - User: a6f2643a-6e8f-4bf2-bd33-6e86e4236c71, Org: 17674cf9-9aab-470b-98d9-b65820a3436e
2026-05-18T09:31:08.520Z [getAllProjects] Database and Model verified. Testing connection...
2026-05-18T09:31:08.522Z [getAllProjects] Connection Successful
2026-05-18T09:31:08.524Z [getAllProjects] Fetching all projects (no pagination)...
2026-05-18T09:31:08.559Z [getAllProjects] Found 12 projects. Computing progress...
2026-05-18T09:31:08.564Z [getAllProjects] Success. Returning response.
2026-05-18T09:36:09.386Z [getAllProjects] Start - User: a6f2643a-6e8f-4bf2-bd33-6e86e4236c71, Org: 17674cf9-9aab-470b-98d9-b65820a3436e
2026-05-18T09:36:09.392Z [getAllProjects] Database and Model verified. Testing connection...
2026-05-18T09:36:09.394Z [getAllProjects] Connection Successful
2026-05-18T09:36:09.396Z [getAllProjects] Fetching all projects (no pagination)...
2026-05-18T09:36:09.531Z [getAllProjects] Found 12 projects. Computing progress...
2026-05-18T09:36:09.535Z [getAllProjects] Success. Returning response.
2026-05-18T09:41:09.107Z [getAllProjects] Start - User: a6f2643a-6e8f-4bf2-bd33-6e86e4236c71, Org: 17674cf9-9aab-470b-98d9-b65820a3436e
2026-05-18T09:41:09.110Z [getAllProjects] Database and Model verified. Testing connection...
2026-05-18T09:41:09.112Z [getAllProjects] Connection Successful
2026-05-18T09:41:09.120Z [getAllProjects] Fetching all projects (no pagination)...
2026-05-18T09:41:09.133Z [getAllProjects] Found 12 projects. Computing progress...
2026-05-18T09:41:09.135Z [getAllProjects] Success. Returning response.
2026-05-18T09:44:45.749Z [getAllProjects] Start - User: a6f2643a-6e8f-4bf2-bd33-6e86e4236c71, Org: 17674cf9-9aab-470b-98d9-b65820a3436e
2026-05-18T09:44:45.751Z [getAllProjects] Database and Model verified. Testing connection...
2026-05-18T09:44:45.753Z [getAllProjects] Connection Successful
2026-05-18T09:44:45.754Z [getAllProjects] Fetching all projects (no pagination)...
2026-05-18T09:44:45.774Z [getAllProjects] Found 12 projects. Computing progress...
2026-05-18T09:44:45.775Z [getAllProjects] Success. Returning response.
2026-05-18T09:49:46.366Z [getAllProjects] Start - User: a6f2643a-6e8f-4bf2-bd33-6e86e4236c71, Org: 17674cf9-9aab-470b-98d9-b65820a3436e
2026-05-18T09:49:46.368Z [getAllProjects] Database and Model verified. Testing connection...
2026-05-18T09:49:46.370Z [getAllProjects] Connection Successful
2026-05-18T09:49:46.371Z [getAllProjects] Fetching all projects (no pagination)...
2026-05-18T09:49:46.395Z [getAllProjects] Found 12 projects. Computing progress...
2026-05-18T09:49:46.397Z [getAllProjects] Success. Returning response.
2026-05-18T09:54:46.154Z [getAllProjects] Start - User: a6f2643a-6e8f-4bf2-bd33-6e86e4236c71, Org: 17674cf9-9aab-470b-98d9-b65820a3436e
2026-05-18T09:54:46.157Z [getAllProjects] Database and Model verified. Testing connection...
2026-05-18T09:54:46.159Z [getAllProjects] Connection Successful
2026-05-18T09:54:46.160Z [getAllProjects] Fetching all projects (no pagination)...
2026-05-18T09:54:46.175Z [getAllProjects] Found 12 projects. Computing progress...
2026-05-18T09:54:46.178Z [getAllProjects] Success. Returning response.
2026-05-18T09:59:46.186Z [getAllProjects] Start - User: a6f2643a-6e8f-4bf2-bd33-6e86e4236c71, Org: 17674cf9-9aab-470b-98d9-b65820a3436e
2026-05-18T09:59:46.189Z [getAllProjects] Database and Model verified. Testing connection...
2026-05-18T09:59:46.194Z [getAllProjects] Connection Successful
2026-05-18T09:59:46.195Z [getAllProjects] Fetching all projects (no pagination)...
2026-05-18T09:59:46.224Z [getAllProjects] Found 12 projects. Computing progress...
2026-05-18T09:59:46.226Z [getAllProjects] Success. Returning response.
2026-05-18T10:04:46.090Z [getAllProjects] Start - User: a6f2643a-6e8f-4bf2-bd33-6e86e4236c71, Org: 17674cf9-9aab-470b-98d9-b65820a3436e
2026-05-18T10:04:46.094Z [getAllProjects] Database and Model verified. Testing connection...
2026-05-18T10:04:46.098Z [getAllProjects] Connection Successful
2026-05-18T10:04:46.099Z [getAllProjects] Fetching all projects (no pagination)...
2026-05-18T10:04:46.129Z [getAllProjects] Found 12 projects. Computing progress...
2026-05-18T10:04:46.131Z [getAllProjects] Success. Returning response.
2026-05-18T10:09:45.525Z [getAllProjects] Start - User: a6f2643a-6e8f-4bf2-bd33-6e86e4236c71, Org: 17674cf9-9aab-470b-98d9-b65820a3436e
2026-05-18T10:09:45.527Z [getAllProjects] Database and Model verified. Testing connection...
2026-05-18T10:09:45.529Z [getAllProjects] Connection Successful
2026-05-18T10:09:45.531Z [getAllProjects] Fetching all projects (no pagination)...
2026-05-18T10:09:45.556Z [getAllProjects] Found 12 projects. Computing progress...
2026-05-18T10:09:45.559Z [getAllProjects] Success. Returning response.
2026-05-18T10:14:45.221Z [getAllProjects] Start - User: a6f2643a-6e8f-4bf2-bd33-6e86e4236c71, Org: 17674cf9-9aab-470b-98d9-b65820a3436e
2026-05-18T10:14:45.227Z [getAllProjects] Database and Model verified. Testing connection...
2026-05-18T10:14:45.232Z [getAllProjects] Connection Successful
2026-05-18T10:14:45.237Z [getAllProjects] Fetching all projects (no pagination)...
2026-05-18T10:14:45.267Z [getAllProjects] Found 12 projects. Computing progress...
2026-05-18T10:14:45.272Z [getAllProjects] Success. Returning response.
2026-05-18T10:19:45.394Z [getAllProjects] Start - User: a6f2643a-6e8f-4bf2-bd33-6e86e4236c71, Org: 17674cf9-9aab-470b-98d9-b65820a3436e
2026-05-18T10:19:45.397Z [getAllProjects] Database and Model verified. Testing connection...
2026-05-18T10:19:45.399Z [getAllProjects] Connection Successful
2026-05-18T10:19:45.405Z [getAllProjects] Fetching all projects (no pagination)...
2026-05-18T10:19:45.450Z [getAllProjects] Found 12 projects. Computing progress...
2026-05-18T10:19:45.471Z [getAllProjects] Success. Returning response.
2026-05-18T10:24:45.228Z [getAllProjects] Start - User: a6f2643a-6e8f-4bf2-bd33-6e86e4236c71, Org: 17674cf9-9aab-470b-98d9-b65820a3436e
2026-05-18T10:24:45.232Z [getAllProjects] Database and Model verified. Testing connection...
2026-05-18T10:24:45.233Z [getAllProjects] Connection Successful
2026-05-18T10:24:45.236Z [getAllProjects] Fetching all projects (no pagination)...
2026-05-18T10:24:45.268Z [getAllProjects] Found 12 projects. Computing progress...
2026-05-18T10:24:45.274Z [getAllProjects] Success. Returning response.
2026-05-18T10:27:32.128Z [getAllProjects] Start - User: a6f2643a-6e8f-4bf2-bd33-6e86e4236c71, Org: 17674cf9-9aab-470b-98d9-b65820a3436e
2026-05-18T10:27:32.131Z [getAllProjects] Database and Model verified. Testing connection...
2026-05-18T10:27:32.135Z [getAllProjects] Connection Successful
2026-05-18T10:27:32.136Z [getAllProjects] Fetching paginated projects (page: 1, limit: 10)...
2026-05-18T10:27:32.232Z [getAllProjects] Found 10 projects (Total: 12). Computing progress...
2026-05-18T10:27:32.234Z [getAllProjects] Success. Returning paginated response.
2026-05-18T10:27:41.462Z [getAllProjects] Start - User: a6f2643a-6e8f-4bf2-bd33-6e86e4236c71, Org: 17674cf9-9aab-470b-98d9-b65820a3436e
2026-05-18T10:27:41.465Z [getAllProjects] Database and Model verified. Testing connection...
2026-05-18T10:27:41.467Z [getAllProjects] Connection Successful
2026-05-18T10:27:41.469Z [getAllProjects] Fetching paginated projects (page: 1, limit: 10)...
2026-05-18T10:27:41.492Z [getAllProjects] Found 10 projects (Total: 12). Computing progress...
2026-05-18T10:27:41.495Z [getAllProjects] Success. Returning paginated response.
2026-05-18T10:28:38.517Z [getAllProjects] Start - User: a6f2643a-6e8f-4bf2-bd33-6e86e4236c71, Org: 17674cf9-9aab-470b-98d9-b65820a3436e
2026-05-18T10:28:38.519Z [getAllProjects] Database and Model verified. Testing connection...
2026-05-18T10:28:38.523Z [getAllProjects] Connection Successful
2026-05-18T10:28:38.526Z [getAllProjects] Fetching paginated projects (page: 2, limit: 10)...
2026-05-18T10:28:38.566Z [getAllProjects] Found 2 projects (Total: 12). Computing progress...
2026-05-18T10:28:38.568Z [getAllProjects] Success. Returning paginated response.
2026-05-18T10:35:29.550Z [getAllProjects] Start - User: a6f2643a-6e8f-4bf2-bd33-6e86e4236c71, Org: 17674cf9-9aab-470b-98d9-b65820a3436e
2026-05-18T10:35:29.553Z [getAllProjects] Database and Model verified. Testing connection...
2026-05-18T10:35:29.555Z [getAllProjects] Connection Successful
2026-05-18T10:35:29.556Z [getAllProjects] Fetching all projects (no pagination)...
2026-05-18T10:35:29.578Z [getAllProjects] Found 12 projects. Computing progress...
2026-05-18T10:35:29.580Z [getAllProjects] Success. Returning response.
2026-05-18T10:35:48.979Z [getAllProjects] Start - User: 168ff0b0-b2a7-493e-91a3-59fa595209d8, Org: 17674cf9-9aab-470b-98d9-b65820a3436e
2026-05-18T10:35:48.982Z [getAllProjects] Database and Model verified. Testing connection...
2026-05-18T10:35:48.986Z [getAllProjects] Connection Successful
2026-05-18T10:35:48.992Z [getAllProjects] Fetching all projects (no pagination)...
2026-05-18T10:35:49.028Z [getAllProjects] Found 1 projects. Computing progress...
2026-05-18T10:35:49.031Z [getAllProjects] Success. Returning response.
2026-05-18T10:35:49.078Z [getAllProjects] Start - User: 168ff0b0-b2a7-493e-91a3-59fa595209d8, Org: 17674cf9-9aab-470b-98d9-b65820a3436e
2026-05-18T10:35:49.079Z [getAllProjects] Database and Model verified. Testing connection...
2026-05-18T10:35:49.082Z [getAllProjects] Connection Successful
2026-05-18T10:35:49.089Z [getAllProjects] Fetching all projects (no pagination)...
2026-05-18T10:35:49.109Z [getAllProjects] Found 1 projects. Computing progress...
2026-05-18T10:35:49.111Z [getAllProjects] Success. Returning response.
2026-05-18T10:35:54.111Z [getAllProjects] Start - User: 168ff0b0-b2a7-493e-91a3-59fa595209d8, Org: 17674cf9-9aab-470b-98d9-b65820a3436e
2026-05-18T10:35:54.114Z [getAllProjects] Database and Model verified. Testing connection...
2026-05-18T10:35:54.117Z [getAllProjects] Connection Successful
2026-05-18T10:35:54.120Z [getAllProjects] Fetching all projects (no pagination)...
2026-05-18T10:35:54.150Z [getAllProjects] Found 1 projects. Computing progress...
2026-05-18T10:35:54.153Z [getAllProjects] Success. Returning response.
2026-05-18T10:40:11.787Z [getAllProjects] Start - User: 168ff0b0-b2a7-493e-91a3-59fa595209d8, Org: 17674cf9-9aab-470b-98d9-b65820a3436e
2026-05-18T10:40:11.791Z [getAllProjects] Database and Model verified. Testing connection...
2026-05-18T10:40:11.794Z [getAllProjects] Connection Successful
2026-05-18T10:40:11.796Z [getAllProjects] Fetching all projects (no pagination)...
2026-05-18T10:40:11.817Z [getAllProjects] Found 1 projects. Computing progress...
2026-05-18T10:40:11.818Z [getAllProjects] Success. Returning response.
2026-05-18T10:40:13.615Z [getAllProjects] Start - User: 168ff0b0-b2a7-493e-91a3-59fa595209d8, Org: 17674cf9-9aab-470b-98d9-b65820a3436e
2026-05-18T10:40:13.616Z [getAllProjects] Database and Model verified. Testing connection...
2026-05-18T10:40:13.617Z [getAllProjects] Connection Successful
2026-05-18T10:40:13.618Z [getAllProjects] Fetching all projects (no pagination)...
2026-05-18T10:40:13.628Z [getAllProjects] Found 1 projects. Computing progress...
2026-05-18T10:40:13.630Z [getAllProjects] Success. Returning response.
2026-05-18T10:41:52.982Z [getAllProjects] Start - User: 168ff0b0-b2a7-493e-91a3-59fa595209d8, Org: 17674cf9-9aab-470b-98d9-b65820a3436e
2026-05-18T10:41:52.985Z [getAllProjects] Database and Model verified. Testing connection...
2026-05-18T10:41:52.987Z [getAllProjects] Connection Successful
2026-05-18T10:41:52.989Z [getAllProjects] Fetching all projects (no pagination)...
2026-05-18T10:41:53.001Z [getAllProjects] Found 1 projects. Computing progress...
2026-05-18T10:41:53.003Z [getAllProjects] Success. Returning response.
2026-05-18T10:42:56.115Z [getAllProjects] Start - User: 168ff0b0-b2a7-493e-91a3-59fa595209d8, Org: 17674cf9-9aab-470b-98d9-b65820a3436e
2026-05-18T10:42:56.118Z [getAllProjects] Database and Model verified. Testing connection...
2026-05-18T10:42:56.122Z [getAllProjects] Connection Successful
2026-05-18T10:42:56.125Z [getAllProjects] Fetching all projects (no pagination)...
2026-05-18T10:42:56.142Z [getAllProjects] Found 1 projects. Computing progress...
2026-05-18T10:42:56.144Z [getAllProjects] Success. Returning response.
2026-05-18T10:42:58.261Z [getAllProjects] Start - User: 168ff0b0-b2a7-493e-91a3-59fa595209d8, Org: 17674cf9-9aab-470b-98d9-b65820a3436e
2026-05-18T10:42:58.263Z [getAllProjects] Database and Model verified. Testing connection...
2026-05-18T10:42:58.266Z [getAllProjects] Connection Successful
2026-05-18T10:42:58.268Z [getAllProjects] Fetching all projects (no pagination)...
2026-05-18T10:42:58.285Z [getAllProjects] Found 1 projects. Computing progress...
2026-05-18T10:42:58.288Z [getAllProjects] Success. Returning response.
2026-05-18T10:56:04.643Z [getAllProjects] Start - User: 168ff0b0-b2a7-493e-91a3-59fa595209d8, Org: 17674cf9-9aab-470b-98d9-b65820a3436e
2026-05-18T10:56:04.645Z [getAllProjects] Database and Model verified. Testing connection...
2026-05-18T10:56:04.646Z [getAllProjects] Connection Successful
2026-05-18T10:56:04.648Z [getAllProjects] Fetching all projects (no pagination)...
2026-05-18T10:56:04.718Z [getAllProjects] Found 1 projects. Computing progress...
2026-05-18T10:56:04.720Z [getAllProjects] Success. Returning response.
2026-05-18T10:56:12.436Z [getAllProjects] Start - User: 168ff0b0-b2a7-493e-91a3-59fa595209d8, Org: 17674cf9-9aab-470b-98d9-b65820a3436e
2026-05-18T10:56:12.438Z [getAllProjects] Database and Model verified. Testing connection...
2026-05-18T10:56:12.440Z [getAllProjects] Connection Successful
2026-05-18T10:56:12.442Z [getAllProjects] Fetching all projects (no pagination)...
2026-05-18T10:56:12.457Z [getAllProjects] Found 1 projects. Computing progress...
2026-05-18T10:56:12.460Z [getAllProjects] Success. Returning response.
2026-05-18T10:56:12.497Z [getAllProjects] Start - User: 168ff0b0-b2a7-493e-91a3-59fa595209d8, Org: 17674cf9-9aab-470b-98d9-b65820a3436e
2026-05-18T10:56:12.499Z [getAllProjects] Database and Model verified. Testing connection...
2026-05-18T10:56:12.500Z [getAllProjects] Connection Successful
2026-05-18T10:56:12.501Z [getAllProjects] Fetching all projects (no pagination)...
2026-05-18T10:56:12.511Z [getAllProjects] Found 1 projects. Computing progress...
2026-05-18T10:56:12.513Z [getAllProjects] Success. Returning response.
2026-05-18T11:17:04.429Z [getAllProjects] Start - User: 168ff0b0-b2a7-493e-91a3-59fa595209d8, Org: 17674cf9-9aab-470b-98d9-b65820a3436e
2026-05-18T11:17:04.436Z [getAllProjects] Database and Model verified. Testing connection...
2026-05-18T11:17:04.438Z [getAllProjects] Connection Successful
2026-05-18T11:17:04.440Z [getAllProjects] Fetching all projects (no pagination)...
2026-05-18T11:17:04.456Z [getAllProjects] Found 1 projects. Computing progress...
2026-05-18T11:17:04.457Z [getAllProjects] Success. Returning response.
2026-05-18T11:22:05.325Z [getAllProjects] Start - User: 168ff0b0-b2a7-493e-91a3-59fa595209d8, Org: 17674cf9-9aab-470b-98d9-b65820a3436e
2026-05-18T11:22:05.326Z [getAllProjects] Database and Model verified. Testing connection...
2026-05-18T11:22:05.327Z [getAllProjects] Connection Successful
2026-05-18T11:22:05.329Z [getAllProjects] Fetching all projects (no pagination)...
2026-05-18T11:22:05.348Z [getAllProjects] Found 1 projects. Computing progress...
2026-05-18T11:22:05.350Z [getAllProjects] Success. Returning response.
2026-05-18T11:27:04.110Z [getAllProjects] Start - User: 168ff0b0-b2a7-493e-91a3-59fa595209d8, Org: 17674cf9-9aab-470b-98d9-b65820a3436e
2026-05-18T11:27:04.113Z [getAllProjects] Database and Model verified. Testing connection...
2026-05-18T11:27:04.114Z [getAllProjects] Connection Successful
2026-05-18T11:27:04.115Z [getAllProjects] Fetching all projects (no pagination)...
2026-05-18T11:27:04.132Z [getAllProjects] Found 1 projects. Computing progress...
2026-05-18T11:27:04.133Z [getAllProjects] Success. Returning response.
2026-05-18T11:32:04.155Z [getAllProjects] Start - User: 168ff0b0-b2a7-493e-91a3-59fa595209d8, Org: 17674cf9-9aab-470b-98d9-b65820a3436e
2026-05-18T11:32:04.157Z [getAllProjects] Database and Model verified. Testing connection...
2026-05-18T11:32:04.158Z [getAllProjects] Connection Successful
2026-05-18T11:32:04.159Z [getAllProjects] Fetching all projects (no pagination)...
2026-05-18T11:32:04.177Z [getAllProjects] Found 1 projects. Computing progress...
2026-05-18T11:32:04.179Z [getAllProjects] Success. Returning response.
2026-05-18T11:37:05.078Z [getAllProjects] Start - User: 168ff0b0-b2a7-493e-91a3-59fa595209d8, Org: 17674cf9-9aab-470b-98d9-b65820a3436e
2026-05-18T11:37:05.080Z [getAllProjects] Database and Model verified. Testing connection...
2026-05-18T11:37:05.081Z [getAllProjects] Connection Successful
2026-05-18T11:37:05.082Z [getAllProjects] Fetching all projects (no pagination)...
2026-05-18T11:37:05.101Z [getAllProjects] Found 1 projects. Computing progress...
2026-05-18T11:37:05.102Z [getAllProjects] Success. Returning response.
2026-05-18T11:42:04.119Z [getAllProjects] Start - User: 168ff0b0-b2a7-493e-91a3-59fa595209d8, Org: 17674cf9-9aab-470b-98d9-b65820a3436e
2026-05-18T11:42:04.120Z [getAllProjects] Database and Model verified. Testing connection...
2026-05-18T11:42:04.122Z [getAllProjects] Connection Successful
2026-05-18T11:42:04.123Z [getAllProjects] Fetching all projects (no pagination)...
2026-05-18T11:42:04.147Z [getAllProjects] Found 1 projects. Computing progress...
2026-05-18T11:42:04.148Z [getAllProjects] Success. Returning response.
2026-05-18T11:47:05.071Z [getAllProjects] Start - User: 168ff0b0-b2a7-493e-91a3-59fa595209d8, Org: 17674cf9-9aab-470b-98d9-b65820a3436e
2026-05-18T11:47:05.073Z [getAllProjects] Database and Model verified. Testing connection...
2026-05-18T11:47:05.074Z [getAllProjects] Connection Successful
2026-05-18T11:47:05.075Z [getAllProjects] Fetching all projects (no pagination)...
2026-05-18T11:47:05.090Z [getAllProjects] Found 1 projects. Computing progress...
2026-05-18T11:47:05.091Z [getAllProjects] Success. Returning response.
2026-05-18T11:52:12.083Z [getAllProjects] Start - User: 168ff0b0-b2a7-493e-91a3-59fa595209d8, Org: 17674cf9-9aab-470b-98d9-b65820a3436e
2026-05-18T11:52:12.084Z [getAllProjects] Database and Model verified. Testing connection...
2026-05-18T11:52:12.085Z [getAllProjects] Connection Successful
2026-05-18T11:52:12.086Z [getAllProjects] Fetching all projects (no pagination)...
2026-05-18T11:52:12.102Z [getAllProjects] Found 1 projects. Computing progress...
2026-05-18T11:52:12.104Z [getAllProjects] Success. Returning response.
2026-05-18T11:57:12.036Z [getAllProjects] Start - User: 168ff0b0-b2a7-493e-91a3-59fa595209d8, Org: 17674cf9-9aab-470b-98d9-b65820a3436e
2026-05-18T11:57:12.038Z [getAllProjects] Database and Model verified. Testing connection...
2026-05-18T11:57:12.039Z [getAllProjects] Connection Successful
2026-05-18T11:57:12.040Z [getAllProjects] Fetching all projects (no pagination)...
2026-05-18T11:57:12.053Z [getAllProjects] Found 1 projects. Computing progress...
2026-05-18T11:57:12.054Z [getAllProjects] Success. Returning response.
2026-05-18T12:02:12.029Z [getAllProjects] Start - User: 168ff0b0-b2a7-493e-91a3-59fa595209d8, Org: 17674cf9-9aab-470b-98d9-b65820a3436e
2026-05-18T12:02:12.030Z [getAllProjects] Database and Model verified. Testing connection...
2026-05-18T12:02:12.031Z [getAllProjects] Connection Successful
2026-05-18T12:02:12.032Z [getAllProjects] Fetching all projects (no pagination)...
2026-05-18T12:02:12.043Z [getAllProjects] Found 1 projects. Computing progress...
2026-05-18T12:02:12.044Z [getAllProjects] Success. Returning response.
2026-05-18T12:07:12.035Z [getAllProjects] Start - User: 168ff0b0-b2a7-493e-91a3-59fa595209d8, Org: 17674cf9-9aab-470b-98d9-b65820a3436e
2026-05-18T12:07:12.036Z [getAllProjects] Database and Model verified. Testing connection...
2026-05-18T12:07:12.037Z [getAllProjects] Connection Successful
2026-05-18T12:07:12.038Z [getAllProjects] Fetching all projects (no pagination)...
2026-05-18T12:07:12.049Z [getAllProjects] Found 1 projects. Computing progress...
2026-05-18T12:07:12.050Z [getAllProjects] Success. Returning response.
2026-05-18T12:12:12.146Z [getAllProjects] Start - User: 168ff0b0-b2a7-493e-91a3-59fa595209d8, Org: 17674cf9-9aab-470b-98d9-b65820a3436e
2026-05-18T12:12:12.147Z [getAllProjects] Database and Model verified. Testing connection...
2026-05-18T12:12:12.149Z [getAllProjects] Connection Successful
2026-05-18T12:12:12.150Z [getAllProjects] Fetching all projects (no pagination)...
2026-05-18T12:12:12.208Z [getAllProjects] Found 1 projects. Computing progress...
2026-05-18T12:12:12.209Z [getAllProjects] Success. Returning response.
2026-05-18T12:17:04.231Z [getAllProjects] Start - User: 168ff0b0-b2a7-493e-91a3-59fa595209d8, Org: 17674cf9-9aab-470b-98d9-b65820a3436e
2026-05-18T12:17:04.233Z [getAllProjects] Database and Model verified. Testing connection...
2026-05-18T12:17:04.235Z [getAllProjects] Connection Successful
2026-05-18T12:17:04.237Z [getAllProjects] Fetching all projects (no pagination)...
2026-05-18T12:17:04.248Z [getAllProjects] Found 1 projects. Computing progress...
2026-05-18T12:17:04.249Z [getAllProjects] Success. Returning response.
2026-05-18T12:22:12.066Z [getAllProjects] Start - User: 168ff0b0-b2a7-493e-91a3-59fa595209d8, Org: 17674cf9-9aab-470b-98d9-b65820a3436e
2026-05-18T12:22:12.067Z [getAllProjects] Database and Model verified. Testing connection...
2026-05-18T12:22:12.068Z [getAllProjects] Connection Successful
2026-05-18T12:22:12.069Z [getAllProjects] Fetching all projects (no pagination)...
2026-05-18T12:22:12.085Z [getAllProjects] Found 1 projects. Computing progress...
2026-05-18T12:22:12.086Z [getAllProjects] Success. Returning response.
2026-05-18T12:27:06.217Z [getAllProjects] Start - User: 168ff0b0-b2a7-493e-91a3-59fa595209d8, Org: 17674cf9-9aab-470b-98d9-b65820a3436e
2026-05-18T12:27:06.219Z [getAllProjects] Database and Model verified. Testing connection...
2026-05-18T12:27:06.221Z [getAllProjects] Connection Successful
2026-05-18T12:27:06.222Z [getAllProjects] Fetching all projects (no pagination)...
2026-05-18T12:27:06.240Z [getAllProjects] Found 1 projects. Computing progress...
2026-05-18T12:27:06.241Z [getAllProjects] Success. Returning response.
2026-05-18T12:32:04.173Z [getAllProjects] Start - User: 168ff0b0-b2a7-493e-91a3-59fa595209d8, Org: 17674cf9-9aab-470b-98d9-b65820a3436e
2026-05-18T12:32:04.174Z [getAllProjects] Database and Model verified. Testing connection...
2026-05-18T12:32:04.175Z [getAllProjects] Connection Successful
2026-05-18T12:32:04.176Z [getAllProjects] Fetching all projects (no pagination)...
2026-05-18T12:32:04.234Z [getAllProjects] Found 1 projects. Computing progress...
2026-05-18T12:32:04.235Z [getAllProjects] Success. Returning response.
2026-05-18T12:37:04.089Z [getAllProjects] Start - User: 168ff0b0-b2a7-493e-91a3-59fa595209d8, Org: 17674cf9-9aab-470b-98d9-b65820a3436e
2026-05-18T12:37:04.092Z [getAllProjects] Database and Model verified. Testing connection...
2026-05-18T12:37:04.094Z [getAllProjects] Connection Successful
2026-05-18T12:37:04.096Z [getAllProjects] Fetching all projects (no pagination)...
2026-05-18T12:37:04.113Z [getAllProjects] Found 1 projects. Computing progress...
2026-05-18T12:37:04.115Z [getAllProjects] Success. Returning response.
2026-05-18T12:42:04.140Z [getAllProjects] Start - User: 168ff0b0-b2a7-493e-91a3-59fa595209d8, Org: 17674cf9-9aab-470b-98d9-b65820a3436e
2026-05-18T12:42:04.142Z [getAllProjects] Database and Model verified. Testing connection...
2026-05-18T12:42:04.143Z [getAllProjects] Connection Successful
2026-05-18T12:42:04.144Z [getAllProjects] Fetching all projects (no pagination)...
2026-05-18T12:42:04.159Z [getAllProjects] Found 1 projects. Computing progress...
2026-05-18T12:42:04.160Z [getAllProjects] Success. Returning response.
2026-05-18T12:47:04.089Z [getAllProjects] Start - User: 168ff0b0-b2a7-493e-91a3-59fa595209d8, Org: 17674cf9-9aab-470b-98d9-b65820a3436e
2026-05-18T12:47:04.091Z [getAllProjects] Database and Model verified. Testing connection...
2026-05-18T12:47:04.091Z [getAllProjects] Connection Successful
2026-05-18T12:47:04.093Z [getAllProjects] Fetching all projects (no pagination)...
2026-05-18T12:47:04.106Z [getAllProjects] Found 1 projects. Computing progress...
2026-05-18T12:47:04.108Z [getAllProjects] Success. Returning response.
2026-05-18T12:47:25.979Z [getAllProjects] Start - User: 168ff0b0-b2a7-493e-91a3-59fa595209d8, Org: 17674cf9-9aab-470b-98d9-b65820a3436e
2026-05-18T12:47:25.980Z [getAllProjects] Database and Model verified. Testing connection...
2026-05-18T12:47:25.982Z [getAllProjects] Connection Successful
2026-05-18T12:47:25.983Z [getAllProjects] Fetching all projects (no pagination)...
2026-05-18T12:47:25.994Z [getAllProjects] Found 1 projects. Computing progress...
2026-05-18T12:47:25.995Z [getAllProjects] Success. Returning response.
2026-05-18T12:47:35.097Z [getAllProjects] Start - User: a6f2643a-6e8f-4bf2-bd33-6e86e4236c71, Org: 17674cf9-9aab-470b-98d9-b65820a3436e
2026-05-18T12:47:35.100Z [getAllProjects] Database and Model verified. Testing connection...
2026-05-18T12:47:35.104Z [getAllProjects] Connection Successful
2026-05-18T12:47:35.106Z [getAllProjects] Fetching all projects (no pagination)...
2026-05-18T12:47:35.129Z [getAllProjects] Found 12 projects. Computing progress...
2026-05-18T12:47:35.137Z [getAllProjects] Success. Returning response.
2026-05-18T12:47:35.191Z [getAllProjects] Start - User: a6f2643a-6e8f-4bf2-bd33-6e86e4236c71, Org: 17674cf9-9aab-470b-98d9-b65820a3436e
2026-05-18T12:47:35.193Z [getAllProjects] Database and Model verified. Testing connection...
2026-05-18T12:47:35.194Z [getAllProjects] Connection Successful
2026-05-18T12:47:35.196Z [getAllProjects] Fetching all projects (no pagination)...
2026-05-18T12:47:35.223Z [getAllProjects] Found 12 projects. Computing progress...
2026-05-18T12:47:35.224Z [getAllProjects] Success. Returning response.
2026-05-18T12:52:36.134Z [getAllProjects] Start - User: a6f2643a-6e8f-4bf2-bd33-6e86e4236c71, Org: 17674cf9-9aab-470b-98d9-b65820a3436e
2026-05-18T12:52:36.136Z [getAllProjects] Database and Model verified. Testing connection...
2026-05-18T12:52:36.137Z [getAllProjects] Connection Successful
2026-05-18T12:52:36.137Z [getAllProjects] Fetching all projects (no pagination)...
2026-05-18T12:52:36.148Z [getAllProjects] Found 12 projects. Computing progress...
2026-05-18T12:52:36.149Z [getAllProjects] Success. Returning response.
2026-05-18T12:57:36.021Z [getAllProjects] Start - User: a6f2643a-6e8f-4bf2-bd33-6e86e4236c71, Org: 17674cf9-9aab-470b-98d9-b65820a3436e
2026-05-18T12:57:36.023Z [getAllProjects] Database and Model verified. Testing connection...
2026-05-18T12:57:36.024Z [getAllProjects] Connection Successful
2026-05-18T12:57:36.026Z [getAllProjects] Fetching all projects (no pagination)...
2026-05-18T12:57:36.035Z [getAllProjects] Found 12 projects. Computing progress...
2026-05-18T12:57:36.036Z [getAllProjects] Success. Returning response.
2026-05-18T13:02:36.207Z [getAllProjects] Start - User: a6f2643a-6e8f-4bf2-bd33-6e86e4236c71, Org: 17674cf9-9aab-470b-98d9-b65820a3436e
2026-05-18T13:02:36.208Z [getAllProjects] Database and Model verified. Testing connection...
2026-05-18T13:02:36.209Z [getAllProjects] Connection Successful
2026-05-18T13:02:36.210Z [getAllProjects] Fetching all projects (no pagination)...
2026-05-18T13:02:36.227Z [getAllProjects] Found 12 projects. Computing progress...
2026-05-18T13:02:36.228Z [getAllProjects] Success. Returning response.
2026-05-18T13:07:36.023Z [getAllProjects] Start - User: a6f2643a-6e8f-4bf2-bd33-6e86e4236c71, Org: 17674cf9-9aab-470b-98d9-b65820a3436e
2026-05-18T13:07:36.024Z [getAllProjects] Database and Model verified. Testing connection...
2026-05-18T13:07:36.025Z [getAllProjects] Connection Successful
2026-05-18T13:07:36.026Z [getAllProjects] Fetching all projects (no pagination)...
2026-05-18T13:07:36.032Z [getAllProjects] Found 12 projects. Computing progress...
2026-05-18T13:07:36.034Z [getAllProjects] Success. Returning response.
2026-05-18T13:07:55.345Z [getAllProjects] Start - User: a6f2643a-6e8f-4bf2-bd33-6e86e4236c71, Org: 17674cf9-9aab-470b-98d9-b65820a3436e
2026-05-18T13:07:55.346Z [getAllProjects] Database and Model verified. Testing connection...
2026-05-18T13:07:55.349Z [getAllProjects] Connection Successful
2026-05-18T13:07:55.350Z [getAllProjects] Fetching paginated projects (page: 1, limit: 10)...
2026-05-18T13:07:55.428Z [getAllProjects] Found 10 projects (Total: 12). Computing progress...
2026-05-18T13:07:55.430Z [getAllProjects] Success. Returning paginated response.
2026-05-18T13:07:59.978Z [getAllProjects] Start - User: a6f2643a-6e8f-4bf2-bd33-6e86e4236c71, Org: 17674cf9-9aab-470b-98d9-b65820a3436e
2026-05-18T13:07:59.983Z [getAllProjects] Database and Model verified. Testing connection...
2026-05-18T13:07:59.986Z [getAllProjects] Connection Successful
2026-05-18T13:07:59.988Z [getAllProjects] Fetching all projects (no pagination)...
2026-05-18T13:08:00.000Z [getAllProjects] Found 12 projects. Computing progress...
2026-05-18T13:08:00.002Z [getAllProjects] Success. Returning response.
2026-05-18T13:10:31.981Z [getAllProjects] Start - User: a6f2643a-6e8f-4bf2-bd33-6e86e4236c71, Org: 17674cf9-9aab-470b-98d9-b65820a3436e
2026-05-18T13:10:31.983Z [getAllProjects] Database and Model verified. Testing connection...
2026-05-18T13:10:31.984Z [getAllProjects] Connection Successful
2026-05-18T13:10:31.986Z [getAllProjects] Fetching all projects (no pagination)...
2026-05-18T13:10:31.994Z [getAllProjects] Found 12 projects. Computing progress...
2026-05-18T13:10:31.996Z [getAllProjects] Success. Returning response.
2026-05-18T13:13:29.033Z [getAllProjects] Start - User: a6f2643a-6e8f-4bf2-bd33-6e86e4236c71, Org: 17674cf9-9aab-470b-98d9-b65820a3436e
2026-05-18T13:13:29.036Z [getAllProjects] Database and Model verified. Testing connection...
2026-05-18T13:13:29.037Z [getAllProjects] Connection Successful
2026-05-18T13:13:29.039Z [getAllProjects] Fetching all projects (no pagination)...
2026-05-18T13:13:29.056Z [getAllProjects] Found 12 projects. Computing progress...
2026-05-18T13:13:29.058Z [getAllProjects] Success. Returning response.
2026-05-19T06:23:52.038Z [getAllProjects] Start - User: a6f2643a-6e8f-4bf2-bd33-6e86e4236c71, Org: 17674cf9-9aab-470b-98d9-b65820a3436e
2026-05-19T06:23:52.041Z [getAllProjects] Database and Model verified. Testing connection...
2026-05-19T06:23:52.043Z [getAllProjects] Connection Successful
2026-05-19T06:23:52.045Z [getAllProjects] Fetching all projects (no pagination)...
2026-05-19T06:23:52.148Z [getAllProjects] Found 12 projects. Computing progress...
2026-05-19T06:23:52.155Z [getAllProjects] Success. Returning response.
2026-05-19T06:23:52.258Z [getAllProjects] Start - User: a6f2643a-6e8f-4bf2-bd33-6e86e4236c71, Org: 17674cf9-9aab-470b-98d9-b65820a3436e
2026-05-19T06:23:52.291Z [getAllProjects] Database and Model verified. Testing connection...
2026-05-19T06:23:52.296Z [getAllProjects] Connection Successful
2026-05-19T06:23:52.306Z [getAllProjects] Fetching all projects (no pagination)...
2026-05-19T06:23:52.343Z [getAllProjects] Found 12 projects. Computing progress...
2026-05-19T06:23:52.345Z [getAllProjects] Success. Returning response.
2026-05-19T06:23:52.393Z [getAllProjects] Start - User: a6f2643a-6e8f-4bf2-bd33-6e86e4236c71, Org: 17674cf9-9aab-470b-98d9-b65820a3436e
2026-05-19T06:23:52.395Z [getAllProjects] Database and Model verified. Testing connection...
2026-05-19T06:23:52.397Z [getAllProjects] Connection Successful
2026-05-19T06:23:52.398Z [getAllProjects] Fetching all projects (no pagination)...
2026-05-19T06:23:52.423Z [getAllProjects] Found 12 projects. Computing progress...
2026-05-19T06:23:52.425Z [getAllProjects] Success. Returning response.
2026-05-19T06:24:02.193Z [getAllProjects] Start - User: a6f2643a-6e8f-4bf2-bd33-6e86e4236c71, Org: 17674cf9-9aab-470b-98d9-b65820a3436e
2026-05-19T06:24:02.195Z [getAllProjects] Database and Model verified. Testing connection...
2026-05-19T06:24:02.197Z [getAllProjects] Connection Successful
2026-05-19T06:24:02.198Z [getAllProjects] Fetching all projects (no pagination)...
2026-05-19T06:24:02.224Z [getAllProjects] Found 12 projects. Computing progress...
2026-05-19T06:24:02.226Z [getAllProjects] Success. Returning response.
2026-05-19T06:24:17.584Z [getAllProjects] Start - User: a6f2643a-6e8f-4bf2-bd33-6e86e4236c71, Org: 17674cf9-9aab-470b-98d9-b65820a3436e
2026-05-19T06:24:17.586Z [getAllProjects] Database and Model verified. Testing connection...
2026-05-19T06:24:17.588Z [getAllProjects] Connection Successful
2026-05-19T06:24:17.589Z [getAllProjects] Fetching all projects (no pagination)...
2026-05-19T06:24:17.603Z [getAllProjects] Found 12 projects. Computing progress...
2026-05-19T06:24:17.605Z [getAllProjects] Success. Returning response.
2026-05-19T06:24:24.669Z [getAllProjects] Start - User: 168ff0b0-b2a7-493e-91a3-59fa595209d8, Org: 17674cf9-9aab-470b-98d9-b65820a3436e
2026-05-19T06:24:24.672Z [getAllProjects] Database and Model verified. Testing connection...
2026-05-19T06:24:24.674Z [getAllProjects] Connection Successful
2026-05-19T06:24:24.676Z [getAllProjects] Fetching all projects (no pagination)...
2026-05-19T06:24:24.702Z [getAllProjects] Found 1 projects. Computing progress...
2026-05-19T06:24:24.705Z [getAllProjects] Success. Returning response.
2026-05-19T06:24:24.774Z [getAllProjects] Start - User: 168ff0b0-b2a7-493e-91a3-59fa595209d8, Org: 17674cf9-9aab-470b-98d9-b65820a3436e
2026-05-19T06:24:24.776Z [getAllProjects] Database and Model verified. Testing connection...
2026-05-19T06:24:24.777Z [getAllProjects] Connection Successful
2026-05-19T06:24:24.778Z [getAllProjects] Fetching all projects (no pagination)...
2026-05-19T06:24:24.790Z [getAllProjects] Found 1 projects. Computing progress...
2026-05-19T06:24:24.793Z [getAllProjects] Success. Returning response.
2026-05-19T06:24:26.747Z [getAllProjects] Start - User: 168ff0b0-b2a7-493e-91a3-59fa595209d8, Org: 17674cf9-9aab-470b-98d9-b65820a3436e
2026-05-19T06:24:26.749Z [getAllProjects] Database and Model verified. Testing connection...
2026-05-19T06:24:26.750Z [getAllProjects] Connection Successful
2026-05-19T06:24:26.752Z [getAllProjects] Fetching all projects (no pagination)...
2026-05-19T06:24:26.762Z [getAllProjects] Found 1 projects. Computing progress...
2026-05-19T06:24:26.764Z [getAllProjects] Success. Returning response.
2026-05-19T06:27:06.954Z [getAllProjects] Start - User: 168ff0b0-b2a7-493e-91a3-59fa595209d8, Org: 17674cf9-9aab-470b-98d9-b65820a3436e
2026-05-19T06:27:06.955Z [getAllProjects] Database and Model verified. Testing connection...
2026-05-19T06:27:06.958Z [getAllProjects] Connection Successful
2026-05-19T06:27:06.959Z [getAllProjects] Fetching all projects (no pagination)...
2026-05-19T06:27:06.969Z [getAllProjects] Found 1 projects. Computing progress...
2026-05-19T06:27:06.970Z [getAllProjects] Success. Returning response.
2026-05-19T06:27:18.375Z [getAllProjects] Start - User: 168ff0b0-b2a7-493e-91a3-59fa595209d8, Org: 17674cf9-9aab-470b-98d9-b65820a3436e
2026-05-19T06:27:18.377Z [getAllProjects] Database and Model verified. Testing connection...
2026-05-19T06:27:18.378Z [getAllProjects] Connection Successful
2026-05-19T06:27:18.380Z [getAllProjects] Fetching all projects (no pagination)...
2026-05-19T06:27:18.388Z [getAllProjects] Found 1 projects. Computing progress...
2026-05-19T06:27:18.389Z [getAllProjects] Success. Returning response.
2026-05-19T06:27:19.744Z [getAllProjects] Start - User: 168ff0b0-b2a7-493e-91a3-59fa595209d8, Org: 17674cf9-9aab-470b-98d9-b65820a3436e
2026-05-19T06:27:19.746Z [getAllProjects] Database and Model verified. Testing connection...
2026-05-19T06:27:19.747Z [getAllProjects] Connection Successful
2026-05-19T06:27:19.748Z [getAllProjects] Fetching all projects (no pagination)...
2026-05-19T06:27:19.755Z [getAllProjects] Found 1 projects. Computing progress...
2026-05-19T06:27:19.756Z [getAllProjects] Success. Returning response.
2026-05-19T06:31:25.044Z [getAllProjects] Start - User: 168ff0b0-b2a7-493e-91a3-59fa595209d8, Org: 17674cf9-9aab-470b-98d9-b65820a3436e
2026-05-19T06:31:25.046Z [getAllProjects] Database and Model verified. Testing connection...
2026-05-19T06:31:25.048Z [getAllProjects] Connection Successful
2026-05-19T06:31:25.051Z [getAllProjects] Fetching all projects (no pagination)...
2026-05-19T06:31:25.083Z [getAllProjects] Found 1 projects. Computing progress...
2026-05-19T06:31:25.086Z [getAllProjects] Success. Returning response.
2026-05-19T06:34:25.003Z [getAllProjects] Start - User: 168ff0b0-b2a7-493e-91a3-59fa595209d8, Org: 17674cf9-9aab-470b-98d9-b65820a3436e
2026-05-19T06:34:25.005Z [getAllProjects] Database and Model verified. Testing connection...
2026-05-19T06:34:25.006Z [getAllProjects] Connection Successful
2026-05-19T06:34:25.007Z [getAllProjects] Fetching all projects (no pagination)...
2026-05-19T06:34:25.016Z [getAllProjects] Found 1 projects. Computing progress...
2026-05-19T06:34:25.018Z [getAllProjects] Success. Returning response.
2026-05-19T06:50:31.413Z [getAllProjects] Start - User: 168ff0b0-b2a7-493e-91a3-59fa595209d8, Org: 17674cf9-9aab-470b-98d9-b65820a3436e
2026-05-19T06:50:31.415Z [getAllProjects] Database and Model verified. Testing connection...
2026-05-19T06:50:31.416Z [getAllProjects] Connection Successful
2026-05-19T06:50:31.418Z [getAllProjects] Fetching all projects (no pagination)...
2026-05-19T06:50:31.436Z [getAllProjects] Found 1 projects. Computing progress...
2026-05-19T06:50:31.437Z [getAllProjects] Success. Returning response.
2026-05-19T06:50:48.172Z [getAllProjects] Start - User: 168ff0b0-b2a7-493e-91a3-59fa595209d8, Org: 17674cf9-9aab-470b-98d9-b65820a3436e
2026-05-19T06:50:48.174Z [getAllProjects] Database and Model verified. Testing connection...
2026-05-19T06:50:48.175Z [getAllProjects] Connection Successful
2026-05-19T06:50:48.176Z [getAllProjects] Fetching all projects (no pagination)...
2026-05-19T06:50:48.183Z [getAllProjects] Found 1 projects. Computing progress...
2026-05-19T06:50:48.185Z [getAllProjects] Success. Returning response.
2026-05-19T06:50:49.502Z [getAllProjects] Start - User: 168ff0b0-b2a7-493e-91a3-59fa595209d8, Org: 17674cf9-9aab-470b-98d9-b65820a3436e
2026-05-19T06:50:49.505Z [getAllProjects] Database and Model verified. Testing connection...
2026-05-19T06:50:49.507Z [getAllProjects] Connection Successful
2026-05-19T06:50:49.508Z [getAllProjects] Fetching all projects (no pagination)...
2026-05-19T06:50:49.524Z [getAllProjects] Found 1 projects. Computing progress...
2026-05-19T06:50:49.525Z [getAllProjects] Success. Returning response.
2026-05-19T06:51:06.139Z [getAllProjects] Start - User: 168ff0b0-b2a7-493e-91a3-59fa595209d8, Org: 17674cf9-9aab-470b-98d9-b65820a3436e
2026-05-19T06:51:06.141Z [getAllProjects] Database and Model verified. Testing connection...
2026-05-19T06:51:06.142Z [getAllProjects] Connection Successful
2026-05-19T06:51:06.143Z [getAllProjects] Fetching all projects (no pagination)...
2026-05-19T06:51:06.157Z [getAllProjects] Found 1 projects. Computing progress...
2026-05-19T06:51:06.159Z [getAllProjects] Success. Returning response.
2026-05-19T06:51:06.834Z [getAllProjects] Start - User: 168ff0b0-b2a7-493e-91a3-59fa595209d8, Org: 17674cf9-9aab-470b-98d9-b65820a3436e
2026-05-19T06:51:06.837Z [getAllProjects] Database and Model verified. Testing connection...
2026-05-19T06:51:06.838Z [getAllProjects] Connection Successful
2026-05-19T06:51:06.840Z [getAllProjects] Fetching all projects (no pagination)...
2026-05-19T06:51:06.846Z [getAllProjects] Found 1 projects. Computing progress...
2026-05-19T06:51:06.847Z [getAllProjects] Success. Returning response.
2026-05-19T06:51:13.481Z [getAllProjects] Start - User: 168ff0b0-b2a7-493e-91a3-59fa595209d8, Org: 17674cf9-9aab-470b-98d9-b65820a3436e
2026-05-19T06:51:13.483Z [getAllProjects] Database and Model verified. Testing connection...
2026-05-19T06:51:13.484Z [getAllProjects] Connection Successful
2026-05-19T06:51:13.485Z [getAllProjects] Fetching all projects (no pagination)...
2026-05-19T06:51:13.492Z [getAllProjects] Found 1 projects. Computing progress...
2026-05-19T06:51:13.493Z [getAllProjects] Success. Returning response.
2026-05-19T06:51:14.494Z [getAllProjects] Start - User: 168ff0b0-b2a7-493e-91a3-59fa595209d8, Org: 17674cf9-9aab-470b-98d9-b65820a3436e
2026-05-19T06:51:14.497Z [getAllProjects] Database and Model verified. Testing connection...
2026-05-19T06:51:14.499Z [getAllProjects] Connection Successful
2026-05-19T06:51:14.501Z [getAllProjects] Fetching all projects (no pagination)...
2026-05-19T06:51:14.508Z [getAllProjects] Found 1 projects. Computing progress...
2026-05-19T06:51:14.510Z [getAllProjects] Success. Returning response.
2026-05-19T06:53:52.084Z [getAllProjects] Start - User: 168ff0b0-b2a7-493e-91a3-59fa595209d8, Org: 17674cf9-9aab-470b-98d9-b65820a3436e
2026-05-19T06:53:52.086Z [getAllProjects] Database and Model verified. Testing connection...
2026-05-19T06:53:52.088Z [getAllProjects] Connection Successful
2026-05-19T06:53:52.095Z [getAllProjects] Fetching all projects (no pagination)...
2026-05-19T06:53:52.105Z [getAllProjects] Found 1 projects. Computing progress...
2026-05-19T06:53:52.107Z [getAllProjects] Success. Returning response.
2026-05-19T06:54:24.981Z [getAllProjects] Start - User: 168ff0b0-b2a7-493e-91a3-59fa595209d8, Org: 17674cf9-9aab-470b-98d9-b65820a3436e
2026-05-19T06:54:24.983Z [getAllProjects] Database and Model verified. Testing connection...
2026-05-19T06:54:24.985Z [getAllProjects] Connection Successful
2026-05-19T06:54:24.986Z [getAllProjects] Fetching all projects (no pagination)...
2026-05-19T06:54:25.003Z [getAllProjects] Found 1 projects. Computing progress...
2026-05-19T06:54:25.004Z [getAllProjects] Success. Returning response.
2026-05-19T06:55:53.005Z [getAllProjects] Start - User: 168ff0b0-b2a7-493e-91a3-59fa595209d8, Org: 17674cf9-9aab-470b-98d9-b65820a3436e
2026-05-19T06:55:53.006Z [getAllProjects] Database and Model verified. Testing connection...
2026-05-19T06:55:53.008Z [getAllProjects] Connection Successful
2026-05-19T06:55:53.009Z [getAllProjects] Fetching all projects (no pagination)...
2026-05-19T06:55:53.076Z [getAllProjects] Found 1 projects. Computing progress...
2026-05-19T06:55:53.078Z [getAllProjects] Success. Returning response.
2026-05-19T06:59:24.673Z [getAllProjects] Start - User: 168ff0b0-b2a7-493e-91a3-59fa595209d8, Org: 17674cf9-9aab-470b-98d9-b65820a3436e
2026-05-19T06:59:24.675Z [getAllProjects] Database and Model verified. Testing connection...
2026-05-19T06:59:24.677Z [getAllProjects] Connection Successful
2026-05-19T06:59:24.679Z [getAllProjects] Fetching all projects (no pagination)...
2026-05-19T06:59:24.712Z [getAllProjects] Found 1 projects. Computing progress...
2026-05-19T06:59:24.714Z [getAllProjects] Success. Returning response.
2026-05-19T07:00:36.615Z [getAllProjects] Start - User: 168ff0b0-b2a7-493e-91a3-59fa595209d8, Org: 17674cf9-9aab-470b-98d9-b65820a3436e
2026-05-19T07:00:36.617Z [getAllProjects] Database and Model verified. Testing connection...
2026-05-19T07:00:36.618Z [getAllProjects] Connection Successful
2026-05-19T07:00:36.619Z [getAllProjects] Fetching all projects (no pagination)...
2026-05-19T07:00:36.629Z [getAllProjects] Found 1 projects. Computing progress...
2026-05-19T07:00:36.630Z [getAllProjects] Success. Returning response.
2026-05-19T07:00:38.037Z [getAllProjects] Start - User: 168ff0b0-b2a7-493e-91a3-59fa595209d8, Org: 17674cf9-9aab-470b-98d9-b65820a3436e
2026-05-19T07:00:38.039Z [getAllProjects] Database and Model verified. Testing connection...
2026-05-19T07:00:38.041Z [getAllProjects] Connection Successful
2026-05-19T07:00:38.042Z [getAllProjects] Fetching all projects (no pagination)...
2026-05-19T07:00:38.053Z [getAllProjects] Found 1 projects. Computing progress...
2026-05-19T07:00:38.055Z [getAllProjects] Success. Returning response.
2026-05-19T07:01:03.200Z [getAllProjects] Start - User: 168ff0b0-b2a7-493e-91a3-59fa595209d8, Org: 17674cf9-9aab-470b-98d9-b65820a3436e
2026-05-19T07:01:03.203Z [getAllProjects] Database and Model verified. Testing connection...
2026-05-19T07:01:03.207Z [getAllProjects] Connection Successful
2026-05-19T07:01:03.209Z [getAllProjects] Fetching all projects (no pagination)...
2026-05-19T07:01:03.232Z [getAllProjects] Found 1 projects. Computing progress...
2026-05-19T07:01:03.234Z [getAllProjects] Success. Returning response.
2026-05-19T07:01:05.898Z [getAllProjects] Start - User: 168ff0b0-b2a7-493e-91a3-59fa595209d8, Org: 17674cf9-9aab-470b-98d9-b65820a3436e
2026-05-19T07:01:05.900Z [getAllProjects] Database and Model verified. Testing connection...
2026-05-19T07:01:05.901Z [getAllProjects] Connection Successful
2026-05-19T07:01:05.903Z [getAllProjects] Fetching all projects (no pagination)...
2026-05-19T07:01:05.918Z [getAllProjects] Found 1 projects. Computing progress...
2026-05-19T07:01:05.919Z [getAllProjects] Success. Returning response.
2026-05-19T07:03:51.960Z [getAllProjects] Start - User: 168ff0b0-b2a7-493e-91a3-59fa595209d8, Org: 17674cf9-9aab-470b-98d9-b65820a3436e
2026-05-19T07:03:51.962Z [getAllProjects] Database and Model verified. Testing connection...
2026-05-19T07:03:51.964Z [getAllProjects] Connection Successful
2026-05-19T07:03:51.965Z [getAllProjects] Fetching all projects (no pagination)...
2026-05-19T07:03:51.977Z [getAllProjects] Found 1 projects. Computing progress...
2026-05-19T07:03:51.980Z [getAllProjects] Success. Returning response.
2026-05-19T07:06:04.353Z [getAllProjects] Start - User: 168ff0b0-b2a7-493e-91a3-59fa595209d8, Org: 17674cf9-9aab-470b-98d9-b65820a3436e
2026-05-19T07:06:04.354Z [getAllProjects] Database and Model verified. Testing connection...
2026-05-19T07:06:04.355Z [getAllProjects] Connection Successful
2026-05-19T07:06:04.356Z [getAllProjects] Fetching all projects (no pagination)...
2026-05-19T07:06:04.370Z [getAllProjects] Found 1 projects. Computing progress...
2026-05-19T07:06:04.371Z [getAllProjects] Success. Returning response.
2026-05-19T07:08:21.940Z [getAllProjects] Start - User: 168ff0b0-b2a7-493e-91a3-59fa595209d8, Org: 17674cf9-9aab-470b-98d9-b65820a3436e
2026-05-19T07:08:21.942Z [getAllProjects] Database and Model verified. Testing connection...
2026-05-19T07:08:21.943Z [getAllProjects] Connection Successful
2026-05-19T07:08:21.944Z [getAllProjects] Fetching all projects (no pagination)...
2026-05-19T07:08:21.952Z [getAllProjects] Found 1 projects. Computing progress...
2026-05-19T07:08:21.954Z [getAllProjects] Success. Returning response.
2026-05-19T07:09:15.626Z [getAllProjects] Start - User: 168ff0b0-b2a7-493e-91a3-59fa595209d8, Org: 17674cf9-9aab-470b-98d9-b65820a3436e
2026-05-19T07:09:15.628Z [getAllProjects] Database and Model verified. Testing connection...
2026-05-19T07:09:15.630Z [getAllProjects] Connection Successful
2026-05-19T07:09:15.631Z [getAllProjects] Fetching all projects (no pagination)...
2026-05-19T07:09:15.645Z [getAllProjects] Found 1 projects. Computing progress...
2026-05-19T07:09:15.646Z [getAllProjects] Success. Returning response.
2026-05-19T07:09:17.081Z [getAllProjects] Start - User: 168ff0b0-b2a7-493e-91a3-59fa595209d8, Org: 17674cf9-9aab-470b-98d9-b65820a3436e
2026-05-19T07:09:17.083Z [getAllProjects] Database and Model verified. Testing connection...
2026-05-19T07:09:17.084Z [getAllProjects] Connection Successful
2026-05-19T07:09:17.085Z [getAllProjects] Fetching all projects (no pagination)...
2026-05-19T07:09:17.094Z [getAllProjects] Found 1 projects. Computing progress...
2026-05-19T07:09:17.095Z [getAllProjects] Success. Returning response.
2026-05-19T07:10:31.620Z [getAllProjects] Start - User: 168ff0b0-b2a7-493e-91a3-59fa595209d8, Org: 17674cf9-9aab-470b-98d9-b65820a3436e
2026-05-19T07:10:31.622Z [getAllProjects] Database and Model verified. Testing connection...
2026-05-19T07:10:31.626Z [getAllProjects] Connection Successful
2026-05-19T07:10:31.627Z [getAllProjects] Fetching all projects (no pagination)...
2026-05-19T07:10:31.636Z [getAllProjects] Found 1 projects. Computing progress...
2026-05-19T07:10:31.637Z [getAllProjects] Success. Returning response.
2026-05-19T07:10:47.019Z [getAllProjects] Start - User: 168ff0b0-b2a7-493e-91a3-59fa595209d8, Org: 17674cf9-9aab-470b-98d9-b65820a3436e
2026-05-19T07:10:47.020Z [getAllProjects] Database and Model verified. Testing connection...
2026-05-19T07:10:47.021Z [getAllProjects] Connection Successful
2026-05-19T07:10:47.022Z [getAllProjects] Fetching all projects (no pagination)...
2026-05-19T07:10:47.033Z [getAllProjects] Found 1 projects. Computing progress...
2026-05-19T07:10:47.034Z [getAllProjects] Success. Returning response.
2026-05-19T07:10:48.575Z [getAllProjects] Start - User: 168ff0b0-b2a7-493e-91a3-59fa595209d8, Org: 17674cf9-9aab-470b-98d9-b65820a3436e
2026-05-19T07:10:48.577Z [getAllProjects] Database and Model verified. Testing connection...
2026-05-19T07:10:48.578Z [getAllProjects] Connection Successful
2026-05-19T07:10:48.579Z [getAllProjects] Fetching all projects (no pagination)...
2026-05-19T07:10:48.587Z [getAllProjects] Found 1 projects. Computing progress...
2026-05-19T07:10:48.588Z [getAllProjects] Success. Returning response.
2026-05-19T07:13:23.426Z [getAllProjects] Start - User: 168ff0b0-b2a7-493e-91a3-59fa595209d8, Org: 17674cf9-9aab-470b-98d9-b65820a3436e
2026-05-19T07:13:23.427Z [getAllProjects] Database and Model verified. Testing connection...
2026-05-19T07:13:23.429Z [getAllProjects] Connection Successful
2026-05-19T07:13:23.430Z [getAllProjects] Fetching all projects (no pagination)...
2026-05-19T07:13:23.504Z [getAllProjects] Found 1 projects. Computing progress...
2026-05-19T07:13:23.505Z [getAllProjects] Success. Returning response.
2026-05-19T07:24:10.739Z [getAllProjects] Start - User: 168ff0b0-b2a7-493e-91a3-59fa595209d8, Org: 17674cf9-9aab-470b-98d9-b65820a3436e
2026-05-19T07:24:10.740Z [getAllProjects] Database and Model verified. Testing connection...
2026-05-19T07:24:10.742Z [getAllProjects] Connection Successful
2026-05-19T07:24:10.742Z [getAllProjects] Fetching all projects (no pagination)...
2026-05-19T07:24:10.757Z [getAllProjects] Found 1 projects. Computing progress...
2026-05-19T07:24:10.759Z [getAllProjects] Success. Returning response.
2026-05-19T07:24:15.677Z [getAllProjects] Start - User: 168ff0b0-b2a7-493e-91a3-59fa595209d8, Org: 17674cf9-9aab-470b-98d9-b65820a3436e
2026-05-19T07:24:15.679Z [getAllProjects] Database and Model verified. Testing connection...
2026-05-19T07:24:15.680Z [getAllProjects] Connection Successful
2026-05-19T07:24:15.682Z [getAllProjects] Fetching all projects (no pagination)...
2026-05-19T07:24:15.689Z [getAllProjects] Found 1 projects. Computing progress...
2026-05-19T07:24:15.690Z [getAllProjects] Success. Returning response.
2026-05-19T07:24:17.097Z [getAllProjects] Start - User: 168ff0b0-b2a7-493e-91a3-59fa595209d8, Org: 17674cf9-9aab-470b-98d9-b65820a3436e
2026-05-19T07:24:17.099Z [getAllProjects] Database and Model verified. Testing connection...
2026-05-19T07:24:17.100Z [getAllProjects] Connection Successful
2026-05-19T07:24:17.102Z [getAllProjects] Fetching all projects (no pagination)...
2026-05-19T07:24:17.124Z [getAllProjects] Found 1 projects. Computing progress...
2026-05-19T07:24:17.126Z [getAllProjects] Success. Returning response.
2026-05-19T07:24:34.840Z [getAllProjects] Start - User: 168ff0b0-b2a7-493e-91a3-59fa595209d8, Org: 17674cf9-9aab-470b-98d9-b65820a3436e
2026-05-19T07:24:34.842Z [getAllProjects] Database and Model verified. Testing connection...
2026-05-19T07:24:34.843Z [getAllProjects] Connection Successful
2026-05-19T07:24:34.844Z [getAllProjects] Fetching all projects (no pagination)...
2026-05-19T07:24:34.850Z [getAllProjects] Found 1 projects. Computing progress...
2026-05-19T07:24:34.851Z [getAllProjects] Success. Returning response.
2026-05-19T07:24:40.526Z [getAllProjects] Start - User: 168ff0b0-b2a7-493e-91a3-59fa595209d8, Org: 17674cf9-9aab-470b-98d9-b65820a3436e
2026-05-19T07:24:40.528Z [getAllProjects] Database and Model verified. Testing connection...
2026-05-19T07:24:40.529Z [getAllProjects] Connection Successful
2026-05-19T07:24:40.531Z [getAllProjects] Fetching all projects (no pagination)...
2026-05-19T07:24:40.537Z [getAllProjects] Found 1 projects. Computing progress...
2026-05-19T07:24:40.539Z [getAllProjects] Success. Returning response.
2026-05-19T07:28:09.939Z [getAllProjects] Start - User: 168ff0b0-b2a7-493e-91a3-59fa595209d8, Org: 17674cf9-9aab-470b-98d9-b65820a3436e
2026-05-19T07:28:09.941Z [getAllProjects] Database and Model verified. Testing connection...
2026-05-19T07:28:09.942Z [getAllProjects] Connection Successful
2026-05-19T07:28:09.943Z [getAllProjects] Fetching all projects (no pagination)...
2026-05-19T07:28:09.952Z [getAllProjects] Found 1 projects. Computing progress...
2026-05-19T07:28:09.953Z [getAllProjects] Success. Returning response.
2026-05-19T07:45:32.063Z [getAllProjects] Start - User: 168ff0b0-b2a7-493e-91a3-59fa595209d8, Org: 17674cf9-9aab-470b-98d9-b65820a3436e
2026-05-19T07:45:32.073Z [getAllProjects] Database and Model verified. Testing connection...
2026-05-19T07:45:32.080Z [getAllProjects] Connection Successful
2026-05-19T07:45:32.083Z [getAllProjects] Fetching all projects (no pagination)...
2026-05-19T07:45:32.118Z [getAllProjects] Found 1 projects. Computing progress...
2026-05-19T07:45:32.120Z [getAllProjects] Success. Returning response.
2026-05-19T07:45:32.160Z [getAllProjects] Start - User: 168ff0b0-b2a7-493e-91a3-59fa595209d8, Org: 17674cf9-9aab-470b-98d9-b65820a3436e
2026-05-19T07:45:32.162Z [getAllProjects] Database and Model verified. Testing connection...
2026-05-19T07:45:32.163Z [getAllProjects] Connection Successful
2026-05-19T07:45:32.164Z [getAllProjects] Fetching all projects (no pagination)...
2026-05-19T07:45:32.186Z [getAllProjects] Found 1 projects. Computing progress...
2026-05-19T07:45:32.188Z [getAllProjects] Success. Returning response.
2026-05-19T07:45:32.223Z [getAllProjects] Start - User: 168ff0b0-b2a7-493e-91a3-59fa595209d8, Org: 17674cf9-9aab-470b-98d9-b65820a3436e
2026-05-19T07:45:32.227Z [getAllProjects] Database and Model verified. Testing connection...
2026-05-19T07:45:32.229Z [getAllProjects] Connection Successful
2026-05-19T07:45:32.230Z [getAllProjects] Fetching all projects (no pagination)...
2026-05-19T07:45:32.242Z [getAllProjects] Found 1 projects. Computing progress...
2026-05-19T07:45:32.246Z [getAllProjects] Success. Returning response.
2026-05-19T07:45:34.518Z [getAllProjects] Start - User: 168ff0b0-b2a7-493e-91a3-59fa595209d8, Org: 17674cf9-9aab-470b-98d9-b65820a3436e
2026-05-19T07:45:34.519Z [getAllProjects] Database and Model verified. Testing connection...
2026-05-19T07:45:34.521Z [getAllProjects] Connection Successful
2026-05-19T07:45:34.522Z [getAllProjects] Fetching all projects (no pagination)...
2026-05-19T07:45:34.535Z [getAllProjects] Found 1 projects. Computing progress...
2026-05-19T07:45:34.537Z [getAllProjects] Success. Returning response.
2026-05-19T07:45:36.309Z [getAllProjects] Start - User: 168ff0b0-b2a7-493e-91a3-59fa595209d8, Org: 17674cf9-9aab-470b-98d9-b65820a3436e
2026-05-19T07:45:36.311Z [getAllProjects] Database and Model verified. Testing connection...
2026-05-19T07:45:36.312Z [getAllProjects] Connection Successful
2026-05-19T07:45:36.313Z [getAllProjects] Fetching all projects (no pagination)...
2026-05-19T07:45:36.324Z [getAllProjects] Found 1 projects. Computing progress...
2026-05-19T07:45:36.326Z [getAllProjects] Success. Returning response.
2026-05-19T07:48:40.952Z [getAllProjects] Start - User: 168ff0b0-b2a7-493e-91a3-59fa595209d8, Org: 17674cf9-9aab-470b-98d9-b65820a3436e
2026-05-19T07:48:40.954Z [getAllProjects] Database and Model verified. Testing connection...
2026-05-19T07:48:40.955Z [getAllProjects] Connection Successful
2026-05-19T07:48:40.956Z [getAllProjects] Fetching all projects (no pagination)...
2026-05-19T07:48:40.964Z [getAllProjects] Found 1 projects. Computing progress...
2026-05-19T07:48:40.965Z [getAllProjects] Success. Returning response.
2026-05-19T07:49:26.262Z [getAllProjects] Start - User: 168ff0b0-b2a7-493e-91a3-59fa595209d8, Org: 17674cf9-9aab-470b-98d9-b65820a3436e
2026-05-19T07:49:26.264Z [getAllProjects] Database and Model verified. Testing connection...
2026-05-19T07:49:26.265Z [getAllProjects] Connection Successful
2026-05-19T07:49:26.266Z [getAllProjects] Fetching all projects (no pagination)...
2026-05-19T07:49:26.280Z [getAllProjects] Found 1 projects. Computing progress...
2026-05-19T07:49:26.282Z [getAllProjects] Success. Returning response.
2026-05-19T07:49:34.193Z [getAllProjects] Start - User: 168ff0b0-b2a7-493e-91a3-59fa595209d8, Org: 17674cf9-9aab-470b-98d9-b65820a3436e
2026-05-19T07:49:34.195Z [getAllProjects] Database and Model verified. Testing connection...
2026-05-19T07:49:34.196Z [getAllProjects] Connection Successful
2026-05-19T07:49:34.197Z [getAllProjects] Fetching all projects (no pagination)...
2026-05-19T07:49:34.205Z [getAllProjects] Found 1 projects. Computing progress...
2026-05-19T07:49:34.207Z [getAllProjects] Success. Returning response.
2026-05-19T07:50:25.549Z [getAllProjects] Start - User: 168ff0b0-b2a7-493e-91a3-59fa595209d8, Org: 17674cf9-9aab-470b-98d9-b65820a3436e
2026-05-19T07:50:25.555Z [getAllProjects] Database and Model verified. Testing connection...
2026-05-19T07:50:25.557Z [getAllProjects] Connection Successful
2026-05-19T07:50:25.559Z [getAllProjects] Fetching all projects (no pagination)...
2026-05-19T07:50:25.571Z [getAllProjects] Found 1 projects. Computing progress...
2026-05-19T07:50:25.572Z [getAllProjects] Success. Returning response.
2026-05-19T07:50:31.638Z [getAllProjects] Start - User: 454265a3-1777-413b-a49f-8735ef6ffa2a, Org: 17674cf9-9aab-470b-98d9-b65820a3436e
2026-05-19T07:50:31.640Z [getAllProjects] Database and Model verified. Testing connection...
2026-05-19T07:50:31.641Z [getAllProjects] Connection Successful
2026-05-19T07:50:31.642Z [getAllProjects] Fetching all projects (no pagination)...
2026-05-19T07:50:31.660Z [getAllProjects] Found 7 projects. Computing progress...
2026-05-19T07:50:31.662Z [getAllProjects] Success. Returning response.
2026-05-19T07:50:31.734Z [getAllProjects] Start - User: 454265a3-1777-413b-a49f-8735ef6ffa2a, Org: 17674cf9-9aab-470b-98d9-b65820a3436e
2026-05-19T07:50:31.737Z [getAllProjects] Database and Model verified. Testing connection...
2026-05-19T07:50:31.740Z [getAllProjects] Connection Successful
2026-05-19T07:50:31.742Z [getAllProjects] Fetching all projects (no pagination)...
2026-05-19T07:50:31.777Z [getAllProjects] Found 7 projects. Computing progress...
2026-05-19T07:50:31.780Z [getAllProjects] Success. Returning response.
2026-05-19T07:50:38.506Z [getAllProjects] Start - User: 454265a3-1777-413b-a49f-8735ef6ffa2a, Org: 17674cf9-9aab-470b-98d9-b65820a3436e
2026-05-19T07:50:38.507Z [getAllProjects] Database and Model verified. Testing connection...
2026-05-19T07:50:38.508Z [getAllProjects] Connection Successful
2026-05-19T07:50:38.509Z [getAllProjects] Fetching paginated projects (page: 1, limit: 10)...
2026-05-19T07:50:38.676Z [getAllProjects] Found 7 projects (Total: 7). Computing progress...
2026-05-19T07:50:38.677Z [getAllProjects] Success. Returning paginated response.
2026-05-19T07:50:42.190Z [getAllProjects] Start - User: 454265a3-1777-413b-a49f-8735ef6ffa2a, Org: 17674cf9-9aab-470b-98d9-b65820a3436e
2026-05-19T07:50:42.192Z [getAllProjects] Database and Model verified. Testing connection...
2026-05-19T07:50:42.193Z [getAllProjects] Connection Successful
2026-05-19T07:50:42.194Z [getAllProjects] Fetching all projects (no pagination)...
2026-05-19T07:50:42.204Z [getAllProjects] Found 7 projects. Computing progress...
2026-05-19T07:50:42.207Z [getAllProjects] Success. Returning response.
2026-05-19T07:52:07.704Z [getAllProjects] Start - User: 454265a3-1777-413b-a49f-8735ef6ffa2a, Org: 17674cf9-9aab-470b-98d9-b65820a3436e
2026-05-19T07:52:07.706Z [getAllProjects] Database and Model verified. Testing connection...
2026-05-19T07:52:07.707Z [getAllProjects] Connection Successful
2026-05-19T07:52:07.709Z [getAllProjects] Fetching all projects (no pagination)...
2026-05-19T07:52:07.723Z [getAllProjects] Found 7 projects. Computing progress...
2026-05-19T07:52:07.724Z [getAllProjects] Success. Returning response.
2026-05-19T07:52:27.862Z [getAllProjects] Start - User: 454265a3-1777-413b-a49f-8735ef6ffa2a, Org: 17674cf9-9aab-470b-98d9-b65820a3436e
2026-05-19T07:52:27.864Z [getAllProjects] Database and Model verified. Testing connection...
2026-05-19T07:52:27.865Z [getAllProjects] Connection Successful
2026-05-19T07:52:27.867Z [getAllProjects] Fetching all projects (no pagination)...
2026-05-19T07:52:27.877Z [getAllProjects] Found 7 projects. Computing progress...
2026-05-19T07:52:27.878Z [getAllProjects] Success. Returning response.
2026-05-19T07:52:34.440Z [getAllProjects] Start - User: 168ff0b0-b2a7-493e-91a3-59fa595209d8, Org: 17674cf9-9aab-470b-98d9-b65820a3436e
2026-05-19T07:52:34.442Z [getAllProjects] Database and Model verified. Testing connection...
2026-05-19T07:52:34.444Z [getAllProjects] Connection Successful
2026-05-19T07:52:34.445Z [getAllProjects] Fetching all projects (no pagination)...
2026-05-19T07:52:34.459Z [getAllProjects] Found 1 projects. Computing progress...
2026-05-19T07:52:34.461Z [getAllProjects] Success. Returning response.
2026-05-19T07:52:34.615Z [getAllProjects] Start - User: 168ff0b0-b2a7-493e-91a3-59fa595209d8, Org: 17674cf9-9aab-470b-98d9-b65820a3436e
2026-05-19T07:52:34.616Z [getAllProjects] Database and Model verified. Testing connection...
2026-05-19T07:52:34.617Z [getAllProjects] Connection Successful
2026-05-19T07:52:34.618Z [getAllProjects] Fetching all projects (no pagination)...
2026-05-19T07:52:34.627Z [getAllProjects] Found 1 projects. Computing progress...
2026-05-19T07:52:34.628Z [getAllProjects] Success. Returning response.
2026-05-19T07:52:37.567Z [getAllProjects] Start - User: 168ff0b0-b2a7-493e-91a3-59fa595209d8, Org: 17674cf9-9aab-470b-98d9-b65820a3436e
2026-05-19T07:52:37.568Z [getAllProjects] Database and Model verified. Testing connection...
2026-05-19T07:52:37.570Z [getAllProjects] Connection Successful
2026-05-19T07:52:37.571Z [getAllProjects] Fetching all projects (no pagination)...
2026-05-19T07:52:37.584Z [getAllProjects] Found 1 projects. Computing progress...
2026-05-19T07:52:37.585Z [getAllProjects] Success. Returning response.
2026-05-19T07:53:25.951Z [getAllProjects] Start - User: 168ff0b0-b2a7-493e-91a3-59fa595209d8, Org: 17674cf9-9aab-470b-98d9-b65820a3436e
2026-05-19T07:53:25.954Z [getAllProjects] Database and Model verified. Testing connection...
2026-05-19T07:53:25.956Z [getAllProjects] Connection Successful
2026-05-19T07:53:25.957Z [getAllProjects] Fetching all projects (no pagination)...
2026-05-19T07:53:25.966Z [getAllProjects] Found 1 projects. Computing progress...
2026-05-19T07:53:25.967Z [getAllProjects] Success. Returning response.
2026-05-19T07:54:16.913Z [getAllProjects] Start - User: 168ff0b0-b2a7-493e-91a3-59fa595209d8, Org: 17674cf9-9aab-470b-98d9-b65820a3436e
2026-05-19T07:54:16.914Z [getAllProjects] Database and Model verified. Testing connection...
2026-05-19T07:54:16.916Z [getAllProjects] Connection Successful
2026-05-19T07:54:16.917Z [getAllProjects] Fetching all projects (no pagination)...
2026-05-19T07:54:16.925Z [getAllProjects] Found 1 projects. Computing progress...
2026-05-19T07:54:16.927Z [getAllProjects] Success. Returning response.
2026-05-19T07:54:33.424Z [getAllProjects] Start - User: 454265a3-1777-413b-a49f-8735ef6ffa2a, Org: 17674cf9-9aab-470b-98d9-b65820a3436e
2026-05-19T07:54:33.427Z [getAllProjects] Database and Model verified. Testing connection...
2026-05-19T07:54:33.429Z [getAllProjects] Connection Successful
2026-05-19T07:54:33.430Z [getAllProjects] Fetching all projects (no pagination)...
2026-05-19T07:54:33.441Z [getAllProjects] Found 7 projects. Computing progress...
2026-05-19T07:54:33.443Z [getAllProjects] Success. Returning response.
2026-05-19T07:54:33.494Z [getAllProjects] Start - User: 454265a3-1777-413b-a49f-8735ef6ffa2a, Org: 17674cf9-9aab-470b-98d9-b65820a3436e
2026-05-19T07:54:33.498Z [getAllProjects] Database and Model verified. Testing connection...
2026-05-19T07:54:33.500Z [getAllProjects] Connection Successful
2026-05-19T07:54:33.516Z [getAllProjects] Fetching all projects (no pagination)...
2026-05-19T07:54:33.544Z [getAllProjects] Found 7 projects. Computing progress...
2026-05-19T07:54:33.546Z [getAllProjects] Success. Returning response.
2026-05-19T07:54:37.224Z [getAllProjects] Start - User: 454265a3-1777-413b-a49f-8735ef6ffa2a, Org: 17674cf9-9aab-470b-98d9-b65820a3436e
2026-05-19T07:54:37.228Z [getAllProjects] Database and Model verified. Testing connection...
2026-05-19T07:54:37.230Z [getAllProjects] Connection Successful
2026-05-19T07:54:37.231Z [getAllProjects] Fetching all projects (no pagination)...
2026-05-19T07:54:37.245Z [getAllProjects] Found 7 projects. Computing progress...
2026-05-19T07:54:37.247Z [getAllProjects] Success. Returning response.
2026-05-19T07:58:56.016Z [getAllProjects] Start - User: 454265a3-1777-413b-a49f-8735ef6ffa2a, Org: 17674cf9-9aab-470b-98d9-b65820a3436e
2026-05-19T07:58:56.018Z [getAllProjects] Database and Model verified. Testing connection...
2026-05-19T07:58:56.019Z [getAllProjects] Connection Successful
2026-05-19T07:58:56.019Z [getAllProjects] Fetching all projects (no pagination)...
2026-05-19T07:58:56.028Z [getAllProjects] Found 7 projects. Computing progress...
2026-05-19T07:58:56.030Z [getAllProjects] Success. Returning response.
2026-05-19T08:05:10.540Z [getAllProjects] Start - User: 454265a3-1777-413b-a49f-8735ef6ffa2a, Org: 17674cf9-9aab-470b-98d9-b65820a3436e
2026-05-19T08:05:10.541Z [getAllProjects] Database and Model verified. Testing connection...
2026-05-19T08:05:10.545Z [getAllProjects] Connection Successful
2026-05-19T08:05:10.547Z [getAllProjects] Fetching all projects (no pagination)...
2026-05-19T08:05:10.566Z [getAllProjects] Found 7 projects. Computing progress...
2026-05-19T08:05:10.568Z [getAllProjects] Success. Returning response.
2026-05-19T08:05:16.174Z [getAllProjects] Start - User: 168ff0b0-b2a7-493e-91a3-59fa595209d8, Org: 17674cf9-9aab-470b-98d9-b65820a3436e
2026-05-19T08:05:16.177Z [getAllProjects] Database and Model verified. Testing connection...
2026-05-19T08:05:16.179Z [getAllProjects] Connection Successful
2026-05-19T08:05:16.180Z [getAllProjects] Fetching all projects (no pagination)...
2026-05-19T08:05:16.203Z [getAllProjects] Found 1 projects. Computing progress...
2026-05-19T08:05:16.205Z [getAllProjects] Success. Returning response.
2026-05-19T08:05:16.241Z [getAllProjects] Start - User: 168ff0b0-b2a7-493e-91a3-59fa595209d8, Org: 17674cf9-9aab-470b-98d9-b65820a3436e
2026-05-19T08:05:16.242Z [getAllProjects] Database and Model verified. Testing connection...
2026-05-19T08:05:16.244Z [getAllProjects] Connection Successful
2026-05-19T08:05:16.247Z [getAllProjects] Fetching all projects (no pagination)...
2026-05-19T08:05:16.256Z [getAllProjects] Found 1 projects. Computing progress...
2026-05-19T08:05:16.257Z [getAllProjects] Success. Returning response.
2026-05-19T08:05:24.066Z [getAllProjects] Start - User: 168ff0b0-b2a7-493e-91a3-59fa595209d8, Org: 17674cf9-9aab-470b-98d9-b65820a3436e
2026-05-19T08:05:24.070Z [getAllProjects] Database and Model verified. Testing connection...
2026-05-19T08:05:24.073Z [getAllProjects] Connection Successful
2026-05-19T08:05:24.075Z [getAllProjects] Fetching all projects (no pagination)...
2026-05-19T08:05:24.088Z [getAllProjects] Found 1 projects. Computing progress...
2026-05-19T08:05:24.089Z [getAllProjects] Success. Returning response.
2026-05-19T13:11:56.538Z [getAllProjects] Start - User: 168ff0b0-b2a7-493e-91a3-59fa595209d8, Org: 17674cf9-9aab-470b-98d9-b65820a3436e
2026-05-19T13:11:56.543Z [getAllProjects] Database and Model verified. Testing connection...
2026-05-19T13:11:56.545Z [getAllProjects] Connection Successful
2026-05-19T13:11:56.546Z [getAllProjects] Fetching all projects (no pagination)...
2026-05-19T13:11:56.579Z [getAllProjects] Found 1 projects. Computing progress...
2026-05-19T13:11:56.582Z [getAllProjects] Success. Returning response.
2026-05-19T13:12:16.685Z [getAllProjects] Start - User: 168ff0b0-b2a7-493e-91a3-59fa595209d8, Org: 17674cf9-9aab-470b-98d9-b65820a3436e
2026-05-19T13:12:16.687Z [getAllProjects] Database and Model verified. Testing connection...
2026-05-19T13:12:16.689Z [getAllProjects] Connection Successful
2026-05-19T13:12:16.690Z [getAllProjects] Fetching all projects (no pagination)...
2026-05-19T13:12:16.701Z [getAllProjects] Found 1 projects. Computing progress...
2026-05-19T13:12:16.703Z [getAllProjects] Success. Returning response.
2026-05-19T13:12:20.052Z [getAllProjects] Start - User: 168ff0b0-b2a7-493e-91a3-59fa595209d8, Org: 17674cf9-9aab-470b-98d9-b65820a3436e
2026-05-19T13:12:20.054Z [getAllProjects] Database and Model verified. Testing connection...
2026-05-19T13:12:20.055Z [getAllProjects] Connection Successful
2026-05-19T13:12:20.056Z [getAllProjects] Fetching all projects (no pagination)...
2026-05-19T13:12:20.065Z [getAllProjects] Found 1 projects. Computing progress...
2026-05-19T13:12:20.067Z [getAllProjects] Success. Returning response.
2026-05-19T13:13:44.274Z [getAllProjects] Start - User: 168ff0b0-b2a7-493e-91a3-59fa595209d8, Org: 17674cf9-9aab-470b-98d9-b65820a3436e
2026-05-19T13:13:44.276Z [getAllProjects] Database and Model verified. Testing connection...
2026-05-19T13:13:44.278Z [getAllProjects] Connection Successful
2026-05-19T13:13:44.279Z [getAllProjects] Fetching all projects (no pagination)...
2026-05-19T13:13:44.298Z [getAllProjects] Found 1 projects. Computing progress...
2026-05-19T13:13:44.300Z [getAllProjects] Success. Returning response.
2026-05-19T13:13:50.599Z [getAllProjects] Start - User: 454265a3-1777-413b-a49f-8735ef6ffa2a, Org: 17674cf9-9aab-470b-98d9-b65820a3436e
2026-05-19T13:13:50.601Z [getAllProjects] Database and Model verified. Testing connection...
2026-05-19T13:13:50.602Z [getAllProjects] Connection Successful
2026-05-19T13:13:50.603Z [getAllProjects] Fetching all projects (no pagination)...
2026-05-19T13:13:50.623Z [getAllProjects] Found 7 projects. Computing progress...
2026-05-19T13:13:50.626Z [getAllProjects] Success. Returning response.
2026-05-19T13:13:50.659Z [getAllProjects] Start - User: 454265a3-1777-413b-a49f-8735ef6ffa2a, Org: 17674cf9-9aab-470b-98d9-b65820a3436e
2026-05-19T13:13:50.662Z [getAllProjects] Database and Model verified. Testing connection...
2026-05-19T13:13:50.666Z [getAllProjects] Connection Successful
2026-05-19T13:13:50.668Z [getAllProjects] Fetching all projects (no pagination)...
2026-05-19T13:13:50.709Z [getAllProjects] Found 7 projects. Computing progress...
2026-05-19T13:13:50.713Z [getAllProjects] Success. Returning response.
2026-05-19T13:13:54.037Z [getAllProjects] Start - User: 454265a3-1777-413b-a49f-8735ef6ffa2a, Org: 17674cf9-9aab-470b-98d9-b65820a3436e
2026-05-19T13:13:54.038Z [getAllProjects] Database and Model verified. Testing connection...
2026-05-19T13:13:54.040Z [getAllProjects] Connection Successful
2026-05-19T13:13:54.041Z [getAllProjects] Fetching all projects (no pagination)...
2026-05-19T13:13:54.050Z [getAllProjects] Found 7 projects. Computing progress...
2026-05-19T13:13:54.051Z [getAllProjects] Success. Returning response.
2026-05-19T13:14:03.885Z [getAllProjects] Start - User: 454265a3-1777-413b-a49f-8735ef6ffa2a, Org: 17674cf9-9aab-470b-98d9-b65820a3436e
2026-05-19T13:14:03.886Z [getAllProjects] Database and Model verified. Testing connection...
2026-05-19T13:14:03.888Z [getAllProjects] Connection Successful
2026-05-19T13:14:03.889Z [getAllProjects] Fetching all projects (no pagination)...
2026-05-19T13:14:03.906Z [getAllProjects] Found 7 projects. Computing progress...
2026-05-19T13:14:03.908Z [getAllProjects] Success. Returning response.
2026-05-19T13:14:32.610Z [getAllProjects] Start - User: 454265a3-1777-413b-a49f-8735ef6ffa2a, Org: 17674cf9-9aab-470b-98d9-b65820a3436e
2026-05-19T13:14:32.612Z [getAllProjects] Database and Model verified. Testing connection...
2026-05-19T13:14:32.614Z [getAllProjects] Connection Successful
2026-05-19T13:14:32.616Z [getAllProjects] Fetching all projects (no pagination)...
2026-05-19T13:14:32.631Z [getAllProjects] Found 7 projects. Computing progress...
2026-05-19T13:14:32.633Z [getAllProjects] Success. Returning response.
2026-05-19T13:14:43.409Z [getAllProjects] Start - User: 168ff0b0-b2a7-493e-91a3-59fa595209d8, Org: 17674cf9-9aab-470b-98d9-b65820a3436e
2026-05-19T13:14:43.411Z [getAllProjects] Database and Model verified. Testing connection...
2026-05-19T13:14:43.412Z [getAllProjects] Connection Successful
2026-05-19T13:14:43.413Z [getAllProjects] Fetching all projects (no pagination)...
2026-05-19T13:14:43.427Z [getAllProjects] Found 1 projects. Computing progress...
2026-05-19T13:14:43.431Z [getAllProjects] Success. Returning response.
2026-05-19T13:14:43.467Z [getAllProjects] Start - User: 168ff0b0-b2a7-493e-91a3-59fa595209d8, Org: 17674cf9-9aab-470b-98d9-b65820a3436e
2026-05-19T13:14:43.469Z [getAllProjects] Database and Model verified. Testing connection...
2026-05-19T13:14:43.470Z [getAllProjects] Connection Successful
2026-05-19T13:14:43.471Z [getAllProjects] Fetching all projects (no pagination)...
2026-05-19T13:14:43.480Z [getAllProjects] Found 1 projects. Computing progress...
2026-05-19T13:14:43.482Z [getAllProjects] Success. Returning response.
2026-05-19T13:14:48.803Z [getAllProjects] Start - User: 168ff0b0-b2a7-493e-91a3-59fa595209d8, Org: 17674cf9-9aab-470b-98d9-b65820a3436e
2026-05-19T13:14:48.805Z [getAllProjects] Database and Model verified. Testing connection...
2026-05-19T13:14:48.806Z [getAllProjects] Connection Successful
2026-05-19T13:14:48.807Z [getAllProjects] Fetching all projects (no pagination)...
2026-05-19T13:14:48.816Z [getAllProjects] Found 1 projects. Computing progress...
2026-05-19T13:14:48.818Z [getAllProjects] Success. Returning response.
2026-05-20T05:52:08.579Z [getAllProjects] Start - User: 168ff0b0-b2a7-493e-91a3-59fa595209d8, Org: 17674cf9-9aab-470b-98d9-b65820a3436e
2026-05-20T05:52:08.585Z [getAllProjects] Database and Model verified. Testing connection...
2026-05-20T05:52:08.587Z [getAllProjects] Connection Successful
2026-05-20T05:52:08.589Z [getAllProjects] Fetching all projects (no pagination)...
2026-05-20T05:52:08.661Z [getAllProjects] Found 1 projects. Computing progress...
2026-05-20T05:52:08.663Z [getAllProjects] Success. Returning response.
2026-05-20T05:52:08.709Z [getAllProjects] Start - User: 168ff0b0-b2a7-493e-91a3-59fa595209d8, Org: 17674cf9-9aab-470b-98d9-b65820a3436e
2026-05-20T05:52:08.713Z [getAllProjects] Database and Model verified. Testing connection...
2026-05-20T05:52:08.714Z [getAllProjects] Connection Successful
2026-05-20T05:52:08.716Z [getAllProjects] Fetching all projects (no pagination)...
2026-05-20T05:52:08.748Z [getAllProjects] Found 1 projects. Computing progress...
2026-05-20T05:52:08.750Z [getAllProjects] Success. Returning response.
2026-05-20T05:56:17.625Z [getAllProjects] Start - User: 168ff0b0-b2a7-493e-91a3-59fa595209d8, Org: 17674cf9-9aab-470b-98d9-b65820a3436e
2026-05-20T05:56:17.627Z [getAllProjects] Database and Model verified. Testing connection...
2026-05-20T05:56:17.629Z [getAllProjects] Connection Successful
2026-05-20T05:56:17.630Z [getAllProjects] Fetching all projects (no pagination)...
2026-05-20T05:56:17.645Z [getAllProjects] Found 1 projects. Computing progress...
2026-05-20T05:56:17.646Z [getAllProjects] Success. Returning response.
2026-05-20T05:56:27.244Z [getAllProjects] Start - User: 454265a3-1777-413b-a49f-8735ef6ffa2a, Org: 17674cf9-9aab-470b-98d9-b65820a3436e
2026-05-20T05:56:27.246Z [getAllProjects] Database and Model verified. Testing connection...
2026-05-20T05:56:27.247Z [getAllProjects] Connection Successful
2026-05-20T05:56:27.249Z [getAllProjects] Fetching all projects (no pagination)...
2026-05-20T05:56:27.272Z [getAllProjects] Found 7 projects. Computing progress...
2026-05-20T05:56:27.275Z [getAllProjects] Success. Returning response.
2026-05-20T05:56:27.314Z [getAllProjects] Start - User: 454265a3-1777-413b-a49f-8735ef6ffa2a, Org: 17674cf9-9aab-470b-98d9-b65820a3436e
2026-05-20T05:56:27.316Z [getAllProjects] Database and Model verified. Testing connection...
2026-05-20T05:56:27.320Z [getAllProjects] Connection Successful
2026-05-20T05:56:27.321Z [getAllProjects] Fetching all projects (no pagination)...
2026-05-20T05:56:27.340Z [getAllProjects] Found 7 projects. Computing progress...
2026-05-20T05:56:27.346Z [getAllProjects] Success. Returning response.
2026-05-20T06:03:04.222Z [getAllProjects] Start - User: 454265a3-1777-413b-a49f-8735ef6ffa2a, Org: 17674cf9-9aab-470b-98d9-b65820a3436e
2026-05-20T06:03:04.226Z [getAllProjects] Database and Model verified. Testing connection...
2026-05-20T06:03:04.227Z [getAllProjects] Connection Successful
2026-05-20T06:03:04.229Z [getAllProjects] Fetching all projects (no pagination)...
2026-05-20T06:03:04.245Z [getAllProjects] Found 7 projects. Computing progress...
2026-05-20T06:03:04.247Z [getAllProjects] Success. Returning response.
2026-05-20T06:23:25.503Z [getAllProjects] Start - User: 454265a3-1777-413b-a49f-8735ef6ffa2a, Org: 17674cf9-9aab-470b-98d9-b65820a3436e
2026-05-20T06:23:25.507Z [getAllProjects] Database and Model verified. Testing connection...
2026-05-20T06:23:25.509Z [getAllProjects] Connection Successful
2026-05-20T06:23:25.510Z [getAllProjects] Fetching all projects (no pagination)...
2026-05-20T06:23:25.523Z [getAllProjects] Found 7 projects. Computing progress...
2026-05-20T06:23:25.524Z [getAllProjects] Success. Returning response.
2026-05-20T06:23:43.508Z [getAllProjects] Start - User: a6f2643a-6e8f-4bf2-bd33-6e86e4236c71, Org: 17674cf9-9aab-470b-98d9-b65820a3436e
2026-05-20T06:23:43.510Z [getAllProjects] Database and Model verified. Testing connection...
2026-05-20T06:23:43.512Z [getAllProjects] Connection Successful
2026-05-20T06:23:43.514Z [getAllProjects] Fetching all projects (no pagination)...
2026-05-20T06:23:43.575Z [getAllProjects] Found 12 projects. Computing progress...
2026-05-20T06:23:43.579Z [getAllProjects] Success. Returning response.
2026-05-20T06:23:43.654Z [getAllProjects] Start - User: a6f2643a-6e8f-4bf2-bd33-6e86e4236c71, Org: 17674cf9-9aab-470b-98d9-b65820a3436e
2026-05-20T06:23:43.668Z [getAllProjects] Database and Model verified. Testing connection...
2026-05-20T06:23:43.678Z [getAllProjects] Connection Successful
2026-05-20T06:23:43.681Z [getAllProjects] Fetching all projects (no pagination)...
2026-05-20T06:23:43.717Z [getAllProjects] Found 12 projects. Computing progress...
2026-05-20T06:23:43.721Z [getAllProjects] Success. Returning response.
2026-05-20T06:28:43.782Z [getAllProjects] Start - User: a6f2643a-6e8f-4bf2-bd33-6e86e4236c71, Org: 17674cf9-9aab-470b-98d9-b65820a3436e
2026-05-20T06:28:43.783Z [getAllProjects] Database and Model verified. Testing connection...
2026-05-20T06:28:43.784Z [getAllProjects] Connection Successful
2026-05-20T06:28:43.785Z [getAllProjects] Fetching all projects (no pagination)...
2026-05-20T06:28:43.844Z [getAllProjects] Found 12 projects. Computing progress...
2026-05-20T06:28:43.845Z [getAllProjects] Success. Returning response.
2026-05-20T06:47:36.066Z [getAllProjects] Start - User: a6f2643a-6e8f-4bf2-bd33-6e86e4236c71, Org: 17674cf9-9aab-470b-98d9-b65820a3436e
2026-05-20T06:47:36.073Z [getAllProjects] Database and Model verified. Testing connection...
2026-05-20T06:47:36.076Z [getAllProjects] Connection Successful
2026-05-20T06:47:36.082Z [getAllProjects] Fetching all projects (no pagination)...
2026-05-20T06:47:36.194Z [getAllProjects] Found 12 projects. Computing progress...
2026-05-20T06:47:36.195Z [getAllProjects] Success. Returning response.
2026-05-20T06:47:54.746Z [getAllProjects] Start - User: a6f2643a-6e8f-4bf2-bd33-6e86e4236c71, Org: 17674cf9-9aab-470b-98d9-b65820a3436e
2026-05-20T06:47:54.751Z [getAllProjects] Database and Model verified. Testing connection...
2026-05-20T06:47:54.754Z [getAllProjects] Connection Successful
2026-05-20T06:47:54.756Z [getAllProjects] Fetching all projects (no pagination)...
2026-05-20T06:47:54.788Z [getAllProjects] Found 12 projects. Computing progress...
2026-05-20T06:47:54.796Z [getAllProjects] Success. Returning response.
2026-05-20T06:47:54.901Z [getAllProjects] Start - User: a6f2643a-6e8f-4bf2-bd33-6e86e4236c71, Org: 17674cf9-9aab-470b-98d9-b65820a3436e
2026-05-20T06:47:54.921Z [getAllProjects] Database and Model verified. Testing connection...
2026-05-20T06:47:54.925Z [getAllProjects] Connection Successful
2026-05-20T06:47:54.947Z [getAllProjects] Fetching all projects (no pagination)...
2026-05-20T06:47:54.989Z [getAllProjects] Found 12 projects. Computing progress...
2026-05-20T06:47:54.993Z [getAllProjects] Success. Returning response.
2026-05-20T06:48:01.723Z [getAllProjects] Start - User: a6f2643a-6e8f-4bf2-bd33-6e86e4236c71, Org: 17674cf9-9aab-470b-98d9-b65820a3436e
2026-05-20T06:48:01.724Z [getAllProjects] Database and Model verified. Testing connection...
2026-05-20T06:48:01.726Z [getAllProjects] Connection Successful
2026-05-20T06:48:01.728Z [getAllProjects] Fetching all projects (no pagination)...
2026-05-20T06:48:01.754Z [getAllProjects] Found 12 projects. Computing progress...
2026-05-20T06:48:01.757Z [getAllProjects] Success. Returning response.
2026-05-20T06:54:35.463Z [getAllProjects] Start - User: a6f2643a-6e8f-4bf2-bd33-6e86e4236c71, Org: 17674cf9-9aab-470b-98d9-b65820a3436e
2026-05-20T06:54:35.466Z [getAllProjects] Database and Model verified. Testing connection...
2026-05-20T06:54:35.468Z [getAllProjects] Connection Successful
2026-05-20T06:54:35.469Z [getAllProjects] Fetching paginated projects (page: 1, limit: 10)...
2026-05-20T06:54:35.488Z [getAllProjects] Found 10 projects (Total: 12). Computing progress...
2026-05-20T06:54:35.491Z [getAllProjects] Success. Returning paginated response.
2026-05-20T06:54:41.249Z [getAllProjects] Start - User: a6f2643a-6e8f-4bf2-bd33-6e86e4236c71, Org: 17674cf9-9aab-470b-98d9-b65820a3436e
2026-05-20T06:54:41.251Z [getAllProjects] Database and Model verified. Testing connection...
2026-05-20T06:54:41.253Z [getAllProjects] Connection Successful
2026-05-20T06:54:41.256Z [getAllProjects] Fetching all projects (no pagination)...
2026-05-20T06:54:41.274Z [getAllProjects] Found 12 projects. Computing progress...
2026-05-20T06:54:41.275Z [getAllProjects] Success. Returning response.
2026-05-20T06:55:17.302Z [getAllProjects] Start - User: a6f2643a-6e8f-4bf2-bd33-6e86e4236c71, Org: 17674cf9-9aab-470b-98d9-b65820a3436e
2026-05-20T06:55:17.304Z [getAllProjects] Database and Model verified. Testing connection...
2026-05-20T06:55:17.306Z [getAllProjects] Connection Successful
2026-05-20T06:55:17.307Z [getAllProjects] Fetching all projects (no pagination)...
2026-05-20T06:55:17.320Z [getAllProjects] Found 12 projects. Computing progress...
2026-05-20T06:55:17.323Z [getAllProjects] Success. Returning response.
2026-05-20T06:55:27.728Z [getAllProjects] Start - User: 168ff0b0-b2a7-493e-91a3-59fa595209d8, Org: 17674cf9-9aab-470b-98d9-b65820a3436e
2026-05-20T06:55:27.733Z [getAllProjects] Database and Model verified. Testing connection...
2026-05-20T06:55:27.736Z [getAllProjects] Connection Successful
2026-05-20T06:55:27.738Z [getAllProjects] Fetching all projects (no pagination)...
2026-05-20T06:55:27.755Z [getAllProjects] Found 1 projects. Computing progress...
2026-05-20T06:55:27.757Z [getAllProjects] Success. Returning response.
2026-05-20T06:55:27.795Z [getAllProjects] Start - User: 168ff0b0-b2a7-493e-91a3-59fa595209d8, Org: 17674cf9-9aab-470b-98d9-b65820a3436e
2026-05-20T06:55:27.799Z [getAllProjects] Database and Model verified. Testing connection...
2026-05-20T06:55:27.801Z [getAllProjects] Connection Successful
2026-05-20T06:55:27.804Z [getAllProjects] Fetching all projects (no pagination)...
2026-05-20T06:55:27.825Z [getAllProjects] Found 1 projects. Computing progress...
2026-05-20T06:55:27.827Z [getAllProjects] Success. Returning response.
2026-05-20T06:55:32.546Z [getAllProjects] Start - User: 168ff0b0-b2a7-493e-91a3-59fa595209d8, Org: 17674cf9-9aab-470b-98d9-b65820a3436e
2026-05-20T06:55:32.549Z [getAllProjects] Database and Model verified. Testing connection...
2026-05-20T06:55:32.551Z [getAllProjects] Connection Successful
2026-05-20T06:55:32.552Z [getAllProjects] Fetching all projects (no pagination)...
2026-05-20T06:55:32.571Z [getAllProjects] Found 1 projects. Computing progress...
2026-05-20T06:55:32.573Z [getAllProjects] Success. Returning response.
2026-05-20T06:55:49.980Z [getAllProjects] Start - User: 168ff0b0-b2a7-493e-91a3-59fa595209d8, Org: 17674cf9-9aab-470b-98d9-b65820a3436e
2026-05-20T06:55:49.983Z [getAllProjects] Database and Model verified. Testing connection...
2026-05-20T06:55:49.985Z [getAllProjects] Connection Successful
2026-05-20T06:55:49.987Z [getAllProjects] Fetching all projects (no pagination)...
2026-05-20T06:55:49.995Z [getAllProjects] Found 1 projects. Computing progress...
2026-05-20T06:55:49.998Z [getAllProjects] Success. Returning response.
2026-05-20T06:56:05.173Z [getAllProjects] Start - User: 168ff0b0-b2a7-493e-91a3-59fa595209d8, Org: 17674cf9-9aab-470b-98d9-b65820a3436e
2026-05-20T06:56:05.174Z [getAllProjects] Database and Model verified. Testing connection...
2026-05-20T06:56:05.176Z [getAllProjects] Connection Successful
2026-05-20T06:56:05.177Z [getAllProjects] Fetching all projects (no pagination)...
2026-05-20T06:56:05.185Z [getAllProjects] Found 1 projects. Computing progress...
2026-05-20T06:56:05.188Z [getAllProjects] Success. Returning response.
2026-05-20T06:56:20.225Z [getAllProjects] Start - User: 168ff0b0-b2a7-493e-91a3-59fa595209d8, Org: 17674cf9-9aab-470b-98d9-b65820a3436e
2026-05-20T06:56:20.226Z [getAllProjects] Database and Model verified. Testing connection...
2026-05-20T06:56:20.229Z [getAllProjects] Connection Successful
2026-05-20T06:56:20.231Z [getAllProjects] Fetching all projects (no pagination)...
2026-05-20T06:56:20.247Z [getAllProjects] Found 1 projects. Computing progress...
2026-05-20T06:56:20.250Z [getAllProjects] Success. Returning response.
2026-05-20T06:56:34.242Z [getAllProjects] Start - User: 168ff0b0-b2a7-493e-91a3-59fa595209d8, Org: 17674cf9-9aab-470b-98d9-b65820a3436e
2026-05-20T06:56:34.244Z [getAllProjects] Database and Model verified. Testing connection...
2026-05-20T06:56:34.246Z [getAllProjects] Connection Successful
2026-05-20T06:56:34.247Z [getAllProjects] Fetching all projects (no pagination)...
2026-05-20T06:56:34.261Z [getAllProjects] Found 1 projects. Computing progress...
2026-05-20T06:56:34.263Z [getAllProjects] Success. Returning response.
2026-05-20T06:56:34.305Z [getAllProjects] Start - User: 168ff0b0-b2a7-493e-91a3-59fa595209d8, Org: 17674cf9-9aab-470b-98d9-b65820a3436e
2026-05-20T06:56:34.306Z [getAllProjects] Database and Model verified. Testing connection...
2026-05-20T06:56:34.307Z [getAllProjects] Connection Successful
2026-05-20T06:56:34.308Z [getAllProjects] Fetching all projects (no pagination)...
2026-05-20T06:56:34.325Z [getAllProjects] Found 1 projects. Computing progress...
2026-05-20T06:56:34.326Z [getAllProjects] Success. Returning response.
2026-05-20T06:56:37.768Z [getAllProjects] Start - User: 168ff0b0-b2a7-493e-91a3-59fa595209d8, Org: 17674cf9-9aab-470b-98d9-b65820a3436e
2026-05-20T06:56:37.770Z [getAllProjects] Database and Model verified. Testing connection...
2026-05-20T06:56:37.771Z [getAllProjects] Connection Successful
2026-05-20T06:56:37.773Z [getAllProjects] Fetching all projects (no pagination)...
2026-05-20T06:56:37.784Z [getAllProjects] Found 1 projects. Computing progress...
2026-05-20T06:56:37.786Z [getAllProjects] Success. Returning response.
2026-05-20T06:56:43.192Z [getAllProjects] Start - User: 168ff0b0-b2a7-493e-91a3-59fa595209d8, Org: 17674cf9-9aab-470b-98d9-b65820a3436e
2026-05-20T06:56:43.193Z [getAllProjects] Database and Model verified. Testing connection...
2026-05-20T06:56:43.194Z [getAllProjects] Connection Successful
2026-05-20T06:56:43.195Z [getAllProjects] Fetching all projects (no pagination)...
2026-05-20T06:56:43.204Z [getAllProjects] Found 1 projects. Computing progress...
2026-05-20T06:56:43.206Z [getAllProjects] Success. Returning response.
2026-05-20T06:57:06.817Z [getAllProjects] Start - User: 168ff0b0-b2a7-493e-91a3-59fa595209d8, Org: 17674cf9-9aab-470b-98d9-b65820a3436e
2026-05-20T06:57:06.821Z [getAllProjects] Database and Model verified. Testing connection...
2026-05-20T06:57:06.823Z [getAllProjects] Connection Successful
2026-05-20T06:57:06.824Z [getAllProjects] Fetching all projects (no pagination)...
2026-05-20T06:57:06.835Z [getAllProjects] Found 1 projects. Computing progress...
2026-05-20T06:57:06.837Z [getAllProjects] Success. Returning response.
2026-05-20T06:57:10.501Z [getAllProjects] Start - User: 168ff0b0-b2a7-493e-91a3-59fa595209d8, Org: 17674cf9-9aab-470b-98d9-b65820a3436e
2026-05-20T06:57:10.503Z [getAllProjects] Database and Model verified. Testing connection...
2026-05-20T06:57:10.504Z [getAllProjects] Connection Successful
2026-05-20T06:57:10.506Z [getAllProjects] Fetching paginated projects (page: 1, limit: 10)...
2026-05-20T06:57:10.513Z [getAllProjects] Found 1 projects (Total: 1). Computing progress...
2026-05-20T06:57:10.514Z [getAllProjects] Success. Returning paginated response.
2026-05-20T06:57:11.808Z [getAllProjects] Start - User: 168ff0b0-b2a7-493e-91a3-59fa595209d8, Org: 17674cf9-9aab-470b-98d9-b65820a3436e
2026-05-20T06:57:11.810Z [getAllProjects] Database and Model verified. Testing connection...
2026-05-20T06:57:11.811Z [getAllProjects] Connection Successful
2026-05-20T06:57:11.812Z [getAllProjects] Fetching all projects (no pagination)...
2026-05-20T06:57:11.821Z [getAllProjects] Found 1 projects. Computing progress...
2026-05-20T06:57:11.823Z [getAllProjects] Success. Returning response.
2026-05-20T06:57:52.962Z [getAllProjects] Start - User: 168ff0b0-b2a7-493e-91a3-59fa595209d8, Org: 17674cf9-9aab-470b-98d9-b65820a3436e
2026-05-20T06:57:52.964Z [getAllProjects] Database and Model verified. Testing connection...
2026-05-20T06:57:52.966Z [getAllProjects] Connection Successful
2026-05-20T06:57:52.970Z [getAllProjects] Fetching all projects (no pagination)...
2026-05-20T06:57:52.986Z [getAllProjects] Found 1 projects. Computing progress...
2026-05-20T06:57:52.989Z [getAllProjects] Success. Returning response.
2026-05-20T06:58:00.403Z [getAllProjects] Start - User: a6f2643a-6e8f-4bf2-bd33-6e86e4236c71, Org: 17674cf9-9aab-470b-98d9-b65820a3436e
2026-05-20T06:58:00.406Z [getAllProjects] Database and Model verified. Testing connection...
2026-05-20T06:58:00.408Z [getAllProjects] Connection Successful
2026-05-20T06:58:00.410Z [getAllProjects] Fetching all projects (no pagination)...
2026-05-20T06:58:00.423Z [getAllProjects] Found 12 projects. Computing progress...
2026-05-20T06:58:00.425Z [getAllProjects] Success. Returning response.
2026-05-20T06:58:00.696Z [getAllProjects] Start - User: a6f2643a-6e8f-4bf2-bd33-6e86e4236c71, Org: 17674cf9-9aab-470b-98d9-b65820a3436e
2026-05-20T06:58:00.698Z [getAllProjects] Database and Model verified. Testing connection...
2026-05-20T06:58:00.704Z [getAllProjects] Connection Successful
2026-05-20T06:58:00.706Z [getAllProjects] Fetching all projects (no pagination)...
2026-05-20T06:58:00.732Z [getAllProjects] Found 12 projects. Computing progress...
2026-05-20T06:58:00.733Z [getAllProjects] Success. Returning response.
2026-05-20T06:58:02.526Z [getAllProjects] Start - User: a6f2643a-6e8f-4bf2-bd33-6e86e4236c71, Org: 17674cf9-9aab-470b-98d9-b65820a3436e
2026-05-20T06:58:02.528Z [getAllProjects] Database and Model verified. Testing connection...
2026-05-20T06:58:02.529Z [getAllProjects] Connection Successful
2026-05-20T06:58:02.530Z [getAllProjects] Fetching all projects (no pagination)...
2026-05-20T06:58:02.554Z [getAllProjects] Found 12 projects. Computing progress...
2026-05-20T06:58:02.557Z [getAllProjects] Success. Returning response.
2026-05-20T06:58:53.411Z [getAllProjects] Start - User: a6f2643a-6e8f-4bf2-bd33-6e86e4236c71, Org: 17674cf9-9aab-470b-98d9-b65820a3436e
2026-05-20T06:58:53.413Z [getAllProjects] Database and Model verified. Testing connection...
2026-05-20T06:58:53.414Z [getAllProjects] Connection Successful
2026-05-20T06:58:53.417Z [getAllProjects] Fetching all projects (no pagination)...
2026-05-20T06:58:53.436Z [getAllProjects] Found 12 projects. Computing progress...
2026-05-20T06:58:53.441Z [getAllProjects] Success. Returning response.
2026-05-20T06:59:07.564Z [getAllProjects] Start - User: 168ff0b0-b2a7-493e-91a3-59fa595209d8, Org: 17674cf9-9aab-470b-98d9-b65820a3436e
2026-05-20T06:59:07.566Z [getAllProjects] Database and Model verified. Testing connection...
2026-05-20T06:59:07.568Z [getAllProjects] Connection Successful
2026-05-20T06:59:07.571Z [getAllProjects] Fetching all projects (no pagination)...
2026-05-20T06:59:07.582Z [getAllProjects] Found 1 projects. Computing progress...
2026-05-20T06:59:07.583Z [getAllProjects] Success. Returning response.
2026-05-20T06:59:07.634Z [getAllProjects] Start - User: 168ff0b0-b2a7-493e-91a3-59fa595209d8, Org: 17674cf9-9aab-470b-98d9-b65820a3436e
2026-05-20T06:59:07.637Z [getAllProjects] Database and Model verified. Testing connection...
2026-05-20T06:59:07.639Z [getAllProjects] Connection Successful
2026-05-20T06:59:07.642Z [getAllProjects] Fetching all projects (no pagination)...
2026-05-20T06:59:07.658Z [getAllProjects] Found 1 projects. Computing progress...
2026-05-20T06:59:07.661Z [getAllProjects] Success. Returning response.
2026-05-20T06:59:15.738Z [getAllProjects] Start - User: 168ff0b0-b2a7-493e-91a3-59fa595209d8, Org: 17674cf9-9aab-470b-98d9-b65820a3436e
2026-05-20T06:59:15.740Z [getAllProjects] Database and Model verified. Testing connection...
2026-05-20T06:59:15.742Z [getAllProjects] Connection Successful
2026-05-20T06:59:15.743Z [getAllProjects] Fetching all projects (no pagination)...
2026-05-20T06:59:15.759Z [getAllProjects] Found 1 projects. Computing progress...
2026-05-20T06:59:15.761Z [getAllProjects] Success. Returning response.
2026-05-20T06:59:21.709Z [getAllProjects] Start - User: 168ff0b0-b2a7-493e-91a3-59fa595209d8, Org: 17674cf9-9aab-470b-98d9-b65820a3436e
2026-05-20T06:59:21.711Z [getAllProjects] Database and Model verified. Testing connection...
2026-05-20T06:59:21.712Z [getAllProjects] Connection Successful
2026-05-20T06:59:21.713Z [getAllProjects] Fetching all projects (no pagination)...
2026-05-20T06:59:21.724Z [getAllProjects] Found 1 projects. Computing progress...
2026-05-20T06:59:21.726Z [getAllProjects] Success. Returning response.
2026-05-20T07:00:16.224Z [getAllProjects] Start - User: 168ff0b0-b2a7-493e-91a3-59fa595209d8, Org: 17674cf9-9aab-470b-98d9-b65820a3436e
2026-05-20T07:00:16.228Z [getAllProjects] Database and Model verified. Testing connection...
2026-05-20T07:00:16.230Z [getAllProjects] Connection Successful
2026-05-20T07:00:16.232Z [getAllProjects] Fetching all projects (no pagination)...
2026-05-20T07:00:16.243Z [getAllProjects] Found 1 projects. Computing progress...
2026-05-20T07:00:16.246Z [getAllProjects] Success. Returning response.
2026-05-20T07:00:22.702Z [getAllProjects] Start - User: 168ff0b0-b2a7-493e-91a3-59fa595209d8, Org: 17674cf9-9aab-470b-98d9-b65820a3436e
2026-05-20T07:00:22.708Z [getAllProjects] Database and Model verified. Testing connection...
2026-05-20T07:00:22.713Z [getAllProjects] Connection Successful
2026-05-20T07:00:22.717Z [getAllProjects] Fetching all projects (no pagination)...
2026-05-20T07:00:22.733Z [getAllProjects] Found 1 projects. Computing progress...
2026-05-20T07:00:22.735Z [getAllProjects] Success. Returning response.
2026-05-20T07:00:28.939Z [getAllProjects] Start - User: 168ff0b0-b2a7-493e-91a3-59fa595209d8, Org: 17674cf9-9aab-470b-98d9-b65820a3436e
2026-05-20T07:00:28.942Z [getAllProjects] Database and Model verified. Testing connection...
2026-05-20T07:00:28.943Z [getAllProjects] Connection Successful
2026-05-20T07:00:28.944Z [getAllProjects] Fetching all projects (no pagination)...
2026-05-20T07:00:28.955Z [getAllProjects] Found 1 projects. Computing progress...
2026-05-20T07:00:28.957Z [getAllProjects] Success. Returning response.
2026-05-20T07:00:31.266Z [getAllProjects] Start - User: 168ff0b0-b2a7-493e-91a3-59fa595209d8, Org: 17674cf9-9aab-470b-98d9-b65820a3436e
2026-05-20T07:00:31.268Z [getAllProjects] Database and Model verified. Testing connection...
2026-05-20T07:00:31.269Z [getAllProjects] Connection Successful
2026-05-20T07:00:31.270Z [getAllProjects] Fetching all projects (no pagination)...
2026-05-20T07:00:31.293Z [getAllProjects] Found 1 projects. Computing progress...
2026-05-20T07:00:31.298Z [getAllProjects] Success. Returning response.
2026-05-20T07:03:40.421Z [getAllProjects] Start - User: 168ff0b0-b2a7-493e-91a3-59fa595209d8, Org: 17674cf9-9aab-470b-98d9-b65820a3436e
2026-05-20T07:03:40.425Z [getAllProjects] Database and Model verified. Testing connection...
2026-05-20T07:03:40.426Z [getAllProjects] Connection Successful
2026-05-20T07:03:40.428Z [getAllProjects] Fetching all projects (no pagination)...
2026-05-20T07:03:40.523Z [getAllProjects] Found 1 projects. Computing progress...
2026-05-20T07:03:40.524Z [getAllProjects] Success. Returning response.
2026-05-20T07:03:45.408Z [getAllProjects] Start - User: 168ff0b0-b2a7-493e-91a3-59fa595209d8, Org: 17674cf9-9aab-470b-98d9-b65820a3436e
2026-05-20T07:03:45.412Z [getAllProjects] Database and Model verified. Testing connection...
2026-05-20T07:03:45.414Z [getAllProjects] Connection Successful
2026-05-20T07:03:45.415Z [getAllProjects] Fetching all projects (no pagination)...
2026-05-20T07:03:45.430Z [getAllProjects] Found 1 projects. Computing progress...
2026-05-20T07:03:45.432Z [getAllProjects] Success. Returning response.
2026-05-20T07:03:49.100Z [getAllProjects] Start - User: 168ff0b0-b2a7-493e-91a3-59fa595209d8, Org: 17674cf9-9aab-470b-98d9-b65820a3436e
2026-05-20T07:03:49.103Z [getAllProjects] Database and Model verified. Testing connection...
2026-05-20T07:03:49.105Z [getAllProjects] Connection Successful
2026-05-20T07:03:49.107Z [getAllProjects] Fetching all projects (no pagination)...
2026-05-20T07:03:49.134Z [getAllProjects] Found 1 projects. Computing progress...
2026-05-20T07:03:49.137Z [getAllProjects] Success. Returning response.
2026-05-20T07:03:51.055Z [getAllProjects] Start - User: 168ff0b0-b2a7-493e-91a3-59fa595209d8, Org: 17674cf9-9aab-470b-98d9-b65820a3436e
2026-05-20T07:03:51.057Z [getAllProjects] Database and Model verified. Testing connection...
2026-05-20T07:03:51.058Z [getAllProjects] Connection Successful
2026-05-20T07:03:51.059Z [getAllProjects] Fetching all projects (no pagination)...
2026-05-20T07:03:51.074Z [getAllProjects] Found 1 projects. Computing progress...
2026-05-20T07:03:51.076Z [getAllProjects] Success. Returning response.
2026-05-20T07:03:56.650Z [getAllProjects] Start - User: 168ff0b0-b2a7-493e-91a3-59fa595209d8, Org: 17674cf9-9aab-470b-98d9-b65820a3436e
2026-05-20T07:03:56.652Z [getAllProjects] Database and Model verified. Testing connection...
2026-05-20T07:03:56.653Z [getAllProjects] Connection Successful
2026-05-20T07:03:56.654Z [getAllProjects] Fetching all projects (no pagination)...
2026-05-20T07:03:56.659Z [getAllProjects] Found 1 projects. Computing progress...
2026-05-20T07:03:56.661Z [getAllProjects] Success. Returning response.
2026-05-20T07:09:58.937Z [getAllProjects] Start - User: 168ff0b0-b2a7-493e-91a3-59fa595209d8, Org: 17674cf9-9aab-470b-98d9-b65820a3436e
2026-05-20T07:09:58.938Z [getAllProjects] Database and Model verified. Testing connection...
2026-05-20T07:09:58.939Z [getAllProjects] Connection Successful
2026-05-20T07:09:58.941Z [getAllProjects] Fetching all projects (no pagination)...
2026-05-20T07:09:58.958Z [getAllProjects] Found 1 projects. Computing progress...
2026-05-20T07:09:58.960Z [getAllProjects] Success. Returning response.
2026-05-20T07:10:24.370Z [getAllProjects] Start - User: 168ff0b0-b2a7-493e-91a3-59fa595209d8, Org: 17674cf9-9aab-470b-98d9-b65820a3436e
2026-05-20T07:10:24.372Z [getAllProjects] Database and Model verified. Testing connection...
2026-05-20T07:10:24.375Z [getAllProjects] Connection Successful
2026-05-20T07:10:24.378Z [getAllProjects] Fetching all projects (no pagination)...
2026-05-20T07:10:24.401Z [getAllProjects] Found 1 projects. Computing progress...
2026-05-20T07:10:24.403Z [getAllProjects] Success. Returning response.
2026-05-20T07:10:27.905Z [getAllProjects] Start - User: 168ff0b0-b2a7-493e-91a3-59fa595209d8, Org: 17674cf9-9aab-470b-98d9-b65820a3436e
2026-05-20T07:10:27.907Z [getAllProjects] Database and Model verified. Testing connection...
2026-05-20T07:10:27.909Z [getAllProjects] Connection Successful
2026-05-20T07:10:27.910Z [getAllProjects] Fetching all projects (no pagination)...
2026-05-20T07:10:27.919Z [getAllProjects] Found 1 projects. Computing progress...
2026-05-20T07:10:27.921Z [getAllProjects] Success. Returning response.
2026-05-20T07:18:56.789Z [getAllProjects] Start - User: 168ff0b0-b2a7-493e-91a3-59fa595209d8, Org: 17674cf9-9aab-470b-98d9-b65820a3436e
2026-05-20T07:18:56.791Z [getAllProjects] Database and Model verified. Testing connection...
2026-05-20T07:18:56.792Z [getAllProjects] Connection Successful
2026-05-20T07:18:56.794Z [getAllProjects] Fetching all projects (no pagination)...
2026-05-20T07:18:56.955Z [getAllProjects] Found 1 projects. Computing progress...
2026-05-20T07:18:56.957Z [getAllProjects] Success. Returning response.
2026-05-20T07:18:58.077Z [getAllProjects] Start - User: 168ff0b0-b2a7-493e-91a3-59fa595209d8, Org: 17674cf9-9aab-470b-98d9-b65820a3436e
2026-05-20T07:18:58.079Z [getAllProjects] Database and Model verified. Testing connection...
2026-05-20T07:18:58.081Z [getAllProjects] Connection Successful
2026-05-20T07:18:58.082Z [getAllProjects] Fetching paginated projects (page: 1, limit: 10)...
2026-05-20T07:18:58.092Z [getAllProjects] Found 1 projects (Total: 1). Computing progress...
2026-05-20T07:18:58.094Z [getAllProjects] Success. Returning paginated response.
2026-05-20T07:19:10.648Z [getAllProjects] Start - User: 168ff0b0-b2a7-493e-91a3-59fa595209d8, Org: 17674cf9-9aab-470b-98d9-b65820a3436e
2026-05-20T07:19:10.649Z [getAllProjects] Database and Model verified. Testing connection...
2026-05-20T07:19:10.650Z [getAllProjects] Connection Successful
2026-05-20T07:19:10.651Z [getAllProjects] Fetching all projects (no pagination)...
2026-05-20T07:19:10.663Z [getAllProjects] Found 1 projects. Computing progress...
2026-05-20T07:19:10.664Z [getAllProjects] Success. Returning response.
2026-05-20T07:19:17.505Z [getAllProjects] Start - User: a6f2643a-6e8f-4bf2-bd33-6e86e4236c71, Org: 17674cf9-9aab-470b-98d9-b65820a3436e
2026-05-20T07:19:17.507Z [getAllProjects] Database and Model verified. Testing connection...
2026-05-20T07:19:17.510Z [getAllProjects] Connection Successful
2026-05-20T07:19:17.512Z [getAllProjects] Fetching all projects (no pagination)...
2026-05-20T07:19:17.525Z [getAllProjects] Found 12 projects. Computing progress...
2026-05-20T07:19:17.527Z [getAllProjects] Success. Returning response.
2026-05-20T07:19:17.555Z [getAllProjects] Start - User: a6f2643a-6e8f-4bf2-bd33-6e86e4236c71, Org: 17674cf9-9aab-470b-98d9-b65820a3436e
2026-05-20T07:19:17.558Z [getAllProjects] Database and Model verified. Testing connection...
2026-05-20T07:19:17.560Z [getAllProjects] Connection Successful
2026-05-20T07:19:17.562Z [getAllProjects] Fetching all projects (no pagination)...
2026-05-20T07:19:17.573Z [getAllProjects] Found 12 projects. Computing progress...
2026-05-20T07:19:17.575Z [getAllProjects] Success. Returning response.
2026-05-20T07:29:06.058Z [getAllProjects] Start - User: a6f2643a-6e8f-4bf2-bd33-6e86e4236c71, Org: 17674cf9-9aab-470b-98d9-b65820a3436e
2026-05-20T07:29:06.060Z [getAllProjects] Database and Model verified. Testing connection...
2026-05-20T07:29:06.061Z [getAllProjects] Connection Successful
2026-05-20T07:29:06.062Z [getAllProjects] Fetching all projects (no pagination)...
2026-05-20T07:29:06.079Z [getAllProjects] Found 12 projects. Computing progress...
2026-05-20T07:29:06.080Z [getAllProjects] Success. Returning response.
2026-05-20T07:29:16.633Z [getAllProjects] Start - User: a6f2643a-6e8f-4bf2-bd33-6e86e4236c71, Org: 17674cf9-9aab-470b-98d9-b65820a3436e
2026-05-20T07:29:16.635Z [getAllProjects] Database and Model verified. Testing connection...
2026-05-20T07:29:16.637Z [getAllProjects] Connection Successful
2026-05-20T07:29:16.638Z [getAllProjects] Fetching all projects (no pagination)...
2026-05-20T07:29:16.650Z [getAllProjects] Found 12 projects. Computing progress...
2026-05-20T07:29:16.651Z [getAllProjects] Success. Returning response.
2026-05-20T07:29:16.766Z [getAllProjects] Start - User: a6f2643a-6e8f-4bf2-bd33-6e86e4236c71, Org: 17674cf9-9aab-470b-98d9-b65820a3436e
2026-05-20T07:29:16.778Z [getAllProjects] Database and Model verified. Testing connection...
2026-05-20T07:29:16.781Z [getAllProjects] Connection Successful
2026-05-20T07:29:16.785Z [getAllProjects] Fetching all projects (no pagination)...
2026-05-20T07:29:16.815Z [getAllProjects] Found 12 projects. Computing progress...
2026-05-20T07:29:16.816Z [getAllProjects] Success. Returning response.
2026-05-20T07:29:18.683Z [getAllProjects] Start - User: a6f2643a-6e8f-4bf2-bd33-6e86e4236c71, Org: 17674cf9-9aab-470b-98d9-b65820a3436e
2026-05-20T07:29:18.685Z [getAllProjects] Database and Model verified. Testing connection...
2026-05-20T07:29:18.686Z [getAllProjects] Connection Successful
2026-05-20T07:29:18.686Z [getAllProjects] Fetching all projects (no pagination)...
2026-05-20T07:29:18.701Z [getAllProjects] Found 12 projects. Computing progress...
2026-05-20T07:29:18.702Z [getAllProjects] Success. Returning response.
2026-05-20T07:29:20.045Z [getAllProjects] Start - User: a6f2643a-6e8f-4bf2-bd33-6e86e4236c71, Org: 17674cf9-9aab-470b-98d9-b65820a3436e
2026-05-20T07:29:20.047Z [getAllProjects] Database and Model verified. Testing connection...
2026-05-20T07:29:20.048Z [getAllProjects] Connection Successful
2026-05-20T07:29:20.049Z [getAllProjects] Fetching all projects (no pagination)...
2026-05-20T07:29:20.057Z [getAllProjects] Found 12 projects. Computing progress...
2026-05-20T07:29:20.058Z [getAllProjects] Success. Returning response.
2026-05-20T07:29:35.572Z [getAllProjects] Start - User: a6f2643a-6e8f-4bf2-bd33-6e86e4236c71, Org: 17674cf9-9aab-470b-98d9-b65820a3436e
2026-05-20T07:29:35.574Z [getAllProjects] Database and Model verified. Testing connection...
2026-05-20T07:29:35.575Z [getAllProjects] Connection Successful
2026-05-20T07:29:35.576Z [getAllProjects] Fetching all projects (no pagination)...
2026-05-20T07:29:35.593Z [getAllProjects] Found 12 projects. Computing progress...
2026-05-20T07:29:35.595Z [getAllProjects] Success. Returning response.
2026-05-20T07:29:42.946Z [getAllProjects] Start - User: 454265a3-1777-413b-a49f-8735ef6ffa2a, Org: 17674cf9-9aab-470b-98d9-b65820a3436e
2026-05-20T07:29:42.949Z [getAllProjects] Database and Model verified. Testing connection...
2026-05-20T07:29:42.950Z [getAllProjects] Connection Successful
2026-05-20T07:29:42.951Z [getAllProjects] Fetching all projects (no pagination)...
2026-05-20T07:29:42.962Z [getAllProjects] Found 7 projects. Computing progress...
2026-05-20T07:29:42.964Z [getAllProjects] Success. Returning response.
2026-05-20T07:29:42.999Z [getAllProjects] Start - User: 454265a3-1777-413b-a49f-8735ef6ffa2a, Org: 17674cf9-9aab-470b-98d9-b65820a3436e
2026-05-20T07:29:43.001Z [getAllProjects] Database and Model verified. Testing connection...
2026-05-20T07:29:43.002Z [getAllProjects] Connection Successful
2026-05-20T07:29:43.003Z [getAllProjects] Fetching all projects (no pagination)...
2026-05-20T07:29:43.019Z [getAllProjects] Found 7 projects. Computing progress...
2026-05-20T07:29:43.021Z [getAllProjects] Success. Returning response.
2026-05-20T07:29:47.728Z [getAllProjects] Start - User: 454265a3-1777-413b-a49f-8735ef6ffa2a, Org: 17674cf9-9aab-470b-98d9-b65820a3436e
2026-05-20T07:29:47.729Z [getAllProjects] Database and Model verified. Testing connection...
2026-05-20T07:29:47.730Z [getAllProjects] Connection Successful
2026-05-20T07:29:47.731Z [getAllProjects] Fetching all projects (no pagination)...
2026-05-20T07:29:47.742Z [getAllProjects] Found 7 projects. Computing progress...
2026-05-20T07:29:47.743Z [getAllProjects] Success. Returning response.
2026-05-20T07:41:35.789Z [getAllProjects] Start - User: 454265a3-1777-413b-a49f-8735ef6ffa2a, Org: 17674cf9-9aab-470b-98d9-b65820a3436e
2026-05-20T07:41:35.792Z [getAllProjects] Database and Model verified. Testing connection...
2026-05-20T07:41:35.793Z [getAllProjects] Connection Successful
2026-05-20T07:41:35.794Z [getAllProjects] Fetching all projects (no pagination)...
2026-05-20T07:41:35.805Z [getAllProjects] Found 7 projects. Computing progress...
2026-05-20T07:41:35.807Z [getAllProjects] Success. Returning response.
2026-05-20T07:42:32.453Z [getAllProjects] Start - User: 454265a3-1777-413b-a49f-8735ef6ffa2a, Org: 17674cf9-9aab-470b-98d9-b65820a3436e
2026-05-20T07:42:32.455Z [getAllProjects] Database and Model verified. Testing connection...
2026-05-20T07:42:32.456Z [getAllProjects] Connection Successful
2026-05-20T07:42:32.458Z [getAllProjects] Fetching all projects (no pagination)...
2026-05-20T07:42:32.466Z [getAllProjects] Found 7 projects. Computing progress...
2026-05-20T07:42:32.468Z [getAllProjects] Success. Returning response.
2026-05-20T07:42:35.050Z [getAllProjects] Start - User: 454265a3-1777-413b-a49f-8735ef6ffa2a, Org: 17674cf9-9aab-470b-98d9-b65820a3436e
2026-05-20T07:42:35.052Z [getAllProjects] Database and Model verified. Testing connection...
2026-05-20T07:42:35.056Z [getAllProjects] Connection Successful
2026-05-20T07:42:35.057Z [getAllProjects] Fetching all projects (no pagination)...
2026-05-20T07:42:35.073Z [getAllProjects] Found 7 projects. Computing progress...
2026-05-20T07:42:35.075Z [getAllProjects] Success. Returning response.
2026-05-20T07:42:43.991Z [getAllProjects] Start - User: a6f2643a-6e8f-4bf2-bd33-6e86e4236c71, Org: 17674cf9-9aab-470b-98d9-b65820a3436e
2026-05-20T07:42:43.993Z [getAllProjects] Database and Model verified. Testing connection...
2026-05-20T07:42:43.995Z [getAllProjects] Connection Successful
2026-05-20T07:42:43.997Z [getAllProjects] Fetching all projects (no pagination)...
2026-05-20T07:42:44.009Z [getAllProjects] Found 12 projects. Computing progress...
2026-05-20T07:42:44.010Z [getAllProjects] Success. Returning response.
2026-05-20T07:42:44.059Z [getAllProjects] Start - User: a6f2643a-6e8f-4bf2-bd33-6e86e4236c71, Org: 17674cf9-9aab-470b-98d9-b65820a3436e
2026-05-20T07:42:44.061Z [getAllProjects] Database and Model verified. Testing connection...
2026-05-20T07:42:44.063Z [getAllProjects] Connection Successful
2026-05-20T07:42:44.064Z [getAllProjects] Fetching all projects (no pagination)...
2026-05-20T07:42:44.088Z [getAllProjects] Found 12 projects. Computing progress...
2026-05-20T07:42:44.091Z [getAllProjects] Success. Returning response.
2026-05-20T07:42:45.975Z [getAllProjects] Start - User: a6f2643a-6e8f-4bf2-bd33-6e86e4236c71, Org: 17674cf9-9aab-470b-98d9-b65820a3436e
2026-05-20T07:42:45.976Z [getAllProjects] Database and Model verified. Testing connection...
2026-05-20T07:42:45.978Z [getAllProjects] Connection Successful
2026-05-20T07:42:45.979Z [getAllProjects] Fetching all projects (no pagination)...
2026-05-20T07:42:45.996Z [getAllProjects] Found 12 projects. Computing progress...
2026-05-20T07:42:45.998Z [getAllProjects] Success. Returning response.
2026-05-20T07:43:20.929Z [getAllProjects] Start - User: a6f2643a-6e8f-4bf2-bd33-6e86e4236c71, Org: 17674cf9-9aab-470b-98d9-b65820a3436e
2026-05-20T07:43:20.931Z [getAllProjects] Database and Model verified. Testing connection...
2026-05-20T07:43:20.933Z [getAllProjects] Connection Successful
2026-05-20T07:43:20.934Z [getAllProjects] Fetching all projects (no pagination)...
2026-05-20T07:43:20.950Z [getAllProjects] Found 12 projects. Computing progress...
2026-05-20T07:43:20.953Z [getAllProjects] Success. Returning response.
2026-05-20T07:44:57.163Z [getAllProjects] Start - User: a6f2643a-6e8f-4bf2-bd33-6e86e4236c71, Org: 17674cf9-9aab-470b-98d9-b65820a3436e
2026-05-20T07:44:57.165Z [getAllProjects] Database and Model verified. Testing connection...
2026-05-20T07:44:57.166Z [getAllProjects] Connection Successful
2026-05-20T07:44:57.167Z [getAllProjects] Fetching all projects (no pagination)...
2026-05-20T07:44:57.177Z [getAllProjects] Found 12 projects. Computing progress...
2026-05-20T07:44:57.179Z [getAllProjects] Success. Returning response.
2026-05-20T07:45:02.016Z [getAllProjects] Start - User: a6f2643a-6e8f-4bf2-bd33-6e86e4236c71, Org: 17674cf9-9aab-470b-98d9-b65820a3436e
2026-05-20T07:45:02.018Z [getAllProjects] Database and Model verified. Testing connection...
2026-05-20T07:45:02.019Z [getAllProjects] Connection Successful
2026-05-20T07:45:02.020Z [getAllProjects] Fetching all projects (no pagination)...
2026-05-20T07:45:02.034Z [getAllProjects] Found 12 projects. Computing progress...
2026-05-20T07:45:02.035Z [getAllProjects] Success. Returning response.
2026-05-20T07:45:11.107Z [getAllProjects] Start - User: 168ff0b0-b2a7-493e-91a3-59fa595209d8, Org: 17674cf9-9aab-470b-98d9-b65820a3436e
2026-05-20T07:45:11.108Z [getAllProjects] Database and Model verified. Testing connection...
2026-05-20T07:45:11.110Z [getAllProjects] Connection Successful
2026-05-20T07:45:11.112Z [getAllProjects] Fetching all projects (no pagination)...
2026-05-20T07:45:11.127Z [getAllProjects] Found 1 projects. Computing progress...
2026-05-20T07:45:11.129Z [getAllProjects] Success. Returning response.
2026-05-20T07:45:11.157Z [getAllProjects] Start - User: 168ff0b0-b2a7-493e-91a3-59fa595209d8, Org: 17674cf9-9aab-470b-98d9-b65820a3436e
2026-05-20T07:45:11.159Z [getAllProjects] Database and Model verified. Testing connection...
2026-05-20T07:45:11.161Z [getAllProjects] Connection Successful
2026-05-20T07:45:11.162Z [getAllProjects] Fetching all projects (no pagination)...
2026-05-20T07:45:11.179Z [getAllProjects] Found 1 projects. Computing progress...
2026-05-20T07:45:11.180Z [getAllProjects] Success. Returning response.
2026-05-20T07:45:15.087Z [getAllProjects] Start - User: 168ff0b0-b2a7-493e-91a3-59fa595209d8, Org: 17674cf9-9aab-470b-98d9-b65820a3436e
2026-05-20T07:45:15.088Z [getAllProjects] Database and Model verified. Testing connection...
2026-05-20T07:45:15.090Z [getAllProjects] Connection Successful
2026-05-20T07:45:15.092Z [getAllProjects] Fetching all projects (no pagination)...
2026-05-20T07:45:15.106Z [getAllProjects] Found 1 projects. Computing progress...
2026-05-20T07:45:15.109Z [getAllProjects] Success. Returning response.
2026-05-20T07:45:17.201Z [getAllProjects] Start - User: 168ff0b0-b2a7-493e-91a3-59fa595209d8, Org: 17674cf9-9aab-470b-98d9-b65820a3436e
2026-05-20T07:45:17.203Z [getAllProjects] Database and Model verified. Testing connection...
2026-05-20T07:45:17.204Z [getAllProjects] Connection Successful
2026-05-20T07:45:17.205Z [getAllProjects] Fetching all projects (no pagination)...
2026-05-20T07:45:17.213Z [getAllProjects] Found 1 projects. Computing progress...
2026-05-20T07:45:17.214Z [getAllProjects] Success. Returning response.
2026-05-20T07:46:21.564Z [getAllProjects] Start - User: 168ff0b0-b2a7-493e-91a3-59fa595209d8, Org: 17674cf9-9aab-470b-98d9-b65820a3436e
2026-05-20T07:46:21.565Z [getAllProjects] Database and Model verified. Testing connection...
2026-05-20T07:46:21.567Z [getAllProjects] Connection Successful
2026-05-20T07:46:21.568Z [getAllProjects] Fetching all projects (no pagination)...
2026-05-20T07:46:21.582Z [getAllProjects] Found 1 projects. Computing progress...
2026-05-20T07:46:21.584Z [getAllProjects] Success. Returning response.
2026-05-20T07:46:26.054Z [getAllProjects] Start - User: 168ff0b0-b2a7-493e-91a3-59fa595209d8, Org: 17674cf9-9aab-470b-98d9-b65820a3436e
2026-05-20T07:46:26.056Z [getAllProjects] Database and Model verified. Testing connection...
2026-05-20T07:46:26.057Z [getAllProjects] Connection Successful
2026-05-20T07:46:26.058Z [getAllProjects] Fetching all projects (no pagination)...
2026-05-20T07:46:26.077Z [getAllProjects] Found 1 projects. Computing progress...
2026-05-20T07:46:26.079Z [getAllProjects] Success. Returning response.
2026-05-20T07:46:29.006Z [getAllProjects] Start - User: 168ff0b0-b2a7-493e-91a3-59fa595209d8, Org: 17674cf9-9aab-470b-98d9-b65820a3436e
2026-05-20T07:46:29.008Z [getAllProjects] Database and Model verified. Testing connection...
2026-05-20T07:46:29.009Z [getAllProjects] Connection Successful
2026-05-20T07:46:29.011Z [getAllProjects] Fetching all projects (no pagination)...
2026-05-20T07:46:29.019Z [getAllProjects] Found 1 projects. Computing progress...
2026-05-20T07:46:29.020Z [getAllProjects] Success. Returning response.
2026-05-20T07:48:31.840Z [getAllProjects] Start - User: 168ff0b0-b2a7-493e-91a3-59fa595209d8, Org: 17674cf9-9aab-470b-98d9-b65820a3436e
2026-05-20T07:48:31.843Z [getAllProjects] Database and Model verified. Testing connection...
2026-05-20T07:48:31.845Z [getAllProjects] Connection Successful
2026-05-20T07:48:31.846Z [getAllProjects] Fetching all projects (no pagination)...
2026-05-20T07:48:31.858Z [getAllProjects] Found 1 projects. Computing progress...
2026-05-20T07:48:31.860Z [getAllProjects] Success. Returning response.
2026-05-20T07:50:43.335Z [getAllProjects] Start - User: 168ff0b0-b2a7-493e-91a3-59fa595209d8, Org: 17674cf9-9aab-470b-98d9-b65820a3436e
2026-05-20T07:50:43.339Z [getAllProjects] Database and Model verified. Testing connection...
2026-05-20T07:50:43.341Z [getAllProjects] Connection Successful
2026-05-20T07:50:43.342Z [getAllProjects] Fetching all projects (no pagination)...
2026-05-20T07:50:43.350Z [getAllProjects] Found 1 projects. Computing progress...
2026-05-20T07:50:43.352Z [getAllProjects] Success. Returning response.
2026-05-20T07:50:57.997Z [getAllProjects] Start - User: 168ff0b0-b2a7-493e-91a3-59fa595209d8, Org: 17674cf9-9aab-470b-98d9-b65820a3436e
2026-05-20T07:50:58.000Z [getAllProjects] Database and Model verified. Testing connection...
2026-05-20T07:50:58.002Z [getAllProjects] Connection Successful
2026-05-20T07:50:58.004Z [getAllProjects] Fetching all projects (no pagination)...
2026-05-20T07:50:58.020Z [getAllProjects] Found 1 projects. Computing progress...
2026-05-20T07:50:58.022Z [getAllProjects] Success. Returning response.
2026-05-20T09:24:39.734Z [getAllProjects] Start - User: 168ff0b0-b2a7-493e-91a3-59fa595209d8, Org: 17674cf9-9aab-470b-98d9-b65820a3436e
2026-05-20T09:24:39.737Z [getAllProjects] Database and Model verified. Testing connection...
2026-05-20T09:24:39.738Z [getAllProjects] Connection Successful
2026-05-20T09:24:39.739Z [getAllProjects] Fetching all projects (no pagination)...
2026-05-20T09:24:39.755Z [getAllProjects] Found 1 projects. Computing progress...
2026-05-20T09:24:39.757Z [getAllProjects] Success. Returning response.
2026-05-20T10:22:06.132Z [getAllProjects] Start - User: 168ff0b0-b2a7-493e-91a3-59fa595209d8, Org: 17674cf9-9aab-470b-98d9-b65820a3436e
2026-05-20T10:22:06.135Z [getAllProjects] Database and Model verified. Testing connection...
2026-05-20T10:22:06.137Z [getAllProjects] Connection Successful
2026-05-20T10:22:06.139Z [getAllProjects] Fetching all projects (no pagination)...
2026-05-20T10:22:06.313Z [getAllProjects] Found 1 projects. Computing progress...
2026-05-20T10:22:06.315Z [getAllProjects] Success. Returning response.
2026-05-20T10:25:00.192Z [getAllProjects] Start - User: 168ff0b0-b2a7-493e-91a3-59fa595209d8, Org: 17674cf9-9aab-470b-98d9-b65820a3436e
2026-05-20T10:25:00.194Z [getAllProjects] Database and Model verified. Testing connection...
2026-05-20T10:25:00.195Z [getAllProjects] Connection Successful
2026-05-20T10:25:00.196Z [getAllProjects] Fetching all projects (no pagination)...
2026-05-20T10:25:00.209Z [getAllProjects] Found 1 projects. Computing progress...
2026-05-20T10:25:00.211Z [getAllProjects] Success. Returning response.
2026-05-20T10:25:02.008Z [getAllProjects] Start - User: 168ff0b0-b2a7-493e-91a3-59fa595209d8, Org: 17674cf9-9aab-470b-98d9-b65820a3436e
2026-05-20T10:25:02.009Z [getAllProjects] Database and Model verified. Testing connection...
2026-05-20T10:25:02.011Z [getAllProjects] Connection Successful
2026-05-20T10:25:02.012Z [getAllProjects] Fetching all projects (no pagination)...
2026-05-20T10:25:02.019Z [getAllProjects] Found 1 projects. Computing progress...
2026-05-20T10:25:02.021Z [getAllProjects] Success. Returning response.
2026-05-20T10:25:03.314Z [getAllProjects] Start - User: 168ff0b0-b2a7-493e-91a3-59fa595209d8, Org: 17674cf9-9aab-470b-98d9-b65820a3436e
2026-05-20T10:25:03.316Z [getAllProjects] Database and Model verified. Testing connection...
2026-05-20T10:25:03.318Z [getAllProjects] Connection Successful
2026-05-20T10:25:03.320Z [getAllProjects] Fetching all projects (no pagination)...
2026-05-20T10:25:03.333Z [getAllProjects] Found 1 projects. Computing progress...
2026-05-20T10:25:03.334Z [getAllProjects] Success. Returning response.
2026-05-20T10:25:08.794Z [getAllProjects] Start - User: 168ff0b0-b2a7-493e-91a3-59fa595209d8, Org: 17674cf9-9aab-470b-98d9-b65820a3436e
2026-05-20T10:25:08.796Z [getAllProjects] Database and Model verified. Testing connection...
2026-05-20T10:25:08.797Z [getAllProjects] Connection Successful
2026-05-20T10:25:08.797Z [getAllProjects] Fetching all projects (no pagination)...
2026-05-20T10:25:08.804Z [getAllProjects] Found 1 projects. Computing progress...
2026-05-20T10:25:08.805Z [getAllProjects] Success. Returning response.
2026-05-20T10:25:13.582Z [getAllProjects] Start - User: 168ff0b0-b2a7-493e-91a3-59fa595209d8, Org: 17674cf9-9aab-470b-98d9-b65820a3436e
2026-05-20T10:25:13.583Z [getAllProjects] Database and Model verified. Testing connection...
2026-05-20T10:25:13.585Z [getAllProjects] Connection Successful
2026-05-20T10:25:13.586Z [getAllProjects] Fetching all projects (no pagination)...
2026-05-20T10:25:13.596Z [getAllProjects] Found 1 projects. Computing progress...
2026-05-20T10:25:13.597Z [getAllProjects] Success. Returning response.
2026-05-20T10:26:44.305Z [getAllProjects] Start - User: 168ff0b0-b2a7-493e-91a3-59fa595209d8, Org: 17674cf9-9aab-470b-98d9-b65820a3436e
2026-05-20T10:26:44.306Z [getAllProjects] Database and Model verified. Testing connection...
2026-05-20T10:26:44.307Z [getAllProjects] Connection Successful
2026-05-20T10:26:44.308Z [getAllProjects] Fetching all projects (no pagination)...
2026-05-20T10:26:44.317Z [getAllProjects] Found 1 projects. Computing progress...
2026-05-20T10:26:44.319Z [getAllProjects] Success. Returning response.
2026-05-20T10:30:00.678Z [getAllProjects] Start - User: 168ff0b0-b2a7-493e-91a3-59fa595209d8, Org: 17674cf9-9aab-470b-98d9-b65820a3436e
2026-05-20T10:30:00.680Z [getAllProjects] Database and Model verified. Testing connection...
2026-05-20T10:30:00.681Z [getAllProjects] Connection Successful
2026-05-20T10:30:00.682Z [getAllProjects] Fetching all projects (no pagination)...
2026-05-20T10:30:00.753Z [getAllProjects] Found 1 projects. Computing progress...
2026-05-20T10:30:00.755Z [getAllProjects] Success. Returning response.
2026-05-20T10:36:43.907Z [getAllProjects] Start - User: 168ff0b0-b2a7-493e-91a3-59fa595209d8, Org: 17674cf9-9aab-470b-98d9-b65820a3436e
2026-05-20T10:36:43.909Z [getAllProjects] Database and Model verified. Testing connection...
2026-05-20T10:36:43.910Z [getAllProjects] Connection Successful
2026-05-20T10:36:43.911Z [getAllProjects] Fetching all projects (no pagination)...
2026-05-20T10:36:43.930Z [getAllProjects] Found 1 projects. Computing progress...
2026-05-20T10:36:43.932Z [getAllProjects] Success. Returning response.
2026-05-20T10:36:46.917Z [getAllProjects] Start - User: 168ff0b0-b2a7-493e-91a3-59fa595209d8, Org: 17674cf9-9aab-470b-98d9-b65820a3436e
2026-05-20T10:36:46.919Z [getAllProjects] Database and Model verified. Testing connection...
2026-05-20T10:36:46.920Z [getAllProjects] Connection Successful
2026-05-20T10:36:46.921Z [getAllProjects] Fetching all projects (no pagination)...
2026-05-20T10:36:46.929Z [getAllProjects] Found 1 projects. Computing progress...
2026-05-20T10:36:46.931Z [getAllProjects] Success. Returning response.
2026-05-20T10:38:00.298Z [getAllProjects] Start - User: 168ff0b0-b2a7-493e-91a3-59fa595209d8, Org: 17674cf9-9aab-470b-98d9-b65820a3436e
2026-05-20T10:38:00.300Z [getAllProjects] Database and Model verified. Testing connection...
2026-05-20T10:38:00.302Z [getAllProjects] Connection Successful
2026-05-20T10:38:00.304Z [getAllProjects] Fetching all projects (no pagination)...
2026-05-20T10:38:00.313Z [getAllProjects] Found 1 projects. Computing progress...
2026-05-20T10:38:00.315Z [getAllProjects] Success. Returning response.
2026-05-20T10:43:00.808Z [getAllProjects] Start - User: 168ff0b0-b2a7-493e-91a3-59fa595209d8, Org: 17674cf9-9aab-470b-98d9-b65820a3436e
2026-05-20T10:43:00.810Z [getAllProjects] Database and Model verified. Testing connection...
2026-05-20T10:43:00.811Z [getAllProjects] Connection Successful
2026-05-20T10:43:00.812Z [getAllProjects] Fetching all projects (no pagination)...
2026-05-20T10:43:00.829Z [getAllProjects] Found 1 projects. Computing progress...
2026-05-20T10:43:00.831Z [getAllProjects] Success. Returning response.
2026-05-20T10:44:12.892Z [getAllProjects] Start - User: 168ff0b0-b2a7-493e-91a3-59fa595209d8, Org: 17674cf9-9aab-470b-98d9-b65820a3436e
2026-05-20T10:44:12.894Z [getAllProjects] Database and Model verified. Testing connection...
2026-05-20T10:44:12.895Z [getAllProjects] Connection Successful
2026-05-20T10:44:12.897Z [getAllProjects] Fetching all projects (no pagination)...
2026-05-20T10:44:12.912Z [getAllProjects] Found 1 projects. Computing progress...
2026-05-20T10:44:12.914Z [getAllProjects] Success. Returning response.
2026-05-20T10:48:20.345Z [getAllProjects] Start - User: 168ff0b0-b2a7-493e-91a3-59fa595209d8, Org: 17674cf9-9aab-470b-98d9-b65820a3436e
2026-05-20T10:48:20.347Z [getAllProjects] Database and Model verified. Testing connection...
2026-05-20T10:48:20.349Z [getAllProjects] Connection Successful
2026-05-20T10:48:20.350Z [getAllProjects] Fetching all projects (no pagination)...
2026-05-20T10:48:20.380Z [getAllProjects] Found 1 projects. Computing progress...
2026-05-20T10:48:20.382Z [getAllProjects] Success. Returning response.
2026-05-20T10:48:21.973Z [getAllProjects] Start - User: 168ff0b0-b2a7-493e-91a3-59fa595209d8, Org: 17674cf9-9aab-470b-98d9-b65820a3436e
2026-05-20T10:48:21.974Z [getAllProjects] Database and Model verified. Testing connection...
2026-05-20T10:48:21.975Z [getAllProjects] Connection Successful
2026-05-20T10:48:21.977Z [getAllProjects] Fetching all projects (no pagination)...
2026-05-20T10:48:22.000Z [getAllProjects] Found 1 projects. Computing progress...
2026-05-20T10:48:22.001Z [getAllProjects] Success. Returning response.
2026-05-20T11:03:13.764Z [getAllProjects] Start - User: 168ff0b0-b2a7-493e-91a3-59fa595209d8, Org: 17674cf9-9aab-470b-98d9-b65820a3436e
2026-05-20T11:03:13.766Z [getAllProjects] Database and Model verified. Testing connection...
2026-05-20T11:03:13.768Z [getAllProjects] Connection Successful
2026-05-20T11:03:13.769Z [getAllProjects] Fetching all projects (no pagination)...
2026-05-20T11:03:13.792Z [getAllProjects] Found 1 projects. Computing progress...
2026-05-20T11:03:13.793Z [getAllProjects] Success. Returning response.
2026-05-20T11:17:37.765Z [getAllProjects] Start - User: 5a6590f2-8633-4b7d-8efd-67169a74cc56, Org: 35043e6f-6012-40c7-b959-883481448d24
2026-05-20T11:17:37.767Z [getAllProjects] Database and Model verified. Testing connection...
2026-05-20T11:17:37.768Z [getAllProjects] Connection Successful
2026-05-20T11:17:37.770Z [getAllProjects] Fetching all projects (no pagination)...
2026-05-20T11:17:37.780Z [getAllProjects] Found 0 projects. Computing progress...
2026-05-20T11:17:37.781Z [getAllProjects] Success. Returning response.
2026-05-20T11:17:37.806Z [getAllProjects] Start - User: 5a6590f2-8633-4b7d-8efd-67169a74cc56, Org: 35043e6f-6012-40c7-b959-883481448d24
2026-05-20T11:17:37.808Z [getAllProjects] Database and Model verified. Testing connection...
2026-05-20T11:17:37.810Z [getAllProjects] Connection Successful
2026-05-20T11:17:37.811Z [getAllProjects] Fetching all projects (no pagination)...
2026-05-20T11:17:37.817Z [getAllProjects] Found 0 projects. Computing progress...
2026-05-20T11:17:37.819Z [getAllProjects] Success. Returning response.
2026-05-20T11:18:01.853Z [getAllProjects] Start - User: 5a6590f2-8633-4b7d-8efd-67169a74cc56, Org: 35043e6f-6012-40c7-b959-883481448d24
2026-05-20T11:18:01.855Z [getAllProjects] Database and Model verified. Testing connection...
2026-05-20T11:18:01.857Z [getAllProjects] Connection Successful
2026-05-20T11:18:01.859Z [getAllProjects] Fetching paginated projects (page: 1, limit: 10)...
2026-05-20T11:18:01.880Z [getAllProjects] Found 0 projects (Total: 0). Computing progress...
2026-05-20T11:18:01.884Z [getAllProjects] Success. Returning paginated response.
2026-05-20T11:18:03.794Z [getAllProjects] Start - User: 5a6590f2-8633-4b7d-8efd-67169a74cc56, Org: 35043e6f-6012-40c7-b959-883481448d24
2026-05-20T11:18:03.796Z [getAllProjects] Database and Model verified. Testing connection...
2026-05-20T11:18:03.797Z [getAllProjects] Connection Successful
2026-05-20T11:18:03.800Z [getAllProjects] Fetching all projects (no pagination)...
2026-05-20T11:18:03.813Z [getAllProjects] Found 0 projects. Computing progress...
2026-05-20T11:18:03.814Z [getAllProjects] Success. Returning response.
2026-05-20T11:18:04.922Z [getAllProjects] Start - User: 5a6590f2-8633-4b7d-8efd-67169a74cc56, Org: 35043e6f-6012-40c7-b959-883481448d24
2026-05-20T11:18:04.924Z [getAllProjects] Database and Model verified. Testing connection...
2026-05-20T11:18:04.924Z [getAllProjects] Connection Successful
2026-05-20T11:18:04.925Z [getAllProjects] Fetching all projects (no pagination)...
2026-05-20T11:18:04.930Z [getAllProjects] Found 0 projects. Computing progress...
2026-05-20T11:18:04.931Z [getAllProjects] Success. Returning response.
2026-05-20T11:18:05.960Z [getAllProjects] Start - User: 5a6590f2-8633-4b7d-8efd-67169a74cc56, Org: 35043e6f-6012-40c7-b959-883481448d24
2026-05-20T11:18:05.962Z [getAllProjects] Database and Model verified. Testing connection...
2026-05-20T11:18:05.964Z [getAllProjects] Connection Successful
2026-05-20T11:18:05.965Z [getAllProjects] Fetching all projects (no pagination)...
2026-05-20T11:18:05.969Z [getAllProjects] Found 0 projects. Computing progress...
2026-05-20T11:18:05.970Z [getAllProjects] Success. Returning response.
2026-05-20T11:18:20.337Z [getAllProjects] Start - User: 5a6590f2-8633-4b7d-8efd-67169a74cc56, Org: 35043e6f-6012-40c7-b959-883481448d24
2026-05-20T11:18:20.339Z [getAllProjects] Database and Model verified. Testing connection...
2026-05-20T11:18:20.340Z [getAllProjects] Connection Successful
2026-05-20T11:18:20.341Z [getAllProjects] Fetching all projects (no pagination)...
2026-05-20T11:18:20.351Z [getAllProjects] Found 0 projects. Computing progress...
2026-05-20T11:18:20.353Z [getAllProjects] Success. Returning response.
2026-05-20T11:18:25.822Z [getAllProjects] Start - User: 5a6590f2-8633-4b7d-8efd-67169a74cc56, Org: 35043e6f-6012-40c7-b959-883481448d24
2026-05-20T11:18:25.824Z [getAllProjects] Database and Model verified. Testing connection...
2026-05-20T11:18:25.826Z [getAllProjects] Connection Successful
2026-05-20T11:18:25.827Z [getAllProjects] Fetching all projects (no pagination)...
2026-05-20T11:18:25.833Z [getAllProjects] Found 0 projects. Computing progress...
2026-05-20T11:18:25.835Z [getAllProjects] Success. Returning response.
2026-05-20T11:19:48.895Z [getAllProjects] Start - User: 5a6590f2-8633-4b7d-8efd-67169a74cc56, Org: 35043e6f-6012-40c7-b959-883481448d24
2026-05-20T11:19:48.897Z [getAllProjects] Database and Model verified. Testing connection...
2026-05-20T11:19:48.899Z [getAllProjects] Connection Successful
2026-05-20T11:19:48.900Z [getAllProjects] Fetching all projects (no pagination)...
2026-05-20T11:19:48.908Z [getAllProjects] Found 0 projects. Computing progress...
2026-05-20T11:19:48.910Z [getAllProjects] Success. Returning response.
2026-05-20T11:19:48.944Z [getAllProjects] Start - User: 5a6590f2-8633-4b7d-8efd-67169a74cc56, Org: 35043e6f-6012-40c7-b959-883481448d24
2026-05-20T11:19:48.946Z [getAllProjects] Database and Model verified. Testing connection...
2026-05-20T11:19:48.947Z [getAllProjects] Connection Successful
2026-05-20T11:19:48.948Z [getAllProjects] Fetching all projects (no pagination)...
2026-05-20T11:19:48.954Z [getAllProjects] Found 0 projects. Computing progress...
2026-05-20T11:19:48.956Z [getAllProjects] Success. Returning response.
2026-05-20T11:20:47.088Z [getAllProjects] Start - User: 5a6590f2-8633-4b7d-8efd-67169a74cc56, Org: 35043e6f-6012-40c7-b959-883481448d24
2026-05-20T11:20:47.091Z [getAllProjects] Database and Model verified. Testing connection...
2026-05-20T11:20:47.093Z [getAllProjects] Connection Successful
2026-05-20T11:20:47.095Z [getAllProjects] Fetching all projects (no pagination)...
2026-05-20T11:20:47.104Z [getAllProjects] Found 0 projects. Computing progress...
2026-05-20T11:20:47.106Z [getAllProjects] Success. Returning response.
2026-05-20T11:21:11.463Z [getAllProjects] Start - User: 0c9a2443-c7e3-45dd-8dec-4a1e2b1b9764, Org: 35043e6f-6012-40c7-b959-883481448d24
2026-05-20T11:21:11.465Z [getAllProjects] Database and Model verified. Testing connection...
2026-05-20T11:21:11.466Z [getAllProjects] Connection Successful
2026-05-20T11:21:11.467Z [getAllProjects] Fetching all projects (no pagination)...
2026-05-20T11:21:11.473Z [getAllProjects] Found 0 projects. Computing progress...
2026-05-20T11:21:11.475Z [getAllProjects] Success. Returning response.
2026-05-20T11:21:11.499Z [getAllProjects] Start - User: 0c9a2443-c7e3-45dd-8dec-4a1e2b1b9764, Org: 35043e6f-6012-40c7-b959-883481448d24
2026-05-20T11:21:11.501Z [getAllProjects] Database and Model verified. Testing connection...
2026-05-20T11:21:11.503Z [getAllProjects] Connection Successful
2026-05-20T11:21:11.504Z [getAllProjects] Fetching all projects (no pagination)...
2026-05-20T11:21:11.511Z [getAllProjects] Found 0 projects. Computing progress...
2026-05-20T11:21:11.512Z [getAllProjects] Success. Returning response.
2026-05-20T11:23:18.824Z [getAllProjects] Start - User: 0c9a2443-c7e3-45dd-8dec-4a1e2b1b9764, Org: 35043e6f-6012-40c7-b959-883481448d24
2026-05-20T11:23:18.825Z [getAllProjects] Database and Model verified. Testing connection...
2026-05-20T11:23:18.826Z [getAllProjects] Connection Successful
2026-05-20T11:23:18.827Z [getAllProjects] Fetching all projects (no pagination)...
2026-05-20T11:23:18.885Z [getAllProjects] Found 0 projects. Computing progress...
2026-05-20T11:23:18.886Z [getAllProjects] Success. Returning response.
2026-05-20T12:50:08.430Z [getAllProjects] Start - User: 0c9a2443-c7e3-45dd-8dec-4a1e2b1b9764, Org: 35043e6f-6012-40c7-b959-883481448d24
2026-05-20T12:50:08.436Z [getAllProjects] Database and Model verified. Testing connection...
2026-05-20T12:50:08.437Z [getAllProjects] Connection Successful
2026-05-20T12:50:08.439Z [getAllProjects] Fetching all projects (no pagination)...
2026-05-20T12:50:08.460Z [getAllProjects] Found 0 projects. Computing progress...
2026-05-20T12:50:08.462Z [getAllProjects] Success. Returning response.
2026-05-20T12:50:48.395Z [getAllProjects] Start - User: a6f2643a-6e8f-4bf2-bd33-6e86e4236c71, Org: 17674cf9-9aab-470b-98d9-b65820a3436e
2026-05-20T12:50:48.397Z [getAllProjects] Database and Model verified. Testing connection...
2026-05-20T12:50:48.399Z [getAllProjects] Connection Successful
2026-05-20T12:50:48.403Z [getAllProjects] Fetching all projects (no pagination)...
2026-05-20T12:50:48.435Z [getAllProjects] Found 12 projects. Computing progress...
2026-05-20T12:50:48.440Z [getAllProjects] Success. Returning response.
2026-05-20T12:50:48.465Z [getAllProjects] Start - User: a6f2643a-6e8f-4bf2-bd33-6e86e4236c71, Org: 17674cf9-9aab-470b-98d9-b65820a3436e
2026-05-20T12:50:48.466Z [getAllProjects] Database and Model verified. Testing connection...
2026-05-20T12:50:48.467Z [getAllProjects] Connection Successful
2026-05-20T12:50:48.468Z [getAllProjects] Fetching all projects (no pagination)...
2026-05-20T12:50:48.484Z [getAllProjects] Found 12 projects. Computing progress...
2026-05-20T12:50:48.486Z [getAllProjects] Success. Returning response.
2026-05-20T12:55:48.836Z [getAllProjects] Start - User: a6f2643a-6e8f-4bf2-bd33-6e86e4236c71, Org: 17674cf9-9aab-470b-98d9-b65820a3436e
2026-05-20T12:55:48.838Z [getAllProjects] Database and Model verified. Testing connection...
2026-05-20T12:55:48.839Z [getAllProjects] Connection Successful
2026-05-20T12:55:48.840Z [getAllProjects] Fetching all projects (no pagination)...
2026-05-20T12:55:48.850Z [getAllProjects] Found 12 projects. Computing progress...
2026-05-20T12:55:48.851Z [getAllProjects] Success. Returning response.
2026-05-20T13:00:48.743Z [getAllProjects] Start - User: a6f2643a-6e8f-4bf2-bd33-6e86e4236c71, Org: 17674cf9-9aab-470b-98d9-b65820a3436e
2026-05-20T13:00:48.744Z [getAllProjects] Database and Model verified. Testing connection...
2026-05-20T13:00:48.745Z [getAllProjects] Connection Successful
2026-05-20T13:00:48.746Z [getAllProjects] Fetching all projects (no pagination)...
2026-05-20T13:00:48.752Z [getAllProjects] Found 12 projects. Computing progress...
2026-05-20T13:00:48.753Z [getAllProjects] Success. Returning response.
2026-05-20T13:05:48.754Z [getAllProjects] Start - User: a6f2643a-6e8f-4bf2-bd33-6e86e4236c71, Org: 17674cf9-9aab-470b-98d9-b65820a3436e
2026-05-20T13:05:48.755Z [getAllProjects] Database and Model verified. Testing connection...
2026-05-20T13:05:48.756Z [getAllProjects] Connection Successful
2026-05-20T13:05:48.757Z [getAllProjects] Fetching all projects (no pagination)...
2026-05-20T13:05:48.768Z [getAllProjects] Found 12 projects. Computing progress...
2026-05-20T13:05:48.769Z [getAllProjects] Success. Returning response.
2026-05-20T13:10:48.814Z [getAllProjects] Start - User: a6f2643a-6e8f-4bf2-bd33-6e86e4236c71, Org: 17674cf9-9aab-470b-98d9-b65820a3436e
2026-05-20T13:10:48.816Z [getAllProjects] Database and Model verified. Testing connection...
2026-05-20T13:10:48.818Z [getAllProjects] Connection Successful
2026-05-20T13:10:48.819Z [getAllProjects] Fetching all projects (no pagination)...
2026-05-20T13:10:48.839Z [getAllProjects] Found 12 projects. Computing progress...
2026-05-20T13:10:48.841Z [getAllProjects] Success. Returning response.
2026-05-20T13:15:48.784Z [getAllProjects] Start - User: a6f2643a-6e8f-4bf2-bd33-6e86e4236c71, Org: 17674cf9-9aab-470b-98d9-b65820a3436e
2026-05-20T13:15:48.786Z [getAllProjects] Database and Model verified. Testing connection...
2026-05-20T13:15:48.787Z [getAllProjects] Connection Successful
2026-05-20T13:15:48.788Z [getAllProjects] Fetching all projects (no pagination)...
2026-05-20T13:15:48.796Z [getAllProjects] Found 12 projects. Computing progress...
2026-05-20T13:15:48.797Z [getAllProjects] Success. Returning response.
2026-05-20T13:20:48.763Z [getAllProjects] Start - User: a6f2643a-6e8f-4bf2-bd33-6e86e4236c71, Org: 17674cf9-9aab-470b-98d9-b65820a3436e
2026-05-20T13:20:48.764Z [getAllProjects] Database and Model verified. Testing connection...
2026-05-20T13:20:48.766Z [getAllProjects] Connection Successful
2026-05-20T13:20:48.767Z [getAllProjects] Fetching all projects (no pagination)...
2026-05-20T13:20:48.781Z [getAllProjects] Found 12 projects. Computing progress...
2026-05-20T13:20:48.782Z [getAllProjects] Success. Returning response.
2026-05-21T05:23:15.317Z [getAllProjects] Start - User: a6f2643a-6e8f-4bf2-bd33-6e86e4236c71, Org: 17674cf9-9aab-470b-98d9-b65820a3436e
2026-05-21T05:23:15.322Z [getAllProjects] Database and Model verified. Testing connection...
2026-05-21T05:23:15.323Z [getAllProjects] Connection Successful
2026-05-21T05:23:15.325Z [getAllProjects] Fetching all projects (no pagination)...
2026-05-21T05:23:15.366Z [getAllProjects] Found 12 projects. Computing progress...
2026-05-21T05:23:15.369Z [getAllProjects] Success. Returning response.
2026-05-21T05:23:15.521Z [getAllProjects] Start - User: a6f2643a-6e8f-4bf2-bd33-6e86e4236c71, Org: 17674cf9-9aab-470b-98d9-b65820a3436e
2026-05-21T05:23:15.541Z [getAllProjects] Database and Model verified. Testing connection...
2026-05-21T05:23:15.562Z [getAllProjects] Connection Successful
2026-05-21T05:23:15.581Z [getAllProjects] Fetching all projects (no pagination)...
2026-05-21T05:23:15.619Z [getAllProjects] Found 12 projects. Computing progress...
2026-05-21T05:23:15.621Z [getAllProjects] Success. Returning response.
2026-05-21T05:29:17.874Z [getAllProjects] Start - User: a6f2643a-6e8f-4bf2-bd33-6e86e4236c71, Org: 17674cf9-9aab-470b-98d9-b65820a3436e
2026-05-21T05:29:17.876Z [getAllProjects] Database and Model verified. Testing connection...
2026-05-21T05:29:17.878Z [getAllProjects] Connection Successful
2026-05-21T05:29:17.880Z [getAllProjects] Fetching all projects (no pagination)...
2026-05-21T05:29:17.904Z [getAllProjects] Found 12 projects. Computing progress...
2026-05-21T05:29:17.907Z [getAllProjects] Success. Returning response.
2026-05-21T05:32:49.709Z [getAllProjects] Start - User: a6f2643a-6e8f-4bf2-bd33-6e86e4236c71, Org: 17674cf9-9aab-470b-98d9-b65820a3436e
2026-05-21T05:32:49.710Z [getAllProjects] Database and Model verified. Testing connection...
2026-05-21T05:32:49.711Z [getAllProjects] Connection Successful
2026-05-21T05:32:49.712Z [getAllProjects] Fetching all projects (no pagination)...
2026-05-21T05:32:49.726Z [getAllProjects] Found 12 projects. Computing progress...
2026-05-21T05:32:49.728Z [getAllProjects] Success. Returning response.
2026-05-21T05:41:20.483Z [getAllProjects] Start - User: a6f2643a-6e8f-4bf2-bd33-6e86e4236c71, Org: 17674cf9-9aab-470b-98d9-b65820a3436e
2026-05-21T05:41:20.486Z [getAllProjects] Database and Model verified. Testing connection...
2026-05-21T05:41:20.490Z [getAllProjects] Connection Successful
2026-05-21T05:41:20.493Z [getAllProjects] Fetching all projects (no pagination)...
2026-05-21T05:41:20.513Z [getAllProjects] Found 12 projects. Computing progress...
2026-05-21T05:41:20.514Z [getAllProjects] Success. Returning response.
2026-05-21T05:43:53.299Z [getAllProjects] Start - User: a6f2643a-6e8f-4bf2-bd33-6e86e4236c71, Org: 17674cf9-9aab-470b-98d9-b65820a3436e
2026-05-21T05:43:53.301Z [getAllProjects] Database and Model verified. Testing connection...
2026-05-21T05:43:53.303Z [getAllProjects] Connection Successful
2026-05-21T05:43:53.305Z [getAllProjects] Fetching all projects (no pagination)...
2026-05-21T05:43:53.326Z [getAllProjects] Found 12 projects. Computing progress...
2026-05-21T05:43:53.328Z [getAllProjects] Success. Returning response.
2026-05-21T05:50:26.392Z [getAllProjects] Start - User: a6f2643a-6e8f-4bf2-bd33-6e86e4236c71, Org: 17674cf9-9aab-470b-98d9-b65820a3436e
2026-05-21T05:50:26.394Z [getAllProjects] Database and Model verified. Testing connection...
2026-05-21T05:50:26.395Z [getAllProjects] Connection Successful
2026-05-21T05:50:26.397Z [getAllProjects] Fetching all projects (no pagination)...
2026-05-21T05:50:26.415Z [getAllProjects] Found 12 projects. Computing progress...
2026-05-21T05:50:26.417Z [getAllProjects] Success. Returning response.
2026-05-21T05:50:43.467Z [getAllProjects] Start - User: a6f2643a-6e8f-4bf2-bd33-6e86e4236c71, Org: 17674cf9-9aab-470b-98d9-b65820a3436e
2026-05-21T05:50:43.469Z [getAllProjects] Database and Model verified. Testing connection...
2026-05-21T05:50:43.471Z [getAllProjects] Connection Successful
2026-05-21T05:50:43.472Z [getAllProjects] Fetching all projects (no pagination)...
2026-05-21T05:50:43.486Z [getAllProjects] Found 12 projects. Computing progress...
2026-05-21T05:50:43.487Z [getAllProjects] Success. Returning response.
2026-05-21T05:58:41.705Z [getAllProjects] Start - User: a6f2643a-6e8f-4bf2-bd33-6e86e4236c71, Org: 17674cf9-9aab-470b-98d9-b65820a3436e
2026-05-21T05:58:41.712Z [getAllProjects] Database and Model verified. Testing connection...
2026-05-21T05:58:41.715Z [getAllProjects] Connection Successful
2026-05-21T05:58:41.716Z [getAllProjects] Fetching all projects (no pagination)...
2026-05-21T05:58:41.741Z [getAllProjects] Found 12 projects. Computing progress...
2026-05-21T05:58:41.744Z [getAllProjects] Success. Returning response.
2026-05-21T05:58:44.364Z [getAllProjects] Start - User: a6f2643a-6e8f-4bf2-bd33-6e86e4236c71, Org: 17674cf9-9aab-470b-98d9-b65820a3436e
2026-05-21T05:58:44.365Z [getAllProjects] Database and Model verified. Testing connection...
2026-05-21T05:58:44.367Z [getAllProjects] Connection Successful
2026-05-21T05:58:44.369Z [getAllProjects] Fetching all projects (no pagination)...
2026-05-21T05:58:44.394Z [getAllProjects] Found 12 projects. Computing progress...
2026-05-21T05:58:44.396Z [getAllProjects] Success. Returning response.
2026-05-21T06:06:32.518Z [getAllProjects] Start - User: a6f2643a-6e8f-4bf2-bd33-6e86e4236c71, Org: 17674cf9-9aab-470b-98d9-b65820a3436e
2026-05-21T06:06:32.520Z [getAllProjects] Database and Model verified. Testing connection...
2026-05-21T06:06:32.522Z [getAllProjects] Connection Successful
2026-05-21T06:06:32.524Z [getAllProjects] Fetching all projects (no pagination)...
2026-05-21T06:06:32.551Z [getAllProjects] Found 12 projects. Computing progress...
2026-05-21T06:06:32.554Z [getAllProjects] Success. Returning response.
2026-05-21T06:07:25.924Z [getAllProjects] Start - User: a6f2643a-6e8f-4bf2-bd33-6e86e4236c71, Org: 17674cf9-9aab-470b-98d9-b65820a3436e
2026-05-21T06:07:25.925Z [getAllProjects] Database and Model verified. Testing connection...
2026-05-21T06:07:25.927Z [getAllProjects] Connection Successful
2026-05-21T06:07:25.928Z [getAllProjects] Fetching all projects (no pagination)...
2026-05-21T06:07:25.938Z [getAllProjects] Found 12 projects. Computing progress...
2026-05-21T06:07:25.940Z [getAllProjects] Success. Returning response.
2026-05-21T06:11:09.003Z [getAllProjects] Start - User: a6f2643a-6e8f-4bf2-bd33-6e86e4236c71, Org: 17674cf9-9aab-470b-98d9-b65820a3436e
2026-05-21T06:11:09.004Z [getAllProjects] Database and Model verified. Testing connection...
2026-05-21T06:11:09.006Z [getAllProjects] Connection Successful
2026-05-21T06:11:09.007Z [getAllProjects] Fetching all projects (no pagination)...
2026-05-21T06:11:09.023Z [getAllProjects] Found 12 projects. Computing progress...
2026-05-21T06:11:09.025Z [getAllProjects] Success. Returning response.
2026-05-21T06:11:09.570Z [getAllProjects] Start - User: a6f2643a-6e8f-4bf2-bd33-6e86e4236c71, Org: 17674cf9-9aab-470b-98d9-b65820a3436e
2026-05-21T06:11:09.571Z [getAllProjects] Database and Model verified. Testing connection...
2026-05-21T06:11:09.573Z [getAllProjects] Connection Successful
2026-05-21T06:11:09.575Z [getAllProjects] Fetching all projects (no pagination)...
2026-05-21T06:11:09.587Z [getAllProjects] Found 12 projects. Computing progress...
2026-05-21T06:11:09.589Z [getAllProjects] Success. Returning response.
2026-05-21T06:11:22.933Z [getAllProjects] Start - User: a6f2643a-6e8f-4bf2-bd33-6e86e4236c71, Org: 17674cf9-9aab-470b-98d9-b65820a3436e
2026-05-21T06:11:22.935Z [getAllProjects] Database and Model verified. Testing connection...
2026-05-21T06:11:22.936Z [getAllProjects] Connection Successful
2026-05-21T06:11:22.937Z [getAllProjects] Fetching all projects (no pagination)...
2026-05-21T06:11:22.955Z [getAllProjects] Found 12 projects. Computing progress...
2026-05-21T06:11:22.960Z [getAllProjects] Success. Returning response.
2026-05-21T06:13:42.311Z [getAllProjects] Start - User: a6f2643a-6e8f-4bf2-bd33-6e86e4236c71, Org: 17674cf9-9aab-470b-98d9-b65820a3436e
2026-05-21T06:13:42.313Z [getAllProjects] Database and Model verified. Testing connection...
2026-05-21T06:13:42.315Z [getAllProjects] Connection Successful
2026-05-21T06:13:42.317Z [getAllProjects] Fetching all projects (no pagination)...
2026-05-21T06:13:42.345Z [getAllProjects] Found 12 projects. Computing progress...
2026-05-21T06:13:42.348Z [getAllProjects] Success. Returning response.
2026-05-21T06:13:46.647Z [getAllProjects] Start - User: a6f2643a-6e8f-4bf2-bd33-6e86e4236c71, Org: 17674cf9-9aab-470b-98d9-b65820a3436e
2026-05-21T06:13:46.648Z [getAllProjects] Database and Model verified. Testing connection...
2026-05-21T06:13:46.650Z [getAllProjects] Connection Successful
2026-05-21T06:13:46.652Z [getAllProjects] Fetching all projects (no pagination)...
2026-05-21T06:13:46.670Z [getAllProjects] Found 12 projects. Computing progress...
2026-05-21T06:13:46.675Z [getAllProjects] Success. Returning response.
2026-05-21T06:15:24.756Z [getAllProjects] Start - User: a6f2643a-6e8f-4bf2-bd33-6e86e4236c71, Org: 17674cf9-9aab-470b-98d9-b65820a3436e
2026-05-21T06:15:24.758Z [getAllProjects] Database and Model verified. Testing connection...
2026-05-21T06:15:24.760Z [getAllProjects] Connection Successful
2026-05-21T06:15:24.762Z [getAllProjects] Fetching all projects (no pagination)...
2026-05-21T06:15:24.776Z [getAllProjects] Found 12 projects. Computing progress...
2026-05-21T06:15:24.778Z [getAllProjects] Success. Returning response.
2026-05-21T06:15:32.339Z [getAllProjects] Start - User: 168ff0b0-b2a7-493e-91a3-59fa595209d8, Org: 17674cf9-9aab-470b-98d9-b65820a3436e
2026-05-21T06:15:32.341Z [getAllProjects] Database and Model verified. Testing connection...
2026-05-21T06:15:32.343Z [getAllProjects] Connection Successful
2026-05-21T06:15:32.345Z [getAllProjects] Fetching all projects (no pagination)...
2026-05-21T06:15:32.363Z [getAllProjects] Found 1 projects. Computing progress...
2026-05-21T06:15:32.364Z [getAllProjects] Success. Returning response.
2026-05-21T06:15:32.405Z [getAllProjects] Start - User: 168ff0b0-b2a7-493e-91a3-59fa595209d8, Org: 17674cf9-9aab-470b-98d9-b65820a3436e
2026-05-21T06:15:32.407Z [getAllProjects] Database and Model verified. Testing connection...
2026-05-21T06:15:32.409Z [getAllProjects] Connection Successful
2026-05-21T06:15:32.410Z [getAllProjects] Fetching all projects (no pagination)...
2026-05-21T06:15:32.446Z [getAllProjects] Found 1 projects. Computing progress...
2026-05-21T06:15:32.448Z [getAllProjects] Success. Returning response.
2026-05-21T06:15:34.556Z [getAllProjects] Start - User: 168ff0b0-b2a7-493e-91a3-59fa595209d8, Org: 17674cf9-9aab-470b-98d9-b65820a3436e
2026-05-21T06:15:34.558Z [getAllProjects] Database and Model verified. Testing connection...
2026-05-21T06:15:34.560Z [getAllProjects] Connection Successful
2026-05-21T06:15:34.562Z [getAllProjects] Fetching all projects (no pagination)...
2026-05-21T06:15:34.577Z [getAllProjects] Found 1 projects. Computing progress...
2026-05-21T06:15:34.580Z [getAllProjects] Success. Returning response.
2026-05-21T06:21:16.411Z [getAllProjects] Start - User: 168ff0b0-b2a7-493e-91a3-59fa595209d8, Org: 17674cf9-9aab-470b-98d9-b65820a3436e
2026-05-21T06:21:16.413Z [getAllProjects] Database and Model verified. Testing connection...
2026-05-21T06:21:16.415Z [getAllProjects] Connection Successful
2026-05-21T06:21:16.416Z [getAllProjects] Fetching all projects (no pagination)...
2026-05-21T06:21:16.432Z [getAllProjects] Found 1 projects. Computing progress...
2026-05-21T06:21:16.434Z [getAllProjects] Success. Returning response.
2026-05-21T06:21:25.034Z [getAllProjects] Start - User: 168ff0b0-b2a7-493e-91a3-59fa595209d8, Org: 17674cf9-9aab-470b-98d9-b65820a3436e
2026-05-21T06:21:25.036Z [getAllProjects] Database and Model verified. Testing connection...
2026-05-21T06:21:25.037Z [getAllProjects] Connection Successful
2026-05-21T06:21:25.039Z [getAllProjects] Fetching all projects (no pagination)...
2026-05-21T06:21:25.064Z [getAllProjects] Found 1 projects. Computing progress...
2026-05-21T06:21:25.066Z [getAllProjects] Success. Returning response.
2026-05-21T06:21:27.186Z [getAllProjects] Start - User: 168ff0b0-b2a7-493e-91a3-59fa595209d8, Org: 17674cf9-9aab-470b-98d9-b65820a3436e
2026-05-21T06:21:27.188Z [getAllProjects] Database and Model verified. Testing connection...
2026-05-21T06:21:27.189Z [getAllProjects] Connection Successful
2026-05-21T06:21:27.191Z [getAllProjects] Fetching all projects (no pagination)...
2026-05-21T06:21:27.201Z [getAllProjects] Found 1 projects. Computing progress...
2026-05-21T06:21:27.204Z [getAllProjects] Success. Returning response.
2026-05-21T06:21:37.703Z [getAllProjects] Start - User: 168ff0b0-b2a7-493e-91a3-59fa595209d8, Org: 17674cf9-9aab-470b-98d9-b65820a3436e
2026-05-21T06:21:37.705Z [getAllProjects] Database and Model verified. Testing connection...
2026-05-21T06:21:37.707Z [getAllProjects] Connection Successful
2026-05-21T06:21:37.708Z [getAllProjects] Fetching all projects (no pagination)...
2026-05-21T06:21:37.720Z [getAllProjects] Found 1 projects. Computing progress...
2026-05-21T06:21:37.721Z [getAllProjects] Success. Returning response.
2026-05-21T06:21:43.570Z [getAllProjects] Start - User: 168ff0b0-b2a7-493e-91a3-59fa595209d8, Org: 17674cf9-9aab-470b-98d9-b65820a3436e
2026-05-21T06:21:43.572Z [getAllProjects] Database and Model verified. Testing connection...
2026-05-21T06:21:43.574Z [getAllProjects] Connection Successful
2026-05-21T06:21:43.576Z [getAllProjects] Fetching all projects (no pagination)...
2026-05-21T06:21:43.600Z [getAllProjects] Found 1 projects. Computing progress...
2026-05-21T06:21:43.601Z [getAllProjects] Success. Returning response.
2026-05-21T06:22:15.440Z [getAllProjects] Start - User: 168ff0b0-b2a7-493e-91a3-59fa595209d8, Org: 17674cf9-9aab-470b-98d9-b65820a3436e
2026-05-21T06:22:15.442Z [getAllProjects] Database and Model verified. Testing connection...
2026-05-21T06:22:15.443Z [getAllProjects] Connection Successful
2026-05-21T06:22:15.444Z [getAllProjects] Fetching all projects (no pagination)...
2026-05-21T06:22:15.454Z [getAllProjects] Found 1 projects. Computing progress...
2026-05-21T06:22:15.456Z [getAllProjects] Success. Returning response.
2026-05-21T06:23:13.821Z [getAllProjects] Start - User: 168ff0b0-b2a7-493e-91a3-59fa595209d8, Org: 17674cf9-9aab-470b-98d9-b65820a3436e
2026-05-21T06:23:13.823Z [getAllProjects] Database and Model verified. Testing connection...
2026-05-21T06:23:13.824Z [getAllProjects] Connection Successful
2026-05-21T06:23:13.825Z [getAllProjects] Fetching all projects (no pagination)...
2026-05-21T06:23:13.840Z [getAllProjects] Found 1 projects. Computing progress...
2026-05-21T06:23:13.842Z [getAllProjects] Success. Returning response.
2026-05-21T06:33:20.753Z [getAllProjects] Start - User: 168ff0b0-b2a7-493e-91a3-59fa595209d8, Org: 17674cf9-9aab-470b-98d9-b65820a3436e
2026-05-21T06:33:20.756Z [getAllProjects] Database and Model verified. Testing connection...
2026-05-21T06:33:20.767Z [getAllProjects] Connection Successful
2026-05-21T06:33:20.772Z [getAllProjects] Fetching all projects (no pagination)...
2026-05-21T06:33:20.797Z [getAllProjects] Found 1 projects. Computing progress...
2026-05-21T06:33:20.799Z [getAllProjects] Success. Returning response.
2026-05-21T06:43:17.031Z [getAllProjects] Start - User: 168ff0b0-b2a7-493e-91a3-59fa595209d8, Org: 17674cf9-9aab-470b-98d9-b65820a3436e
2026-05-21T06:43:17.034Z [getAllProjects] Database and Model verified. Testing connection...
2026-05-21T06:43:17.036Z [getAllProjects] Connection Successful
2026-05-21T06:43:17.038Z [getAllProjects] Fetching all projects (no pagination)...
2026-05-21T06:43:17.057Z [getAllProjects] Found 1 projects. Computing progress...
2026-05-21T06:43:17.059Z [getAllProjects] Success. Returning response.
2026-05-21T06:43:19.108Z [getAllProjects] Start - User: 168ff0b0-b2a7-493e-91a3-59fa595209d8, Org: 17674cf9-9aab-470b-98d9-b65820a3436e
2026-05-21T06:43:19.110Z [getAllProjects] Database and Model verified. Testing connection...
2026-05-21T06:43:19.112Z [getAllProjects] Connection Successful
2026-05-21T06:43:19.113Z [getAllProjects] Fetching all projects (no pagination)...
2026-05-21T06:43:19.125Z [getAllProjects] Found 1 projects. Computing progress...
2026-05-21T06:43:19.127Z [getAllProjects] Success. Returning response.
2026-05-21T06:46:10.781Z [getAllProjects] Start - User: 168ff0b0-b2a7-493e-91a3-59fa595209d8, Org: 17674cf9-9aab-470b-98d9-b65820a3436e
2026-05-21T06:46:10.782Z [getAllProjects] Database and Model verified. Testing connection...
2026-05-21T06:46:10.784Z [getAllProjects] Connection Successful
2026-05-21T06:46:10.786Z [getAllProjects] Fetching all projects (no pagination)...
2026-05-21T06:46:10.864Z [getAllProjects] Found 1 projects. Computing progress...
2026-05-21T06:46:10.866Z [getAllProjects] Success. Returning response.
2026-05-21T06:46:53.037Z [getAllProjects] Start - User: 168ff0b0-b2a7-493e-91a3-59fa595209d8, Org: 17674cf9-9aab-470b-98d9-b65820a3436e
2026-05-21T06:46:53.038Z [getAllProjects] Database and Model verified. Testing connection...
2026-05-21T06:46:53.040Z [getAllProjects] Connection Successful
2026-05-21T06:46:53.041Z [getAllProjects] Fetching all projects (no pagination)...
2026-05-21T06:46:53.051Z [getAllProjects] Found 1 projects. Computing progress...
2026-05-21T06:46:53.055Z [getAllProjects] Success. Returning response.
2026-05-21T06:50:32.429Z [getAllProjects] Start - User: 168ff0b0-b2a7-493e-91a3-59fa595209d8, Org: 17674cf9-9aab-470b-98d9-b65820a3436e
2026-05-21T06:50:32.431Z [getAllProjects] Database and Model verified. Testing connection...
2026-05-21T06:50:32.433Z [getAllProjects] Connection Successful
2026-05-21T06:50:32.435Z [getAllProjects] Fetching all projects (no pagination)...
2026-05-21T06:50:32.448Z [getAllProjects] Found 1 projects. Computing progress...
2026-05-21T06:50:32.449Z [getAllProjects] Success. Returning response.
2026-05-21T06:51:11.042Z [getAllProjects] Start - User: 168ff0b0-b2a7-493e-91a3-59fa595209d8, Org: 17674cf9-9aab-470b-98d9-b65820a3436e
2026-05-21T06:51:11.045Z [getAllProjects] Database and Model verified. Testing connection...
2026-05-21T06:51:11.046Z [getAllProjects] Connection Successful
2026-05-21T06:51:11.050Z [getAllProjects] Fetching all projects (no pagination)...
2026-05-21T06:51:11.164Z [getAllProjects] Found 1 projects. Computing progress...
2026-05-21T06:51:11.166Z [getAllProjects] Success. Returning response.
2026-05-21T06:51:17.321Z [getAllProjects] Start - User: 168ff0b0-b2a7-493e-91a3-59fa595209d8, Org: 17674cf9-9aab-470b-98d9-b65820a3436e
2026-05-21T06:51:17.324Z [getAllProjects] Database and Model verified. Testing connection...
2026-05-21T06:51:17.326Z [getAllProjects] Connection Successful
2026-05-21T06:51:17.328Z [getAllProjects] Fetching all projects (no pagination)...
2026-05-21T06:51:17.338Z [getAllProjects] Found 1 projects. Computing progress...
2026-05-21T06:51:17.339Z [getAllProjects] Success. Returning response.
2026-05-21T06:53:37.484Z [getAllProjects] Start - User: 168ff0b0-b2a7-493e-91a3-59fa595209d8, Org: 17674cf9-9aab-470b-98d9-b65820a3436e
2026-05-21T06:53:37.485Z [getAllProjects] Database and Model verified. Testing connection...
2026-05-21T06:53:37.486Z [getAllProjects] Connection Successful
2026-05-21T06:53:37.488Z [getAllProjects] Fetching all projects (no pagination)...
2026-05-21T06:53:37.502Z [getAllProjects] Found 1 projects. Computing progress...
2026-05-21T06:53:37.503Z [getAllProjects] Success. Returning response.
2026-05-21T06:53:45.252Z [getAllProjects] Start - User: 168ff0b0-b2a7-493e-91a3-59fa595209d8, Org: 17674cf9-9aab-470b-98d9-b65820a3436e
2026-05-21T06:53:45.253Z [getAllProjects] Database and Model verified. Testing connection...
2026-05-21T06:53:45.254Z [getAllProjects] Connection Successful
2026-05-21T06:53:45.256Z [getAllProjects] Fetching all projects (no pagination)...
2026-05-21T06:53:45.267Z [getAllProjects] Found 1 projects. Computing progress...
2026-05-21T06:53:45.269Z [getAllProjects] Success. Returning response.
2026-05-21T06:54:02.092Z [getAllProjects] Start - User: 168ff0b0-b2a7-493e-91a3-59fa595209d8, Org: 17674cf9-9aab-470b-98d9-b65820a3436e
2026-05-21T06:54:02.094Z [getAllProjects] Database and Model verified. Testing connection...
2026-05-21T06:54:02.095Z [getAllProjects] Connection Successful
2026-05-21T06:54:02.098Z [getAllProjects] Fetching all projects (no pagination)...
2026-05-21T06:54:02.109Z [getAllProjects] Found 1 projects. Computing progress...
2026-05-21T06:54:02.111Z [getAllProjects] Success. Returning response.
2026-05-21T06:54:03.759Z [getAllProjects] Start - User: 168ff0b0-b2a7-493e-91a3-59fa595209d8, Org: 17674cf9-9aab-470b-98d9-b65820a3436e
2026-05-21T06:54:03.761Z [getAllProjects] Database and Model verified. Testing connection...
2026-05-21T06:54:03.763Z [getAllProjects] Connection Successful
2026-05-21T06:54:03.764Z [getAllProjects] Fetching all projects (no pagination)...
2026-05-21T06:54:03.776Z [getAllProjects] Found 1 projects. Computing progress...
2026-05-21T06:54:03.778Z [getAllProjects] Success. Returning response.
2026-05-21T06:57:23.714Z [getAllProjects] Start - User: 168ff0b0-b2a7-493e-91a3-59fa595209d8, Org: 17674cf9-9aab-470b-98d9-b65820a3436e
2026-05-21T06:57:23.717Z [getAllProjects] Database and Model verified. Testing connection...
2026-05-21T06:57:23.719Z [getAllProjects] Connection Successful
2026-05-21T06:57:23.721Z [getAllProjects] Fetching all projects (no pagination)...
2026-05-21T06:57:23.749Z [getAllProjects] Found 1 projects. Computing progress...
2026-05-21T06:57:23.752Z [getAllProjects] Success. Returning response.
2026-05-21T06:57:26.316Z [getAllProjects] Start - User: 168ff0b0-b2a7-493e-91a3-59fa595209d8, Org: 17674cf9-9aab-470b-98d9-b65820a3436e
2026-05-21T06:57:26.319Z [getAllProjects] Database and Model verified. Testing connection...
2026-05-21T06:57:26.320Z [getAllProjects] Connection Successful
2026-05-21T06:57:26.323Z [getAllProjects] Fetching all projects (no pagination)...
2026-05-21T06:57:26.337Z [getAllProjects] Found 1 projects. Computing progress...
2026-05-21T06:57:26.338Z [getAllProjects] Success. Returning response.
2026-05-21T06:57:59.499Z [getAllProjects] Start - User: 168ff0b0-b2a7-493e-91a3-59fa595209d8, Org: 17674cf9-9aab-470b-98d9-b65820a3436e
2026-05-21T06:57:59.501Z [getAllProjects] Database and Model verified. Testing connection...
2026-05-21T06:57:59.503Z [getAllProjects] Connection Successful
2026-05-21T06:57:59.504Z [getAllProjects] Fetching all projects (no pagination)...
2026-05-21T06:57:59.514Z [getAllProjects] Found 1 projects. Computing progress...
2026-05-21T06:57:59.516Z [getAllProjects] Success. Returning response.
2026-05-21T06:58:02.893Z [getAllProjects] Start - User: 168ff0b0-b2a7-493e-91a3-59fa595209d8, Org: 17674cf9-9aab-470b-98d9-b65820a3436e
2026-05-21T06:58:02.895Z [getAllProjects] Database and Model verified. Testing connection...
2026-05-21T06:58:02.896Z [getAllProjects] Connection Successful
2026-05-21T06:58:02.897Z [getAllProjects] Fetching all projects (no pagination)...
2026-05-21T06:58:02.906Z [getAllProjects] Found 1 projects. Computing progress...
2026-05-21T06:58:02.907Z [getAllProjects] Success. Returning response.
2026-05-21T06:59:52.781Z [getAllProjects] Start - User: 168ff0b0-b2a7-493e-91a3-59fa595209d8, Org: 17674cf9-9aab-470b-98d9-b65820a3436e
2026-05-21T06:59:52.783Z [getAllProjects] Database and Model verified. Testing connection...
2026-05-21T06:59:52.784Z [getAllProjects] Connection Successful
2026-05-21T06:59:52.785Z [getAllProjects] Fetching all projects (no pagination)...
2026-05-21T06:59:52.793Z [getAllProjects] Found 1 projects. Computing progress...
2026-05-21T06:59:52.795Z [getAllProjects] Success. Returning response.
2026-05-21T07:08:53.654Z [getAllProjects] Start - User: 168ff0b0-b2a7-493e-91a3-59fa595209d8, Org: 17674cf9-9aab-470b-98d9-b65820a3436e
2026-05-21T07:08:53.656Z [getAllProjects] Database and Model verified. Testing connection...
2026-05-21T07:08:53.657Z [getAllProjects] Connection Successful
2026-05-21T07:08:53.658Z [getAllProjects] Fetching all projects (no pagination)...
2026-05-21T07:08:53.685Z [getAllProjects] Found 1 projects. Computing progress...
2026-05-21T07:08:53.686Z [getAllProjects] Success. Returning response.
2026-05-21T07:09:00.242Z [getAllProjects] Start - User: a6f2643a-6e8f-4bf2-bd33-6e86e4236c71, Org: 17674cf9-9aab-470b-98d9-b65820a3436e
2026-05-21T07:09:00.247Z [getAllProjects] Database and Model verified. Testing connection...
2026-05-21T07:09:00.251Z [getAllProjects] Connection Successful
2026-05-21T07:09:00.253Z [getAllProjects] Fetching all projects (no pagination)...
2026-05-21T07:09:00.274Z [getAllProjects] Found 12 projects. Computing progress...
2026-05-21T07:09:00.277Z [getAllProjects] Success. Returning response.
2026-05-21T07:09:00.303Z [getAllProjects] Start - User: a6f2643a-6e8f-4bf2-bd33-6e86e4236c71, Org: 17674cf9-9aab-470b-98d9-b65820a3436e
2026-05-21T07:09:00.305Z [getAllProjects] Database and Model verified. Testing connection...
2026-05-21T07:09:00.307Z [getAllProjects] Connection Successful
2026-05-21T07:09:00.308Z [getAllProjects] Fetching all projects (no pagination)...
2026-05-21T07:09:00.325Z [getAllProjects] Found 12 projects. Computing progress...
2026-05-21T07:09:00.329Z [getAllProjects] Success. Returning response.
2026-05-21T07:09:03.115Z [getAllProjects] Start - User: a6f2643a-6e8f-4bf2-bd33-6e86e4236c71, Org: 17674cf9-9aab-470b-98d9-b65820a3436e
2026-05-21T07:09:03.117Z [getAllProjects] Database and Model verified. Testing connection...
2026-05-21T07:09:03.119Z [getAllProjects] Connection Successful
2026-05-21T07:09:03.121Z [getAllProjects] Fetching all projects (no pagination)...
2026-05-21T07:09:03.143Z [getAllProjects] Found 12 projects. Computing progress...
2026-05-21T07:09:03.145Z [getAllProjects] Success. Returning response.
2026-05-21T07:09:05.966Z [getAllProjects] Start - User: a6f2643a-6e8f-4bf2-bd33-6e86e4236c71, Org: 17674cf9-9aab-470b-98d9-b65820a3436e
2026-05-21T07:09:05.967Z [getAllProjects] Database and Model verified. Testing connection...
2026-05-21T07:09:05.969Z [getAllProjects] Connection Successful
2026-05-21T07:09:05.970Z [getAllProjects] Fetching all projects (no pagination)...
2026-05-21T07:09:05.984Z [getAllProjects] Found 12 projects. Computing progress...
2026-05-21T07:09:05.986Z [getAllProjects] Success. Returning response.
2026-05-21T07:09:06.763Z [getAllProjects] Start - User: a6f2643a-6e8f-4bf2-bd33-6e86e4236c71, Org: 17674cf9-9aab-470b-98d9-b65820a3436e
2026-05-21T07:09:06.765Z [getAllProjects] Database and Model verified. Testing connection...
2026-05-21T07:09:06.766Z [getAllProjects] Connection Successful
2026-05-21T07:09:06.768Z [getAllProjects] Fetching all projects (no pagination)...
2026-05-21T07:09:06.779Z [getAllProjects] Found 12 projects. Computing progress...
2026-05-21T07:09:06.780Z [getAllProjects] Success. Returning response.
2026-05-21T07:15:08.317Z [getAllProjects] Start - User: a6f2643a-6e8f-4bf2-bd33-6e86e4236c71, Org: 17674cf9-9aab-470b-98d9-b65820a3436e
2026-05-21T07:15:08.320Z [getAllProjects] Database and Model verified. Testing connection...
2026-05-21T07:15:08.322Z [getAllProjects] Connection Successful
2026-05-21T07:15:08.323Z [getAllProjects] Fetching all projects (no pagination)...
2026-05-21T07:15:08.336Z [getAllProjects] Found 12 projects. Computing progress...
2026-05-21T07:15:08.338Z [getAllProjects] Success. Returning response.
2026-05-21T07:15:13.362Z [getAllProjects] Start - User: a6f2643a-6e8f-4bf2-bd33-6e86e4236c71, Org: 17674cf9-9aab-470b-98d9-b65820a3436e
2026-05-21T07:15:13.365Z [getAllProjects] Database and Model verified. Testing connection...
2026-05-21T07:15:13.367Z [getAllProjects] Connection Successful
2026-05-21T07:15:13.368Z [getAllProjects] Fetching all projects (no pagination)...
2026-05-21T07:15:13.383Z [getAllProjects] Found 12 projects. Computing progress...
2026-05-21T07:15:13.385Z [getAllProjects] Success. Returning response.
2026-05-21T07:15:30.160Z [getAllProjects] Start - User: a6f2643a-6e8f-4bf2-bd33-6e86e4236c71, Org: 17674cf9-9aab-470b-98d9-b65820a3436e
2026-05-21T07:15:30.162Z [getAllProjects] Database and Model verified. Testing connection...
2026-05-21T07:15:30.164Z [getAllProjects] Connection Successful
2026-05-21T07:15:30.166Z [getAllProjects] Fetching all projects (no pagination)...
2026-05-21T07:15:30.241Z [getAllProjects] Found 12 projects. Computing progress...
2026-05-21T07:15:30.243Z [getAllProjects] Success. Returning response.
2026-05-21T07:15:54.784Z [getAllProjects] Start - User: a6f2643a-6e8f-4bf2-bd33-6e86e4236c71, Org: 17674cf9-9aab-470b-98d9-b65820a3436e
2026-05-21T07:15:54.785Z [getAllProjects] Database and Model verified. Testing connection...
2026-05-21T07:15:54.786Z [getAllProjects] Connection Successful
2026-05-21T07:15:54.787Z [getAllProjects] Fetching all projects (no pagination)...
2026-05-21T07:15:54.800Z [getAllProjects] Found 12 projects. Computing progress...
2026-05-21T07:15:54.802Z [getAllProjects] Success. Returning response.
2026-05-21T07:16:09.778Z [getAllProjects] Start - User: a6f2643a-6e8f-4bf2-bd33-6e86e4236c71, Org: 17674cf9-9aab-470b-98d9-b65820a3436e
2026-05-21T07:16:09.780Z [getAllProjects] Database and Model verified. Testing connection...
2026-05-21T07:16:09.782Z [getAllProjects] Connection Successful
2026-05-21T07:16:09.783Z [getAllProjects] Fetching all projects (no pagination)...
2026-05-21T07:16:09.794Z [getAllProjects] Found 12 projects. Computing progress...
2026-05-21T07:16:09.795Z [getAllProjects] Success. Returning response.
2026-05-21T07:16:24.305Z [getAllProjects] Start - User: a6f2643a-6e8f-4bf2-bd33-6e86e4236c71, Org: 17674cf9-9aab-470b-98d9-b65820a3436e
2026-05-21T07:16:24.308Z [getAllProjects] Database and Model verified. Testing connection...
2026-05-21T07:16:24.311Z [getAllProjects] Connection Successful
2026-05-21T07:16:24.313Z [getAllProjects] Fetching all projects (no pagination)...
2026-05-21T07:16:24.345Z [getAllProjects] Found 12 projects. Computing progress...
2026-05-21T07:16:24.348Z [getAllProjects] Success. Returning response.
2026-05-21T07:16:39.924Z [getAllProjects] Start - User: a6f2643a-6e8f-4bf2-bd33-6e86e4236c71, Org: 17674cf9-9aab-470b-98d9-b65820a3436e
2026-05-21T07:16:39.925Z [getAllProjects] Database and Model verified. Testing connection...
2026-05-21T07:16:39.926Z [getAllProjects] Connection Successful
2026-05-21T07:16:39.927Z [getAllProjects] Fetching all projects (no pagination)...
2026-05-21T07:16:39.941Z [getAllProjects] Found 12 projects. Computing progress...
2026-05-21T07:16:39.943Z [getAllProjects] Success. Returning response.
2026-05-21T07:17:37.448Z [getAllProjects] Start - User: a6f2643a-6e8f-4bf2-bd33-6e86e4236c71, Org: 17674cf9-9aab-470b-98d9-b65820a3436e
2026-05-21T07:17:37.450Z [getAllProjects] Database and Model verified. Testing connection...
2026-05-21T07:17:37.451Z [getAllProjects] Connection Successful
2026-05-21T07:17:37.453Z [getAllProjects] Fetching all projects (no pagination)...
2026-05-21T07:17:37.469Z [getAllProjects] Found 12 projects. Computing progress...
2026-05-21T07:17:37.470Z [getAllProjects] Success. Returning response.
2026-05-21T07:17:38.830Z [getAllProjects] Start - User: a6f2643a-6e8f-4bf2-bd33-6e86e4236c71, Org: 17674cf9-9aab-470b-98d9-b65820a3436e
2026-05-21T07:17:38.832Z [getAllProjects] Database and Model verified. Testing connection...
2026-05-21T07:17:38.833Z [getAllProjects] Connection Successful
2026-05-21T07:17:38.835Z [getAllProjects] Fetching all projects (no pagination)...
2026-05-21T07:17:38.847Z [getAllProjects] Found 12 projects. Computing progress...
2026-05-21T07:17:38.849Z [getAllProjects] Success. Returning response.
2026-05-21T07:17:53.500Z [getAllProjects] Start - User: a6f2643a-6e8f-4bf2-bd33-6e86e4236c71, Org: 17674cf9-9aab-470b-98d9-b65820a3436e
2026-05-21T07:17:53.502Z [getAllProjects] Database and Model verified. Testing connection...
2026-05-21T07:17:53.505Z [getAllProjects] Connection Successful
2026-05-21T07:17:53.508Z [getAllProjects] Fetching all projects (no pagination)...
2026-05-21T07:17:53.520Z [getAllProjects] Found 12 projects. Computing progress...
2026-05-21T07:17:53.521Z [getAllProjects] Success. Returning response.
2026-05-21T07:18:06.558Z [getAllProjects] Start - User: 168ff0b0-b2a7-493e-91a3-59fa595209d8, Org: 17674cf9-9aab-470b-98d9-b65820a3436e
2026-05-21T07:18:06.561Z [getAllProjects] Database and Model verified. Testing connection...
2026-05-21T07:18:06.563Z [getAllProjects] Connection Successful
2026-05-21T07:18:06.565Z [getAllProjects] Fetching all projects (no pagination)...
2026-05-21T07:18:06.583Z [getAllProjects] Found 1 projects. Computing progress...
2026-05-21T07:18:06.585Z [getAllProjects] Success. Returning response.
2026-05-21T07:18:06.613Z [getAllProjects] Start - User: 168ff0b0-b2a7-493e-91a3-59fa595209d8, Org: 17674cf9-9aab-470b-98d9-b65820a3436e
2026-05-21T07:18:06.616Z [getAllProjects] Database and Model verified. Testing connection...
2026-05-21T07:18:06.617Z [getAllProjects] Connection Successful
2026-05-21T07:18:06.618Z [getAllProjects] Fetching all projects (no pagination)...
2026-05-21T07:18:06.638Z [getAllProjects] Found 1 projects. Computing progress...
2026-05-21T07:18:06.639Z [getAllProjects] Success. Returning response.
2026-05-21T07:18:08.590Z [getAllProjects] Start - User: 168ff0b0-b2a7-493e-91a3-59fa595209d8, Org: 17674cf9-9aab-470b-98d9-b65820a3436e
2026-05-21T07:18:08.593Z [getAllProjects] Database and Model verified. Testing connection...
2026-05-21T07:18:08.594Z [getAllProjects] Connection Successful
2026-05-21T07:18:08.596Z [getAllProjects] Fetching all projects (no pagination)...
2026-05-21T07:18:08.608Z [getAllProjects] Found 1 projects. Computing progress...
2026-05-21T07:18:08.611Z [getAllProjects] Success. Returning response.
2026-05-21T07:20:51.931Z [getAllProjects] Start - User: 168ff0b0-b2a7-493e-91a3-59fa595209d8, Org: 17674cf9-9aab-470b-98d9-b65820a3436e
2026-05-21T07:20:51.934Z [getAllProjects] Database and Model verified. Testing connection...
2026-05-21T07:20:51.936Z [getAllProjects] Connection Successful
2026-05-21T07:20:51.938Z [getAllProjects] Fetching all projects (no pagination)...
2026-05-21T07:20:51.958Z [getAllProjects] Found 1 projects. Computing progress...
2026-05-21T07:20:51.960Z [getAllProjects] Success. Returning response.
2026-05-21T07:24:26.072Z [getAllProjects] Start - User: 168ff0b0-b2a7-493e-91a3-59fa595209d8, Org: 17674cf9-9aab-470b-98d9-b65820a3436e
2026-05-21T07:24:26.074Z [getAllProjects] Database and Model verified. Testing connection...
2026-05-21T07:24:26.076Z [getAllProjects] Connection Successful
2026-05-21T07:24:26.077Z [getAllProjects] Fetching all projects (no pagination)...
2026-05-21T07:24:26.091Z [getAllProjects] Found 1 projects. Computing progress...
2026-05-21T07:24:26.094Z [getAllProjects] Success. Returning response.
2026-05-21T07:24:34.387Z [getAllProjects] Start - User: 168ff0b0-b2a7-493e-91a3-59fa595209d8, Org: 17674cf9-9aab-470b-98d9-b65820a3436e
2026-05-21T07:24:34.389Z [getAllProjects] Database and Model verified. Testing connection...
2026-05-21T07:24:34.390Z [getAllProjects] Connection Successful
2026-05-21T07:24:34.392Z [getAllProjects] Fetching all projects (no pagination)...
2026-05-21T07:24:34.408Z [getAllProjects] Found 1 projects. Computing progress...
2026-05-21T07:24:34.409Z [getAllProjects] Success. Returning response.
2026-05-21T07:27:09.388Z [getAllProjects] Start - User: 168ff0b0-b2a7-493e-91a3-59fa595209d8, Org: 17674cf9-9aab-470b-98d9-b65820a3436e
2026-05-21T07:27:09.390Z [getAllProjects] Database and Model verified. Testing connection...
2026-05-21T07:27:09.391Z [getAllProjects] Connection Successful
2026-05-21T07:27:09.392Z [getAllProjects] Fetching all projects (no pagination)...
2026-05-21T07:27:09.408Z [getAllProjects] Found 1 projects. Computing progress...
2026-05-21T07:27:09.409Z [getAllProjects] Success. Returning response.
2026-05-21T07:30:20.219Z [getAllProjects] Start - User: 168ff0b0-b2a7-493e-91a3-59fa595209d8, Org: 17674cf9-9aab-470b-98d9-b65820a3436e
2026-05-21T07:30:20.221Z [getAllProjects] Database and Model verified. Testing connection...
2026-05-21T07:30:20.223Z [getAllProjects] Connection Successful
2026-05-21T07:30:20.225Z [getAllProjects] Fetching paginated projects (page: 1, limit: 10)...
2026-05-21T07:30:20.407Z [getAllProjects] Found 1 projects (Total: 1). Computing progress...
2026-05-21T07:30:20.409Z [getAllProjects] Success. Returning paginated response.
2026-05-21T07:30:24.285Z [getAllProjects] Start - User: 168ff0b0-b2a7-493e-91a3-59fa595209d8, Org: 17674cf9-9aab-470b-98d9-b65820a3436e
2026-05-21T07:30:24.287Z [getAllProjects] Database and Model verified. Testing connection...
2026-05-21T07:30:24.289Z [getAllProjects] Connection Successful
2026-05-21T07:30:24.291Z [getAllProjects] Fetching all projects (no pagination)...
2026-05-21T07:30:24.307Z [getAllProjects] Found 1 projects. Computing progress...
2026-05-21T07:30:24.308Z [getAllProjects] Success. Returning response.
2026-05-21T07:30:33.850Z [getAllProjects] Start - User: 168ff0b0-b2a7-493e-91a3-59fa595209d8, Org: 17674cf9-9aab-470b-98d9-b65820a3436e
2026-05-21T07:30:33.853Z [getAllProjects] Database and Model verified. Testing connection...
2026-05-21T07:30:33.855Z [getAllProjects] Connection Successful
2026-05-21T07:30:33.856Z [getAllProjects] Fetching all projects (no pagination)...
2026-05-21T07:30:33.866Z [getAllProjects] Found 1 projects. Computing progress...
2026-05-21T07:30:33.867Z [getAllProjects] Success. Returning response.
2026-05-21T07:31:00.360Z [getAllProjects] Start - User: 168ff0b0-b2a7-493e-91a3-59fa595209d8, Org: 17674cf9-9aab-470b-98d9-b65820a3436e
2026-05-21T07:31:00.361Z [getAllProjects] Database and Model verified. Testing connection...
2026-05-21T07:31:00.362Z [getAllProjects] Connection Successful
2026-05-21T07:31:00.364Z [getAllProjects] Fetching all projects (no pagination)...
2026-05-21T07:31:00.372Z [getAllProjects] Found 1 projects. Computing progress...
2026-05-21T07:31:00.373Z [getAllProjects] Success. Returning response.
2026-05-21T07:31:00.874Z [getAllProjects] Start - User: 168ff0b0-b2a7-493e-91a3-59fa595209d8, Org: 17674cf9-9aab-470b-98d9-b65820a3436e
2026-05-21T07:31:00.875Z [getAllProjects] Database and Model verified. Testing connection...
2026-05-21T07:31:00.876Z [getAllProjects] Connection Successful
2026-05-21T07:31:00.877Z [getAllProjects] Fetching all projects (no pagination)...
2026-05-21T07:31:00.885Z [getAllProjects] Found 1 projects. Computing progress...
2026-05-21T07:31:00.887Z [getAllProjects] Success. Returning response.
2026-05-21T07:32:08.782Z [getAllProjects] Start - User: 168ff0b0-b2a7-493e-91a3-59fa595209d8, Org: 17674cf9-9aab-470b-98d9-b65820a3436e
2026-05-21T07:32:08.785Z [getAllProjects] Database and Model verified. Testing connection...
2026-05-21T07:32:08.787Z [getAllProjects] Connection Successful
2026-05-21T07:32:08.789Z [getAllProjects] Fetching all projects (no pagination)...
2026-05-21T07:32:08.796Z [getAllProjects] Found 1 projects. Computing progress...
2026-05-21T07:32:08.797Z [getAllProjects] Success. Returning response.
2026-05-21T07:32:18.863Z [getAllProjects] Start - User: 168ff0b0-b2a7-493e-91a3-59fa595209d8, Org: 17674cf9-9aab-470b-98d9-b65820a3436e
2026-05-21T07:32:18.870Z [getAllProjects] Database and Model verified. Testing connection...
2026-05-21T07:32:18.875Z [getAllProjects] Connection Successful
2026-05-21T07:32:18.878Z [getAllProjects] Fetching all projects (no pagination)...
2026-05-21T07:32:18.899Z [getAllProjects] Found 1 projects. Computing progress...
2026-05-21T07:32:18.902Z [getAllProjects] Success. Returning response.
2026-05-21T07:34:00.057Z [getAllProjects] Start - User: 168ff0b0-b2a7-493e-91a3-59fa595209d8, Org: 17674cf9-9aab-470b-98d9-b65820a3436e
2026-05-21T07:34:00.059Z [getAllProjects] Database and Model verified. Testing connection...
2026-05-21T07:34:00.060Z [getAllProjects] Connection Successful
2026-05-21T07:34:00.061Z [getAllProjects] Fetching all projects (no pagination)...
2026-05-21T07:34:00.081Z [getAllProjects] Found 1 projects. Computing progress...
2026-05-21T07:34:00.082Z [getAllProjects] Success. Returning response.
2026-05-21T07:35:06.747Z [getAllProjects] Start - User: 168ff0b0-b2a7-493e-91a3-59fa595209d8, Org: 17674cf9-9aab-470b-98d9-b65820a3436e
2026-05-21T07:35:06.749Z [getAllProjects] Database and Model verified. Testing connection...
2026-05-21T07:35:06.751Z [getAllProjects] Connection Successful
2026-05-21T07:35:06.752Z [getAllProjects] Fetching paginated projects (page: 1, limit: 10)...
2026-05-21T07:35:06.763Z [getAllProjects] Found 1 projects (Total: 1). Computing progress...
2026-05-21T07:35:06.764Z [getAllProjects] Success. Returning paginated response.
2026-05-21T07:35:07.643Z [getAllProjects] Start - User: 168ff0b0-b2a7-493e-91a3-59fa595209d8, Org: 17674cf9-9aab-470b-98d9-b65820a3436e
2026-05-21T07:35:07.645Z [getAllProjects] Database and Model verified. Testing connection...
2026-05-21T07:35:07.647Z [getAllProjects] Connection Successful
2026-05-21T07:35:07.648Z [getAllProjects] Fetching all projects (no pagination)...
2026-05-21T07:35:07.655Z [getAllProjects] Found 1 projects. Computing progress...
2026-05-21T07:35:07.657Z [getAllProjects] Success. Returning response.
2026-05-21T07:35:28.828Z [getAllProjects] Start - User: 168ff0b0-b2a7-493e-91a3-59fa595209d8, Org: 17674cf9-9aab-470b-98d9-b65820a3436e
2026-05-21T07:35:28.830Z [getAllProjects] Database and Model verified. Testing connection...
2026-05-21T07:35:28.831Z [getAllProjects] Connection Successful
2026-05-21T07:35:28.832Z [getAllProjects] Fetching all projects (no pagination)...
2026-05-21T07:35:28.838Z [getAllProjects] Found 1 projects. Computing progress...
2026-05-21T07:35:28.839Z [getAllProjects] Success. Returning response.
2026-05-21T07:35:55.409Z [getAllProjects] Start - User: 168ff0b0-b2a7-493e-91a3-59fa595209d8, Org: 17674cf9-9aab-470b-98d9-b65820a3436e
2026-05-21T07:35:55.411Z [getAllProjects] Database and Model verified. Testing connection...
2026-05-21T07:35:55.412Z [getAllProjects] Connection Successful
2026-05-21T07:35:55.414Z [getAllProjects] Fetching all projects (no pagination)...
2026-05-21T07:35:55.420Z [getAllProjects] Found 1 projects. Computing progress...
2026-05-21T07:35:55.422Z [getAllProjects] Success. Returning response.
2026-05-21T07:35:57.351Z [getAllProjects] Start - User: 168ff0b0-b2a7-493e-91a3-59fa595209d8, Org: 17674cf9-9aab-470b-98d9-b65820a3436e
2026-05-21T07:35:57.353Z [getAllProjects] Database and Model verified. Testing connection...
2026-05-21T07:35:57.354Z [getAllProjects] Connection Successful
2026-05-21T07:35:57.355Z [getAllProjects] Fetching all projects (no pagination)...
2026-05-21T07:35:57.368Z [getAllProjects] Found 1 projects. Computing progress...
2026-05-21T07:35:57.370Z [getAllProjects] Success. Returning response.
2026-05-21T07:35:59.683Z [getAllProjects] Start - User: 168ff0b0-b2a7-493e-91a3-59fa595209d8, Org: 17674cf9-9aab-470b-98d9-b65820a3436e
2026-05-21T07:35:59.685Z [getAllProjects] Database and Model verified. Testing connection...
2026-05-21T07:35:59.687Z [getAllProjects] Connection Successful
2026-05-21T07:35:59.688Z [getAllProjects] Fetching all projects (no pagination)...
2026-05-21T07:35:59.700Z [getAllProjects] Found 1 projects. Computing progress...
2026-05-21T07:35:59.701Z [getAllProjects] Success. Returning response.
2026-05-21T07:36:57.749Z [getAllProjects] Start - User: 168ff0b0-b2a7-493e-91a3-59fa595209d8, Org: 17674cf9-9aab-470b-98d9-b65820a3436e
2026-05-21T07:36:57.752Z [getAllProjects] Database and Model verified. Testing connection...
2026-05-21T07:36:57.753Z [getAllProjects] Connection Successful
2026-05-21T07:36:57.754Z [getAllProjects] Fetching all projects (no pagination)...
2026-05-21T07:36:57.764Z [getAllProjects] Found 1 projects. Computing progress...
2026-05-21T07:36:57.766Z [getAllProjects] Success. Returning response.
2026-05-21T07:39:49.839Z [getAllProjects] Start - User: 168ff0b0-b2a7-493e-91a3-59fa595209d8, Org: 17674cf9-9aab-470b-98d9-b65820a3436e
2026-05-21T07:39:49.841Z [getAllProjects] Database and Model verified. Testing connection...
2026-05-21T07:39:49.842Z [getAllProjects] Connection Successful
2026-05-21T07:39:49.843Z [getAllProjects] Fetching all projects (no pagination)...
2026-05-21T07:39:49.850Z [getAllProjects] Found 1 projects. Computing progress...
2026-05-21T07:39:49.851Z [getAllProjects] Success. Returning response.
2026-05-21T07:42:27.834Z [getAllProjects] Start - User: 168ff0b0-b2a7-493e-91a3-59fa595209d8, Org: 17674cf9-9aab-470b-98d9-b65820a3436e
2026-05-21T07:42:27.835Z [getAllProjects] Database and Model verified. Testing connection...
2026-05-21T07:42:27.836Z [getAllProjects] Connection Successful
2026-05-21T07:42:27.838Z [getAllProjects] Fetching all projects (no pagination)...
2026-05-21T07:42:27.847Z [getAllProjects] Found 1 projects. Computing progress...
2026-05-21T07:42:27.848Z [getAllProjects] Success. Returning response.
2026-05-21T07:42:53.608Z [getAllProjects] Start - User: 168ff0b0-b2a7-493e-91a3-59fa595209d8, Org: 17674cf9-9aab-470b-98d9-b65820a3436e
2026-05-21T07:42:53.610Z [getAllProjects] Database and Model verified. Testing connection...
2026-05-21T07:42:53.611Z [getAllProjects] Connection Successful
2026-05-21T07:42:53.612Z [getAllProjects] Fetching all projects (no pagination)...
2026-05-21T07:42:53.626Z [getAllProjects] Found 1 projects. Computing progress...
2026-05-21T07:42:53.628Z [getAllProjects] Success. Returning response.
2026-05-21T07:42:56.360Z [getAllProjects] Start - User: 168ff0b0-b2a7-493e-91a3-59fa595209d8, Org: 17674cf9-9aab-470b-98d9-b65820a3436e
2026-05-21T07:42:56.362Z [getAllProjects] Database and Model verified. Testing connection...
2026-05-21T07:42:56.363Z [getAllProjects] Connection Successful
2026-05-21T07:42:56.364Z [getAllProjects] Fetching all projects (no pagination)...
2026-05-21T07:42:56.373Z [getAllProjects] Found 1 projects. Computing progress...
2026-05-21T07:42:56.375Z [getAllProjects] Success. Returning response.
2026-05-21T07:44:00.323Z [getAllProjects] Start - User: 168ff0b0-b2a7-493e-91a3-59fa595209d8, Org: 17674cf9-9aab-470b-98d9-b65820a3436e
2026-05-21T07:44:00.325Z [getAllProjects] Database and Model verified. Testing connection...
2026-05-21T07:44:00.327Z [getAllProjects] Connection Successful
2026-05-21T07:44:00.328Z [getAllProjects] Fetching all projects (no pagination)...
2026-05-21T07:44:00.338Z [getAllProjects] Found 1 projects. Computing progress...
2026-05-21T07:44:00.341Z [getAllProjects] Success. Returning response.
2026-05-21T07:44:02.957Z [getAllProjects] Start - User: 168ff0b0-b2a7-493e-91a3-59fa595209d8, Org: 17674cf9-9aab-470b-98d9-b65820a3436e
2026-05-21T07:44:02.960Z [getAllProjects] Database and Model verified. Testing connection...
2026-05-21T07:44:02.961Z [getAllProjects] Connection Successful
2026-05-21T07:44:02.962Z [getAllProjects] Fetching paginated projects (page: 1, limit: 10)...
2026-05-21T07:44:02.972Z [getAllProjects] Found 1 projects (Total: 1). Computing progress...
2026-05-21T07:44:02.974Z [getAllProjects] Success. Returning paginated response.
2026-05-21T07:44:05.072Z [getAllProjects] Start - User: 168ff0b0-b2a7-493e-91a3-59fa595209d8, Org: 17674cf9-9aab-470b-98d9-b65820a3436e
2026-05-21T07:44:05.074Z [getAllProjects] Database and Model verified. Testing connection...
2026-05-21T07:44:05.076Z [getAllProjects] Connection Successful
2026-05-21T07:44:05.077Z [getAllProjects] Fetching all projects (no pagination)...
2026-05-21T07:44:05.089Z [getAllProjects] Found 1 projects. Computing progress...
2026-05-21T07:44:05.092Z [getAllProjects] Success. Returning response.
2026-05-21T07:44:36.420Z [getAllProjects] Start - User: 168ff0b0-b2a7-493e-91a3-59fa595209d8, Org: 17674cf9-9aab-470b-98d9-b65820a3436e
2026-05-21T07:44:36.421Z [getAllProjects] Database and Model verified. Testing connection...
2026-05-21T07:44:36.422Z [getAllProjects] Connection Successful
2026-05-21T07:44:36.423Z [getAllProjects] Fetching all projects (no pagination)...
2026-05-21T07:44:36.430Z [getAllProjects] Found 1 projects. Computing progress...
2026-05-21T07:44:36.431Z [getAllProjects] Success. Returning response.
2026-05-21T07:44:42.400Z [getAllProjects] Start - User: 168ff0b0-b2a7-493e-91a3-59fa595209d8, Org: 17674cf9-9aab-470b-98d9-b65820a3436e
2026-05-21T07:44:42.402Z [getAllProjects] Database and Model verified. Testing connection...
2026-05-21T07:44:42.403Z [getAllProjects] Connection Successful
2026-05-21T07:44:42.404Z [getAllProjects] Fetching all projects (no pagination)...
2026-05-21T07:44:42.415Z [getAllProjects] Found 1 projects. Computing progress...
2026-05-21T07:44:42.417Z [getAllProjects] Success. Returning response.
2026-05-21T07:44:48.894Z [getAllProjects] Start - User: 168ff0b0-b2a7-493e-91a3-59fa595209d8, Org: 17674cf9-9aab-470b-98d9-b65820a3436e
2026-05-21T07:44:48.896Z [getAllProjects] Database and Model verified. Testing connection...
2026-05-21T07:44:48.897Z [getAllProjects] Connection Successful
2026-05-21T07:44:48.898Z [getAllProjects] Fetching all projects (no pagination)...
2026-05-21T07:44:48.908Z [getAllProjects] Found 1 projects. Computing progress...
2026-05-21T07:44:48.910Z [getAllProjects] Success. Returning response.
2026-05-21T07:45:02.587Z [getAllProjects] Start - User: 168ff0b0-b2a7-493e-91a3-59fa595209d8, Org: 17674cf9-9aab-470b-98d9-b65820a3436e
2026-05-21T07:45:02.598Z [getAllProjects] Database and Model verified. Testing connection...
2026-05-21T07:45:02.619Z [getAllProjects] Connection Successful
2026-05-21T07:45:02.639Z [getAllProjects] Fetching all projects (no pagination)...
2026-05-21T07:45:02.652Z [getAllProjects] Found 1 projects. Computing progress...
2026-05-21T07:45:02.656Z [getAllProjects] Success. Returning response.
2026-05-21T07:45:15.785Z [getAllProjects] Start - User: 168ff0b0-b2a7-493e-91a3-59fa595209d8, Org: 17674cf9-9aab-470b-98d9-b65820a3436e
2026-05-21T07:45:15.787Z [getAllProjects] Database and Model verified. Testing connection...
2026-05-21T07:45:15.788Z [getAllProjects] Connection Successful
2026-05-21T07:45:15.789Z [getAllProjects] Fetching all projects (no pagination)...
2026-05-21T07:45:15.798Z [getAllProjects] Found 1 projects. Computing progress...
2026-05-21T07:45:15.800Z [getAllProjects] Success. Returning response.
2026-05-21T07:45:17.033Z [getAllProjects] Start - User: 168ff0b0-b2a7-493e-91a3-59fa595209d8, Org: 17674cf9-9aab-470b-98d9-b65820a3436e
2026-05-21T07:45:17.034Z [getAllProjects] Database and Model verified. Testing connection...
2026-05-21T07:45:17.036Z [getAllProjects] Connection Successful
2026-05-21T07:45:17.037Z [getAllProjects] Fetching all projects (no pagination)...
2026-05-21T07:45:17.047Z [getAllProjects] Found 1 projects. Computing progress...
2026-05-21T07:45:17.050Z [getAllProjects] Success. Returning response.
2026-05-21T07:45:33.491Z [getAllProjects] Start - User: 168ff0b0-b2a7-493e-91a3-59fa595209d8, Org: 17674cf9-9aab-470b-98d9-b65820a3436e
2026-05-21T07:45:33.495Z [getAllProjects] Database and Model verified. Testing connection...
2026-05-21T07:45:33.498Z [getAllProjects] Connection Successful
2026-05-21T07:45:33.500Z [getAllProjects] Fetching all projects (no pagination)...
2026-05-21T07:45:33.514Z [getAllProjects] Found 1 projects. Computing progress...
2026-05-21T07:45:33.516Z [getAllProjects] Success. Returning response.
2026-05-21T07:45:39.449Z [getAllProjects] Start - User: 168ff0b0-b2a7-493e-91a3-59fa595209d8, Org: 17674cf9-9aab-470b-98d9-b65820a3436e
2026-05-21T07:45:39.452Z [getAllProjects] Database and Model verified. Testing connection...
2026-05-21T07:45:39.454Z [getAllProjects] Connection Successful
2026-05-21T07:45:39.455Z [getAllProjects] Fetching all projects (no pagination)...
2026-05-21T07:45:39.467Z [getAllProjects] Found 1 projects. Computing progress...
2026-05-21T07:45:39.468Z [getAllProjects] Success. Returning response.
2026-05-21T07:45:40.791Z [getAllProjects] Start - User: 168ff0b0-b2a7-493e-91a3-59fa595209d8, Org: 17674cf9-9aab-470b-98d9-b65820a3436e
2026-05-21T07:45:40.793Z [getAllProjects] Database and Model verified. Testing connection...
2026-05-21T07:45:40.794Z [getAllProjects] Connection Successful
2026-05-21T07:45:40.795Z [getAllProjects] Fetching all projects (no pagination)...
2026-05-21T07:45:40.804Z [getAllProjects] Found 1 projects. Computing progress...
2026-05-21T07:45:40.805Z [getAllProjects] Success. Returning response.
2026-05-21T07:49:36.799Z [getAllProjects] Start - User: 168ff0b0-b2a7-493e-91a3-59fa595209d8, Org: 17674cf9-9aab-470b-98d9-b65820a3436e
2026-05-21T07:49:36.801Z [getAllProjects] Database and Model verified. Testing connection...
2026-05-21T07:49:36.803Z [getAllProjects] Connection Successful
2026-05-21T07:49:36.804Z [getAllProjects] Fetching all projects (no pagination)...
2026-05-21T07:49:36.818Z [getAllProjects] Found 1 projects. Computing progress...
2026-05-21T07:49:36.820Z [getAllProjects] Success. Returning response.
2026-05-21T07:50:05.877Z [getAllProjects] Start - User: 168ff0b0-b2a7-493e-91a3-59fa595209d8, Org: 17674cf9-9aab-470b-98d9-b65820a3436e
2026-05-21T07:50:05.878Z [getAllProjects] Database and Model verified. Testing connection...
2026-05-21T07:50:05.879Z [getAllProjects] Connection Successful
2026-05-21T07:50:05.880Z [getAllProjects] Fetching all projects (no pagination)...
2026-05-21T07:50:05.889Z [getAllProjects] Found 1 projects. Computing progress...
2026-05-21T07:50:05.890Z [getAllProjects] Success. Returning response.
2026-05-21T07:50:08.242Z [getAllProjects] Start - User: 168ff0b0-b2a7-493e-91a3-59fa595209d8, Org: 17674cf9-9aab-470b-98d9-b65820a3436e
2026-05-21T07:50:08.245Z [getAllProjects] Database and Model verified. Testing connection...
2026-05-21T07:50:08.247Z [getAllProjects] Connection Successful
2026-05-21T07:50:08.249Z [getAllProjects] Fetching all projects (no pagination)...
2026-05-21T07:50:08.262Z [getAllProjects] Found 1 projects. Computing progress...
2026-05-21T07:50:08.264Z [getAllProjects] Success. Returning response.
2026-05-21T07:50:11.187Z [getAllProjects] Start - User: 168ff0b0-b2a7-493e-91a3-59fa595209d8, Org: 17674cf9-9aab-470b-98d9-b65820a3436e
2026-05-21T07:50:11.189Z [getAllProjects] Database and Model verified. Testing connection...
2026-05-21T07:50:11.191Z [getAllProjects] Connection Successful
2026-05-21T07:50:11.194Z [getAllProjects] Fetching all projects (no pagination)...
2026-05-21T07:50:11.210Z [getAllProjects] Found 1 projects. Computing progress...
2026-05-21T07:50:11.212Z [getAllProjects] Success. Returning response.
2026-05-21T07:50:12.727Z [getAllProjects] Start - User: 168ff0b0-b2a7-493e-91a3-59fa595209d8, Org: 17674cf9-9aab-470b-98d9-b65820a3436e
2026-05-21T07:50:12.729Z [getAllProjects] Database and Model verified. Testing connection...
2026-05-21T07:50:12.731Z [getAllProjects] Connection Successful
2026-05-21T07:50:12.732Z [getAllProjects] Fetching all projects (no pagination)...
2026-05-21T07:50:12.742Z [getAllProjects] Found 1 projects. Computing progress...
2026-05-21T07:50:12.744Z [getAllProjects] Success. Returning response.
2026-05-21T07:50:13.901Z [getAllProjects] Start - User: 168ff0b0-b2a7-493e-91a3-59fa595209d8, Org: 17674cf9-9aab-470b-98d9-b65820a3436e
2026-05-21T07:50:13.903Z [getAllProjects] Database and Model verified. Testing connection...
2026-05-21T07:50:13.905Z [getAllProjects] Connection Successful
2026-05-21T07:50:13.906Z [getAllProjects] Fetching paginated projects (page: 1, limit: 10)...
2026-05-21T07:50:13.916Z [getAllProjects] Found 1 projects (Total: 1). Computing progress...
2026-05-21T07:50:13.918Z [getAllProjects] Success. Returning paginated response.
2026-05-21T07:50:15.989Z [getAllProjects] Start - User: 168ff0b0-b2a7-493e-91a3-59fa595209d8, Org: 17674cf9-9aab-470b-98d9-b65820a3436e
2026-05-21T07:50:15.991Z [getAllProjects] Database and Model verified. Testing connection...
2026-05-21T07:50:15.993Z [getAllProjects] Connection Successful
2026-05-21T07:50:15.995Z [getAllProjects] Fetching all projects (no pagination)...
2026-05-21T07:50:16.009Z [getAllProjects] Found 1 projects. Computing progress...
2026-05-21T07:50:16.010Z [getAllProjects] Success. Returning response.
2026-05-21T07:50:24.097Z [getAllProjects] Start - User: a6f2643a-6e8f-4bf2-bd33-6e86e4236c71, Org: 17674cf9-9aab-470b-98d9-b65820a3436e
2026-05-21T07:50:24.099Z [getAllProjects] Database and Model verified. Testing connection...
2026-05-21T07:50:24.100Z [getAllProjects] Connection Successful
2026-05-21T07:50:24.103Z [getAllProjects] Fetching all projects (no pagination)...
2026-05-21T07:50:24.119Z [getAllProjects] Found 12 projects. Computing progress...
2026-05-21T07:50:24.121Z [getAllProjects] Success. Returning response.
2026-05-21T07:50:24.172Z [getAllProjects] Start - User: a6f2643a-6e8f-4bf2-bd33-6e86e4236c71, Org: 17674cf9-9aab-470b-98d9-b65820a3436e
2026-05-21T07:50:24.181Z [getAllProjects] Database and Model verified. Testing connection...
2026-05-21T07:50:24.197Z [getAllProjects] Connection Successful
2026-05-21T07:50:24.212Z [getAllProjects] Fetching all projects (no pagination)...
2026-05-21T07:50:24.256Z [getAllProjects] Found 12 projects. Computing progress...
2026-05-21T07:50:24.268Z [getAllProjects] Success. Returning response.
2026-05-21T07:50:26.334Z [getAllProjects] Start - User: a6f2643a-6e8f-4bf2-bd33-6e86e4236c71, Org: 17674cf9-9aab-470b-98d9-b65820a3436e
2026-05-21T07:50:26.336Z [getAllProjects] Database and Model verified. Testing connection...
2026-05-21T07:50:26.338Z [getAllProjects] Connection Successful
2026-05-21T07:50:26.339Z [getAllProjects] Fetching paginated projects (page: 1, limit: 10)...
2026-05-21T07:50:26.349Z [getAllProjects] Found 10 projects (Total: 12). Computing progress...
2026-05-21T07:50:26.351Z [getAllProjects] Success. Returning paginated response.
2026-05-21T07:50:28.645Z [getAllProjects] Start - User: a6f2643a-6e8f-4bf2-bd33-6e86e4236c71, Org: 17674cf9-9aab-470b-98d9-b65820a3436e
2026-05-21T07:50:28.647Z [getAllProjects] Database and Model verified. Testing connection...
2026-05-21T07:50:28.648Z [getAllProjects] Connection Successful
2026-05-21T07:50:28.649Z [getAllProjects] Fetching all projects (no pagination)...
2026-05-21T07:50:28.663Z [getAllProjects] Found 12 projects. Computing progress...
2026-05-21T07:50:28.666Z [getAllProjects] Success. Returning response.
2026-05-21T07:58:29.793Z [getAllProjects] Start - User: a6f2643a-6e8f-4bf2-bd33-6e86e4236c71, Org: 17674cf9-9aab-470b-98d9-b65820a3436e
2026-05-21T07:58:29.797Z [getAllProjects] Database and Model verified. Testing connection...
2026-05-21T07:58:29.799Z [getAllProjects] Connection Successful
2026-05-21T07:58:29.801Z [getAllProjects] Fetching all projects (no pagination)...
2026-05-21T07:58:29.820Z [getAllProjects] Found 12 projects. Computing progress...
2026-05-21T07:58:29.822Z [getAllProjects] Success. Returning response.
2026-05-21T08:00:42.261Z [getAllProjects] Start - User: a6f2643a-6e8f-4bf2-bd33-6e86e4236c71, Org: 17674cf9-9aab-470b-98d9-b65820a3436e
2026-05-21T08:00:42.263Z [getAllProjects] Database and Model verified. Testing connection...
2026-05-21T08:00:42.264Z [getAllProjects] Connection Successful
2026-05-21T08:00:42.265Z [getAllProjects] Fetching all projects (no pagination)...
2026-05-21T08:00:42.281Z [getAllProjects] Found 12 projects. Computing progress...
2026-05-21T08:00:42.282Z [getAllProjects] Success. Returning response.
2026-05-21T08:08:20.281Z [getAllProjects] Start - User: a6f2643a-6e8f-4bf2-bd33-6e86e4236c71, Org: 17674cf9-9aab-470b-98d9-b65820a3436e
2026-05-21T08:08:20.283Z [getAllProjects] Database and Model verified. Testing connection...
2026-05-21T08:08:20.285Z [getAllProjects] Connection Successful
2026-05-21T08:08:20.286Z [getAllProjects] Fetching all projects (no pagination)...
2026-05-21T08:08:20.294Z [getAllProjects] Found 12 projects. Computing progress...
2026-05-21T08:08:20.295Z [getAllProjects] Success. Returning response.
2026-05-21T09:29:48.265Z [getAllProjects] Start - User: a6f2643a-6e8f-4bf2-bd33-6e86e4236c71, Org: 17674cf9-9aab-470b-98d9-b65820a3436e
2026-05-21T09:29:48.268Z [getAllProjects] Database and Model verified. Testing connection...
2026-05-21T09:29:48.273Z [getAllProjects] Connection Successful
2026-05-21T09:29:48.275Z [getAllProjects] Fetching all projects (no pagination)...
2026-05-21T09:29:48.298Z [getAllProjects] Found 12 projects. Computing progress...
2026-05-21T09:29:48.300Z [getAllProjects] Success. Returning response.
2026-05-21T09:29:48.400Z [getAllProjects] Start - User: a6f2643a-6e8f-4bf2-bd33-6e86e4236c71, Org: 17674cf9-9aab-470b-98d9-b65820a3436e
2026-05-21T09:29:48.402Z [getAllProjects] Database and Model verified. Testing connection...
2026-05-21T09:29:48.403Z [getAllProjects] Connection Successful
2026-05-21T09:29:48.404Z [getAllProjects] Fetching all projects (no pagination)...
2026-05-21T09:29:48.418Z [getAllProjects] Found 12 projects. Computing progress...
2026-05-21T09:29:48.419Z [getAllProjects] Success. Returning response.
2026-05-21T09:29:51.401Z [getAllProjects] Start - User: a6f2643a-6e8f-4bf2-bd33-6e86e4236c71, Org: 17674cf9-9aab-470b-98d9-b65820a3436e
2026-05-21T09:29:51.403Z [getAllProjects] Database and Model verified. Testing connection...
2026-05-21T09:29:51.404Z [getAllProjects] Connection Successful
2026-05-21T09:29:51.406Z [getAllProjects] Fetching paginated projects (page: 1, limit: 10)...
2026-05-21T09:29:51.425Z [getAllProjects] Found 10 projects (Total: 12). Computing progress...
2026-05-21T09:29:51.427Z [getAllProjects] Success. Returning paginated response.
2026-05-21T09:29:53.756Z [getAllProjects] Start - User: a6f2643a-6e8f-4bf2-bd33-6e86e4236c71, Org: 17674cf9-9aab-470b-98d9-b65820a3436e
2026-05-21T09:29:53.758Z [getAllProjects] Database and Model verified. Testing connection...
2026-05-21T09:29:53.759Z [getAllProjects] Connection Successful
2026-05-21T09:29:53.760Z [getAllProjects] Fetching all projects (no pagination)...
2026-05-21T09:29:53.772Z [getAllProjects] Found 12 projects. Computing progress...
2026-05-21T09:29:53.774Z [getAllProjects] Success. Returning response.
2026-05-21T09:30:28.426Z [getAllProjects] Start - User: a6f2643a-6e8f-4bf2-bd33-6e86e4236c71, Org: 17674cf9-9aab-470b-98d9-b65820a3436e
2026-05-21T09:30:28.428Z [getAllProjects] Database and Model verified. Testing connection...
2026-05-21T09:30:28.429Z [getAllProjects] Connection Successful
2026-05-21T09:30:28.430Z [getAllProjects] Fetching all projects (no pagination)...
2026-05-21T09:30:28.439Z [getAllProjects] Found 12 projects. Computing progress...
2026-05-21T09:30:28.441Z [getAllProjects] Success. Returning response.
2026-05-21T09:34:57.795Z [getAllProjects] Start - User: a6f2643a-6e8f-4bf2-bd33-6e86e4236c71, Org: 17674cf9-9aab-470b-98d9-b65820a3436e
2026-05-21T09:34:57.796Z [getAllProjects] Database and Model verified. Testing connection...
2026-05-21T09:34:57.797Z [getAllProjects] Connection Successful
2026-05-21T09:34:57.798Z [getAllProjects] Fetching all projects (no pagination)...
2026-05-21T09:34:57.807Z [getAllProjects] Found 13 projects. Computing progress...
2026-05-21T09:34:57.809Z [getAllProjects] Success. Returning response.
2026-05-21T09:35:14.070Z [getAllProjects] Start - User: 168ff0b0-b2a7-493e-91a3-59fa595209d8, Org: 17674cf9-9aab-470b-98d9-b65820a3436e
2026-05-21T09:35:14.072Z [getAllProjects] Database and Model verified. Testing connection...
2026-05-21T09:35:14.073Z [getAllProjects] Connection Successful
2026-05-21T09:35:14.075Z [getAllProjects] Fetching all projects (no pagination)...
2026-05-21T09:35:14.094Z [getAllProjects] Found 2 projects. Computing progress...
2026-05-21T09:35:14.100Z [getAllProjects] Success. Returning response.
2026-05-21T09:35:14.140Z [getAllProjects] Start - User: 168ff0b0-b2a7-493e-91a3-59fa595209d8, Org: 17674cf9-9aab-470b-98d9-b65820a3436e
2026-05-21T09:35:14.141Z [getAllProjects] Database and Model verified. Testing connection...
2026-05-21T09:35:14.142Z [getAllProjects] Connection Successful
2026-05-21T09:35:14.144Z [getAllProjects] Fetching all projects (no pagination)...
2026-05-21T09:35:14.169Z [getAllProjects] Found 2 projects. Computing progress...
2026-05-21T09:35:14.171Z [getAllProjects] Success. Returning response.
2026-05-21T09:35:36.498Z [getAllProjects] Start - User: 168ff0b0-b2a7-493e-91a3-59fa595209d8, Org: 17674cf9-9aab-470b-98d9-b65820a3436e
2026-05-21T09:35:36.500Z [getAllProjects] Database and Model verified. Testing connection...
2026-05-21T09:35:36.502Z [getAllProjects] Connection Successful
2026-05-21T09:35:36.505Z [getAllProjects] Fetching all projects (no pagination)...
2026-05-21T09:35:36.515Z [getAllProjects] Found 2 projects. Computing progress...
2026-05-21T09:35:36.517Z [getAllProjects] Success. Returning response.
2026-05-21T09:36:10.918Z [getAllProjects] Start - User: 168ff0b0-b2a7-493e-91a3-59fa595209d8, Org: 17674cf9-9aab-470b-98d9-b65820a3436e
2026-05-21T09:36:10.920Z [getAllProjects] Database and Model verified. Testing connection...
2026-05-21T09:36:10.922Z [getAllProjects] Connection Successful
2026-05-21T09:36:10.923Z [getAllProjects] Fetching all projects (no pagination)...
2026-05-21T09:36:10.930Z [getAllProjects] Found 2 projects. Computing progress...
2026-05-21T09:36:10.931Z [getAllProjects] Success. Returning response.
2026-05-21T09:36:43.401Z [getAllProjects] Start - User: 168ff0b0-b2a7-493e-91a3-59fa595209d8, Org: 17674cf9-9aab-470b-98d9-b65820a3436e
2026-05-21T09:36:43.403Z [getAllProjects] Database and Model verified. Testing connection...
2026-05-21T09:36:43.405Z [getAllProjects] Connection Successful
2026-05-21T09:36:43.407Z [getAllProjects] Fetching all projects (no pagination)...
2026-05-21T09:36:43.417Z [getAllProjects] Found 2 projects. Computing progress...
2026-05-21T09:36:43.418Z [getAllProjects] Success. Returning response.
2026-05-21T09:36:45.610Z [getAllProjects] Start - User: 168ff0b0-b2a7-493e-91a3-59fa595209d8, Org: 17674cf9-9aab-470b-98d9-b65820a3436e
2026-05-21T09:36:45.612Z [getAllProjects] Database and Model verified. Testing connection...
2026-05-21T09:36:45.613Z [getAllProjects] Connection Successful
2026-05-21T09:36:45.614Z [getAllProjects] Fetching all projects (no pagination)...
2026-05-21T09:36:45.624Z [getAllProjects] Found 2 projects. Computing progress...
2026-05-21T09:36:45.626Z [getAllProjects] Success. Returning response.
2026-05-21T09:36:53.211Z [getAllProjects] Start - User: 168ff0b0-b2a7-493e-91a3-59fa595209d8, Org: 17674cf9-9aab-470b-98d9-b65820a3436e
2026-05-21T09:36:53.212Z [getAllProjects] Database and Model verified. Testing connection...
2026-05-21T09:36:53.215Z [getAllProjects] Connection Successful
2026-05-21T09:36:53.216Z [getAllProjects] Fetching all projects (no pagination)...
2026-05-21T09:36:53.224Z [getAllProjects] Found 2 projects. Computing progress...
2026-05-21T09:36:53.226Z [getAllProjects] Success. Returning response.
2026-05-21T09:39:20.802Z [getAllProjects] Start - User: 168ff0b0-b2a7-493e-91a3-59fa595209d8, Org: 17674cf9-9aab-470b-98d9-b65820a3436e
2026-05-21T09:39:20.804Z [getAllProjects] Database and Model verified. Testing connection...
2026-05-21T09:39:20.805Z [getAllProjects] Connection Successful
2026-05-21T09:39:20.806Z [getAllProjects] Fetching all projects (no pagination)...
2026-05-21T09:39:20.815Z [getAllProjects] Found 2 projects. Computing progress...
2026-05-21T09:39:20.816Z [getAllProjects] Success. Returning response.
2026-05-21T09:39:23.765Z [getAllProjects] Start - User: 168ff0b0-b2a7-493e-91a3-59fa595209d8, Org: 17674cf9-9aab-470b-98d9-b65820a3436e
2026-05-21T09:39:23.766Z [getAllProjects] Database and Model verified. Testing connection...
2026-05-21T09:39:23.767Z [getAllProjects] Connection Successful
2026-05-21T09:39:23.769Z [getAllProjects] Fetching paginated projects (page: 1, limit: 10)...
2026-05-21T09:39:23.778Z [getAllProjects] Found 2 projects (Total: 2). Computing progress...
2026-05-21T09:39:23.779Z [getAllProjects] Success. Returning paginated response.
2026-05-21T09:39:30.019Z [getAllProjects] Start - User: 168ff0b0-b2a7-493e-91a3-59fa595209d8, Org: 17674cf9-9aab-470b-98d9-b65820a3436e
2026-05-21T09:39:30.021Z [getAllProjects] Database and Model verified. Testing connection...
2026-05-21T09:39:30.022Z [getAllProjects] Connection Successful
2026-05-21T09:39:30.024Z [getAllProjects] Fetching all projects (no pagination)...
2026-05-21T09:39:30.087Z [getAllProjects] Found 2 projects. Computing progress...
2026-05-21T09:39:30.089Z [getAllProjects] Success. Returning response.
2026-05-21T09:39:32.320Z [getAllProjects] Start - User: 168ff0b0-b2a7-493e-91a3-59fa595209d8, Org: 17674cf9-9aab-470b-98d9-b65820a3436e
2026-05-21T09:39:32.322Z [getAllProjects] Database and Model verified. Testing connection...
2026-05-21T09:39:32.323Z [getAllProjects] Connection Successful
2026-05-21T09:39:32.324Z [getAllProjects] Fetching paginated projects (page: 1, limit: 10)...
2026-05-21T09:39:32.333Z [getAllProjects] Found 2 projects (Total: 2). Computing progress...
2026-05-21T09:39:32.334Z [getAllProjects] Success. Returning paginated response.
2026-05-21T09:39:33.852Z [getAllProjects] Start - User: 168ff0b0-b2a7-493e-91a3-59fa595209d8, Org: 17674cf9-9aab-470b-98d9-b65820a3436e
2026-05-21T09:39:33.853Z [getAllProjects] Database and Model verified. Testing connection...
2026-05-21T09:39:33.855Z [getAllProjects] Connection Successful
2026-05-21T09:39:33.856Z [getAllProjects] Fetching all projects (no pagination)...
2026-05-21T09:39:33.866Z [getAllProjects] Found 2 projects. Computing progress...
2026-05-21T09:39:33.868Z [getAllProjects] Success. Returning response.
2026-05-21T09:39:38.394Z [getAllProjects] Start - User: 168ff0b0-b2a7-493e-91a3-59fa595209d8, Org: 17674cf9-9aab-470b-98d9-b65820a3436e
2026-05-21T09:39:38.396Z [getAllProjects] Database and Model verified. Testing connection...
2026-05-21T09:39:38.398Z [getAllProjects] Connection Successful
2026-05-21T09:39:38.399Z [getAllProjects] Fetching paginated projects (page: 1, limit: 10)...
2026-05-21T09:39:38.418Z [getAllProjects] Found 2 projects (Total: 2). Computing progress...
2026-05-21T09:39:38.420Z [getAllProjects] Success. Returning paginated response.
2026-05-21T09:39:41.451Z [getAllProjects] Start - User: 168ff0b0-b2a7-493e-91a3-59fa595209d8, Org: 17674cf9-9aab-470b-98d9-b65820a3436e
2026-05-21T09:39:41.452Z [getAllProjects] Database and Model verified. Testing connection...
2026-05-21T09:39:41.454Z [getAllProjects] Connection Successful
2026-05-21T09:39:41.456Z [getAllProjects] Fetching all projects (no pagination)...
2026-05-21T09:39:41.466Z [getAllProjects] Found 2 projects. Computing progress...
2026-05-21T09:39:41.467Z [getAllProjects] Success. Returning response.
2026-05-21T09:39:43.224Z [getAllProjects] Start - User: 168ff0b0-b2a7-493e-91a3-59fa595209d8, Org: 17674cf9-9aab-470b-98d9-b65820a3436e
2026-05-21T09:39:43.227Z [getAllProjects] Database and Model verified. Testing connection...
2026-05-21T09:39:43.229Z [getAllProjects] Connection Successful
2026-05-21T09:39:43.230Z [getAllProjects] Fetching all projects (no pagination)...
2026-05-21T09:39:43.242Z [getAllProjects] Found 2 projects. Computing progress...
2026-05-21T09:39:43.244Z [getAllProjects] Success. Returning response.
2026-05-21T09:39:48.872Z [getAllProjects] Start - User: 168ff0b0-b2a7-493e-91a3-59fa595209d8, Org: 17674cf9-9aab-470b-98d9-b65820a3436e
2026-05-21T09:39:48.874Z [getAllProjects] Database and Model verified. Testing connection...
2026-05-21T09:39:48.876Z [getAllProjects] Connection Successful
2026-05-21T09:39:48.878Z [getAllProjects] Fetching all projects (no pagination)...
2026-05-21T09:39:48.892Z [getAllProjects] Found 2 projects. Computing progress...
2026-05-21T09:39:48.893Z [getAllProjects] Success. Returning response.
2026-05-21T09:40:00.461Z [getAllProjects] Start - User: 168ff0b0-b2a7-493e-91a3-59fa595209d8, Org: 17674cf9-9aab-470b-98d9-b65820a3436e
2026-05-21T09:40:00.462Z [getAllProjects] Database and Model verified. Testing connection...
2026-05-21T09:40:00.464Z [getAllProjects] Connection Successful
2026-05-21T09:40:00.465Z [getAllProjects] Fetching all projects (no pagination)...
2026-05-21T09:40:00.481Z [getAllProjects] Found 2 projects. Computing progress...
2026-05-21T09:40:00.482Z [getAllProjects] Success. Returning response.
2026-05-21T09:40:12.941Z [getAllProjects] Start - User: 168ff0b0-b2a7-493e-91a3-59fa595209d8, Org: 17674cf9-9aab-470b-98d9-b65820a3436e
2026-05-21T09:40:12.943Z [getAllProjects] Database and Model verified. Testing connection...
2026-05-21T09:40:12.945Z [getAllProjects] Connection Successful
2026-05-21T09:40:12.946Z [getAllProjects] Fetching all projects (no pagination)...
2026-05-21T09:40:12.954Z [getAllProjects] Found 2 projects. Computing progress...
2026-05-21T09:40:12.955Z [getAllProjects] Success. Returning response.
2026-05-21T09:40:15.971Z [getAllProjects] Start - User: 168ff0b0-b2a7-493e-91a3-59fa595209d8, Org: 17674cf9-9aab-470b-98d9-b65820a3436e
2026-05-21T09:40:15.972Z [getAllProjects] Database and Model verified. Testing connection...
2026-05-21T09:40:15.974Z [getAllProjects] Connection Successful
2026-05-21T09:40:15.975Z [getAllProjects] Fetching all projects (no pagination)...
2026-05-21T09:40:15.984Z [getAllProjects] Found 2 projects. Computing progress...
2026-05-21T09:40:15.987Z [getAllProjects] Success. Returning response.
2026-05-21T09:40:27.965Z [getAllProjects] Start - User: 168ff0b0-b2a7-493e-91a3-59fa595209d8, Org: 17674cf9-9aab-470b-98d9-b65820a3436e
2026-05-21T09:40:27.967Z [getAllProjects] Database and Model verified. Testing connection...
2026-05-21T09:40:27.968Z [getAllProjects] Connection Successful
2026-05-21T09:40:27.969Z [getAllProjects] Fetching all projects (no pagination)...
2026-05-21T09:40:27.976Z [getAllProjects] Found 2 projects. Computing progress...
2026-05-21T09:40:27.978Z [getAllProjects] Success. Returning response.
2026-05-21T10:05:40.673Z [getAllProjects] Start - User: 168ff0b0-b2a7-493e-91a3-59fa595209d8, Org: 17674cf9-9aab-470b-98d9-b65820a3436e
2026-05-21T10:05:40.678Z [getAllProjects] Database and Model verified. Testing connection...
2026-05-21T10:05:40.680Z [getAllProjects] Connection Successful
2026-05-21T10:05:40.682Z [getAllProjects] Fetching all projects (no pagination)...
2026-05-21T10:05:40.763Z [getAllProjects] Found 2 projects. Computing progress...
2026-05-21T10:05:40.765Z [getAllProjects] Success. Returning response.
2026-05-21T10:05:44.621Z [getAllProjects] Start - User: 168ff0b0-b2a7-493e-91a3-59fa595209d8, Org: 17674cf9-9aab-470b-98d9-b65820a3436e
2026-05-21T10:05:44.623Z [getAllProjects] Database and Model verified. Testing connection...
2026-05-21T10:05:44.626Z [getAllProjects] Connection Successful
2026-05-21T10:05:44.628Z [getAllProjects] Fetching all projects (no pagination)...
2026-05-21T10:05:44.645Z [getAllProjects] Found 2 projects. Computing progress...
2026-05-21T10:05:44.647Z [getAllProjects] Success. Returning response.
2026-05-21T10:05:45.940Z [getAllProjects] Start - User: 168ff0b0-b2a7-493e-91a3-59fa595209d8, Org: 17674cf9-9aab-470b-98d9-b65820a3436e
2026-05-21T10:05:45.942Z [getAllProjects] Database and Model verified. Testing connection...
2026-05-21T10:05:45.944Z [getAllProjects] Connection Successful
2026-05-21T10:05:45.945Z [getAllProjects] Fetching all projects (no pagination)...
2026-05-21T10:05:45.958Z [getAllProjects] Found 2 projects. Computing progress...
2026-05-21T10:05:45.960Z [getAllProjects] Success. Returning response.
2026-05-21T10:05:49.488Z [getAllProjects] Start - User: 168ff0b0-b2a7-493e-91a3-59fa595209d8, Org: 17674cf9-9aab-470b-98d9-b65820a3436e
2026-05-21T10:05:49.489Z [getAllProjects] Database and Model verified. Testing connection...
2026-05-21T10:05:49.490Z [getAllProjects] Connection Successful
2026-05-21T10:05:49.492Z [getAllProjects] Fetching all projects (no pagination)...
2026-05-21T10:05:49.504Z [getAllProjects] Found 2 projects. Computing progress...
2026-05-21T10:05:49.505Z [getAllProjects] Success. Returning response.
2026-05-21T10:05:54.510Z [getAllProjects] Start - User: 168ff0b0-b2a7-493e-91a3-59fa595209d8, Org: 17674cf9-9aab-470b-98d9-b65820a3436e
2026-05-21T10:05:54.513Z [getAllProjects] Database and Model verified. Testing connection...
2026-05-21T10:05:54.515Z [getAllProjects] Connection Successful
2026-05-21T10:05:54.517Z [getAllProjects] Fetching all projects (no pagination)...
2026-05-21T10:05:54.530Z [getAllProjects] Found 2 projects. Computing progress...
2026-05-21T10:05:54.532Z [getAllProjects] Success. Returning response.
2026-05-21T10:06:00.563Z [getAllProjects] Start - User: 454265a3-1777-413b-a49f-8735ef6ffa2a, Org: 17674cf9-9aab-470b-98d9-b65820a3436e
2026-05-21T10:06:00.565Z [getAllProjects] Database and Model verified. Testing connection...
2026-05-21T10:06:00.566Z [getAllProjects] Connection Successful
2026-05-21T10:06:00.568Z [getAllProjects] Fetching all projects (no pagination)...
2026-05-21T10:06:00.578Z [getAllProjects] Found 7 projects. Computing progress...
2026-05-21T10:06:00.581Z [getAllProjects] Success. Returning response.
2026-05-21T10:06:00.619Z [getAllProjects] Start - User: 454265a3-1777-413b-a49f-8735ef6ffa2a, Org: 17674cf9-9aab-470b-98d9-b65820a3436e
2026-05-21T10:06:00.624Z [getAllProjects] Database and Model verified. Testing connection...
2026-05-21T10:06:00.627Z [getAllProjects] Connection Successful
2026-05-21T10:06:00.629Z [getAllProjects] Fetching all projects (no pagination)...
2026-05-21T10:06:00.644Z [getAllProjects] Found 7 projects. Computing progress...
2026-05-21T10:06:00.647Z [getAllProjects] Success. Returning response.
2026-05-21T10:06:08.303Z [getAllProjects] Start - User: 454265a3-1777-413b-a49f-8735ef6ffa2a, Org: 17674cf9-9aab-470b-98d9-b65820a3436e
2026-05-21T10:06:08.305Z [getAllProjects] Database and Model verified. Testing connection...
2026-05-21T10:06:08.306Z [getAllProjects] Connection Successful
2026-05-21T10:06:08.307Z [getAllProjects] Fetching all projects (no pagination)...
2026-05-21T10:06:08.328Z [getAllProjects] Found 7 projects. Computing progress...
2026-05-21T10:06:08.330Z [getAllProjects] Success. Returning response.
2026-05-21T10:06:43.784Z [getAllProjects] Start - User: 454265a3-1777-413b-a49f-8735ef6ffa2a, Org: 17674cf9-9aab-470b-98d9-b65820a3436e
2026-05-21T10:06:43.787Z [getAllProjects] Database and Model verified. Testing connection...
2026-05-21T10:06:43.789Z [getAllProjects] Connection Successful
2026-05-21T10:06:43.790Z [getAllProjects] Fetching all projects (no pagination)...
2026-05-21T10:06:43.799Z [getAllProjects] Found 7 projects. Computing progress...
2026-05-21T10:06:43.802Z [getAllProjects] Success. Returning response.
2026-05-21T10:07:09.106Z [getAllProjects] Start - User: 454265a3-1777-413b-a49f-8735ef6ffa2a, Org: 17674cf9-9aab-470b-98d9-b65820a3436e
2026-05-21T10:07:09.108Z [getAllProjects] Database and Model verified. Testing connection...
2026-05-21T10:07:09.110Z [getAllProjects] Connection Successful
2026-05-21T10:07:09.111Z [getAllProjects] Fetching all projects (no pagination)...
2026-05-21T10:07:09.119Z [getAllProjects] Found 7 projects. Computing progress...
2026-05-21T10:07:09.120Z [getAllProjects] Success. Returning response.
2026-05-21T10:07:48.579Z [getAllProjects] Start - User: 454265a3-1777-413b-a49f-8735ef6ffa2a, Org: 17674cf9-9aab-470b-98d9-b65820a3436e
2026-05-21T10:07:48.582Z [getAllProjects] Database and Model verified. Testing connection...
2026-05-21T10:07:48.586Z [getAllProjects] Connection Successful
2026-05-21T10:07:48.587Z [getAllProjects] Fetching all projects (no pagination)...
2026-05-21T10:07:48.599Z [getAllProjects] Found 7 projects. Computing progress...
2026-05-21T10:07:48.601Z [getAllProjects] Success. Returning response.
2026-05-21T10:07:54.307Z [getAllProjects] Start - User: 168ff0b0-b2a7-493e-91a3-59fa595209d8, Org: 17674cf9-9aab-470b-98d9-b65820a3436e
2026-05-21T10:07:54.309Z [getAllProjects] Database and Model verified. Testing connection...
2026-05-21T10:07:54.311Z [getAllProjects] Connection Successful
2026-05-21T10:07:54.312Z [getAllProjects] Fetching all projects (no pagination)...
2026-05-21T10:07:54.328Z [getAllProjects] Found 2 projects. Computing progress...
2026-05-21T10:07:54.330Z [getAllProjects] Success. Returning response.
2026-05-21T10:07:54.361Z [getAllProjects] Start - User: 168ff0b0-b2a7-493e-91a3-59fa595209d8, Org: 17674cf9-9aab-470b-98d9-b65820a3436e
2026-05-21T10:07:54.362Z [getAllProjects] Database and Model verified. Testing connection...
2026-05-21T10:07:54.364Z [getAllProjects] Connection Successful
2026-05-21T10:07:54.366Z [getAllProjects] Fetching all projects (no pagination)...
2026-05-21T10:07:54.385Z [getAllProjects] Found 2 projects. Computing progress...
2026-05-21T10:07:54.388Z [getAllProjects] Success. Returning response.
2026-05-21T10:07:57.757Z [getAllProjects] Start - User: 168ff0b0-b2a7-493e-91a3-59fa595209d8, Org: 17674cf9-9aab-470b-98d9-b65820a3436e
2026-05-21T10:07:57.760Z [getAllProjects] Database and Model verified. Testing connection...
2026-05-21T10:07:57.761Z [getAllProjects] Connection Successful
2026-05-21T10:07:57.763Z [getAllProjects] Fetching all projects (no pagination)...
2026-05-21T10:07:57.776Z [getAllProjects] Found 2 projects. Computing progress...
2026-05-21T10:07:57.779Z [getAllProjects] Success. Returning response.
2026-05-21T10:08:03.506Z [getAllProjects] Start - User: 168ff0b0-b2a7-493e-91a3-59fa595209d8, Org: 17674cf9-9aab-470b-98d9-b65820a3436e
2026-05-21T10:08:03.509Z [getAllProjects] Database and Model verified. Testing connection...
2026-05-21T10:08:03.511Z [getAllProjects] Connection Successful
2026-05-21T10:08:03.513Z [getAllProjects] Fetching all projects (no pagination)...
2026-05-21T10:08:03.526Z [getAllProjects] Found 2 projects. Computing progress...
2026-05-21T10:08:03.527Z [getAllProjects] Success. Returning response.
2026-05-21T10:08:14.003Z [getAllProjects] Start - User: 454265a3-1777-413b-a49f-8735ef6ffa2a, Org: 17674cf9-9aab-470b-98d9-b65820a3436e
2026-05-21T10:08:14.004Z [getAllProjects] Database and Model verified. Testing connection...
2026-05-21T10:08:14.005Z [getAllProjects] Connection Successful
2026-05-21T10:08:14.006Z [getAllProjects] Fetching all projects (no pagination)...
2026-05-21T10:08:14.018Z [getAllProjects] Found 7 projects. Computing progress...
2026-05-21T10:08:14.020Z [getAllProjects] Success. Returning response.
2026-05-21T10:08:14.059Z [getAllProjects] Start - User: 454265a3-1777-413b-a49f-8735ef6ffa2a, Org: 17674cf9-9aab-470b-98d9-b65820a3436e
2026-05-21T10:08:14.060Z [getAllProjects] Database and Model verified. Testing connection...
2026-05-21T10:08:14.061Z [getAllProjects] Connection Successful
2026-05-21T10:08:14.063Z [getAllProjects] Fetching all projects (no pagination)...
2026-05-21T10:08:14.073Z [getAllProjects] Found 7 projects. Computing progress...
2026-05-21T10:08:14.075Z [getAllProjects] Success. Returning response.
2026-05-21T10:08:18.368Z [getAllProjects] Start - User: 454265a3-1777-413b-a49f-8735ef6ffa2a, Org: 17674cf9-9aab-470b-98d9-b65820a3436e
2026-05-21T10:08:18.370Z [getAllProjects] Database and Model verified. Testing connection...
2026-05-21T10:08:18.371Z [getAllProjects] Connection Successful
2026-05-21T10:08:18.372Z [getAllProjects] Fetching paginated projects (page: 1, limit: 10)...
2026-05-21T10:08:18.387Z [getAllProjects] Found 7 projects (Total: 7). Computing progress...
2026-05-21T10:08:18.389Z [getAllProjects] Success. Returning paginated response.
2026-05-21T10:08:23.327Z [getAllProjects] Start - User: 454265a3-1777-413b-a49f-8735ef6ffa2a, Org: 17674cf9-9aab-470b-98d9-b65820a3436e
2026-05-21T10:08:23.330Z [getAllProjects] Database and Model verified. Testing connection...
2026-05-21T10:08:23.332Z [getAllProjects] Connection Successful
2026-05-21T10:08:23.334Z [getAllProjects] Fetching all projects (no pagination)...
2026-05-21T10:08:23.358Z [getAllProjects] Found 7 projects. Computing progress...
2026-05-21T10:08:23.360Z [getAllProjects] Success. Returning response.
2026-05-21T10:08:30.160Z [getAllProjects] Start - User: 454265a3-1777-413b-a49f-8735ef6ffa2a, Org: 17674cf9-9aab-470b-98d9-b65820a3436e
2026-05-21T10:08:30.162Z [getAllProjects] Database and Model verified. Testing connection...
2026-05-21T10:08:30.163Z [getAllProjects] Connection Successful
2026-05-21T10:08:30.164Z [getAllProjects] Fetching all projects (no pagination)...
2026-05-21T10:08:30.173Z [getAllProjects] Found 7 projects. Computing progress...
2026-05-21T10:08:30.175Z [getAllProjects] Success. Returning response.
2026-05-21T10:08:37.006Z [getAllProjects] Start - User: a6f2643a-6e8f-4bf2-bd33-6e86e4236c71, Org: 17674cf9-9aab-470b-98d9-b65820a3436e
2026-05-21T10:08:37.009Z [getAllProjects] Database and Model verified. Testing connection...
2026-05-21T10:08:37.011Z [getAllProjects] Connection Successful
2026-05-21T10:08:37.013Z [getAllProjects] Fetching all projects (no pagination)...
2026-05-21T10:08:37.029Z [getAllProjects] Found 13 projects. Computing progress...
2026-05-21T10:08:37.032Z [getAllProjects] Success. Returning response.
2026-05-21T10:08:37.071Z [getAllProjects] Start - User: a6f2643a-6e8f-4bf2-bd33-6e86e4236c71, Org: 17674cf9-9aab-470b-98d9-b65820a3436e
2026-05-21T10:08:37.072Z [getAllProjects] Database and Model verified. Testing connection...
2026-05-21T10:08:37.074Z [getAllProjects] Connection Successful
2026-05-21T10:08:37.075Z [getAllProjects] Fetching all projects (no pagination)...
2026-05-21T10:08:37.087Z [getAllProjects] Found 13 projects. Computing progress...
2026-05-21T10:08:37.089Z [getAllProjects] Success. Returning response.
2026-05-21T10:09:47.004Z [getAllProjects] Start - User: a6f2643a-6e8f-4bf2-bd33-6e86e4236c71, Org: 17674cf9-9aab-470b-98d9-b65820a3436e
2026-05-21T10:09:47.006Z [getAllProjects] Database and Model verified. Testing connection...
2026-05-21T10:09:47.008Z [getAllProjects] Connection Successful
2026-05-21T10:09:47.009Z [getAllProjects] Fetching all projects (no pagination)...
2026-05-21T10:09:47.025Z [getAllProjects] Found 13 projects. Computing progress...
2026-05-21T10:09:47.027Z [getAllProjects] Success. Returning response.
2026-05-21T10:09:58.708Z [getAllProjects] Start - User: a6f2643a-6e8f-4bf2-bd33-6e86e4236c71, Org: 17674cf9-9aab-470b-98d9-b65820a3436e
2026-05-21T10:09:58.710Z [getAllProjects] Database and Model verified. Testing connection...
2026-05-21T10:09:58.712Z [getAllProjects] Connection Successful
2026-05-21T10:09:58.713Z [getAllProjects] Fetching all projects (no pagination)...
2026-05-21T10:09:58.728Z [getAllProjects] Found 13 projects. Computing progress...
2026-05-21T10:09:58.730Z [getAllProjects] Success. Returning response.
2026-05-21T10:10:00.581Z [getAllProjects] Start - User: a6f2643a-6e8f-4bf2-bd33-6e86e4236c71, Org: 17674cf9-9aab-470b-98d9-b65820a3436e
2026-05-21T10:10:00.584Z [getAllProjects] Database and Model verified. Testing connection...
2026-05-21T10:10:00.586Z [getAllProjects] Connection Successful
2026-05-21T10:10:00.587Z [getAllProjects] Fetching paginated projects (page: 1, limit: 10)...
2026-05-21T10:10:00.596Z [getAllProjects] Found 10 projects (Total: 13). Computing progress...
2026-05-21T10:10:00.597Z [getAllProjects] Success. Returning paginated response.
2026-05-21T10:10:05.077Z [getAllProjects] Start - User: a6f2643a-6e8f-4bf2-bd33-6e86e4236c71, Org: 17674cf9-9aab-470b-98d9-b65820a3436e
2026-05-21T10:10:05.078Z [getAllProjects] Database and Model verified. Testing connection...
2026-05-21T10:10:05.080Z [getAllProjects] Connection Successful
2026-05-21T10:10:05.081Z [getAllProjects] Fetching all projects (no pagination)...
2026-05-21T10:10:05.091Z [getAllProjects] Found 13 projects. Computing progress...
2026-05-21T10:10:05.093Z [getAllProjects] Success. Returning response.
2026-05-21T10:16:52.507Z [getAllProjects] Start - User: a6f2643a-6e8f-4bf2-bd33-6e86e4236c71, Org: 17674cf9-9aab-470b-98d9-b65820a3436e
2026-05-21T10:16:52.509Z [getAllProjects] Database and Model verified. Testing connection...
2026-05-21T10:16:52.510Z [getAllProjects] Connection Successful
2026-05-21T10:16:52.512Z [getAllProjects] Fetching all projects (no pagination)...
2026-05-21T10:16:52.526Z [getAllProjects] Found 13 projects. Computing progress...
2026-05-21T10:16:52.527Z [getAllProjects] Success. Returning response.
2026-05-21T10:16:59.936Z [getAllProjects] Start - User: a6f2643a-6e8f-4bf2-bd33-6e86e4236c71, Org: 17674cf9-9aab-470b-98d9-b65820a3436e
2026-05-21T10:16:59.938Z [getAllProjects] Database and Model verified. Testing connection...
2026-05-21T10:16:59.940Z [getAllProjects] Connection Successful
2026-05-21T10:16:59.942Z [getAllProjects] Fetching all projects (no pagination)...
2026-05-21T10:17:00.012Z [getAllProjects] Found 13 projects. Computing progress...
2026-05-21T10:17:00.013Z [getAllProjects] Success. Returning response.
2026-05-21T10:17:09.730Z [getAllProjects] Start - User: 168ff0b0-b2a7-493e-91a3-59fa595209d8, Org: 17674cf9-9aab-470b-98d9-b65820a3436e
2026-05-21T10:17:09.734Z [getAllProjects] Database and Model verified. Testing connection...
2026-05-21T10:17:09.737Z [getAllProjects] Connection Successful
2026-05-21T10:17:09.739Z [getAllProjects] Fetching all projects (no pagination)...
2026-05-21T10:17:09.763Z [getAllProjects] Found 2 projects. Computing progress...
2026-05-21T10:17:09.764Z [getAllProjects] Success. Returning response.
2026-05-21T10:17:09.797Z [getAllProjects] Start - User: 168ff0b0-b2a7-493e-91a3-59fa595209d8, Org: 17674cf9-9aab-470b-98d9-b65820a3436e
2026-05-21T10:17:09.799Z [getAllProjects] Database and Model verified. Testing connection...
2026-05-21T10:17:09.800Z [getAllProjects] Connection Successful
2026-05-21T10:17:09.802Z [getAllProjects] Fetching all projects (no pagination)...
2026-05-21T10:17:09.829Z [getAllProjects] Found 2 projects. Computing progress...
2026-05-21T10:17:09.830Z [getAllProjects] Success. Returning response.
2026-05-21T10:17:11.504Z [getAllProjects] Start - User: 168ff0b0-b2a7-493e-91a3-59fa595209d8, Org: 17674cf9-9aab-470b-98d9-b65820a3436e
2026-05-21T10:17:11.505Z [getAllProjects] Database and Model verified. Testing connection...
2026-05-21T10:17:11.506Z [getAllProjects] Connection Successful
2026-05-21T10:17:11.507Z [getAllProjects] Fetching all projects (no pagination)...
2026-05-21T10:17:11.516Z [getAllProjects] Found 2 projects. Computing progress...
2026-05-21T10:17:11.517Z [getAllProjects] Success. Returning response.
2026-05-21T10:17:16.453Z [getAllProjects] Start - User: 168ff0b0-b2a7-493e-91a3-59fa595209d8, Org: 17674cf9-9aab-470b-98d9-b65820a3436e
2026-05-21T10:17:16.455Z [getAllProjects] Database and Model verified. Testing connection...
2026-05-21T10:17:16.456Z [getAllProjects] Connection Successful
2026-05-21T10:17:16.458Z [getAllProjects] Fetching all projects (no pagination)...
2026-05-21T10:17:16.469Z [getAllProjects] Found 2 projects. Computing progress...
2026-05-21T10:17:16.470Z [getAllProjects] Success. Returning response.
2026-05-21T10:17:19.889Z [getAllProjects] Start - User: 168ff0b0-b2a7-493e-91a3-59fa595209d8, Org: 17674cf9-9aab-470b-98d9-b65820a3436e
2026-05-21T10:17:19.892Z [getAllProjects] Database and Model verified. Testing connection...
2026-05-21T10:17:19.896Z [getAllProjects] Connection Successful
2026-05-21T10:17:19.899Z [getAllProjects] Fetching all projects (no pagination)...
2026-05-21T10:17:19.911Z [getAllProjects] Found 2 projects. Computing progress...
2026-05-21T10:17:19.913Z [getAllProjects] Success. Returning response.
2026-05-21T10:17:25.144Z [getAllProjects] Start - User: 454265a3-1777-413b-a49f-8735ef6ffa2a, Org: 17674cf9-9aab-470b-98d9-b65820a3436e
2026-05-21T10:17:25.145Z [getAllProjects] Database and Model verified. Testing connection...
2026-05-21T10:17:25.147Z [getAllProjects] Connection Successful
2026-05-21T10:17:25.149Z [getAllProjects] Fetching all projects (no pagination)...
2026-05-21T10:17:25.159Z [getAllProjects] Found 7 projects. Computing progress...
2026-05-21T10:17:25.161Z [getAllProjects] Success. Returning response.
2026-05-21T10:17:25.233Z [getAllProjects] Start - User: 454265a3-1777-413b-a49f-8735ef6ffa2a, Org: 17674cf9-9aab-470b-98d9-b65820a3436e
2026-05-21T10:17:25.237Z [getAllProjects] Database and Model verified. Testing connection...
2026-05-21T10:17:25.243Z [getAllProjects] Connection Successful
2026-05-21T10:17:25.247Z [getAllProjects] Fetching all projects (no pagination)...
2026-05-21T10:17:25.271Z [getAllProjects] Found 7 projects. Computing progress...
2026-05-21T10:17:25.273Z [getAllProjects] Success. Returning response.
2026-05-21T10:17:27.802Z [getAllProjects] Start - User: 454265a3-1777-413b-a49f-8735ef6ffa2a, Org: 17674cf9-9aab-470b-98d9-b65820a3436e
2026-05-21T10:17:27.804Z [getAllProjects] Database and Model verified. Testing connection...
2026-05-21T10:17:27.805Z [getAllProjects] Connection Successful
2026-05-21T10:17:27.807Z [getAllProjects] Fetching all projects (no pagination)...
2026-05-21T10:17:27.821Z [getAllProjects] Found 7 projects. Computing progress...
2026-05-21T10:17:27.822Z [getAllProjects] Success. Returning response.
2026-05-21T10:17:35.956Z [getAllProjects] Start - User: 454265a3-1777-413b-a49f-8735ef6ffa2a, Org: 17674cf9-9aab-470b-98d9-b65820a3436e
2026-05-21T10:17:35.958Z [getAllProjects] Database and Model verified. Testing connection...
2026-05-21T10:17:35.959Z [getAllProjects] Connection Successful
2026-05-21T10:17:35.960Z [getAllProjects] Fetching all projects (no pagination)...
2026-05-21T10:17:35.974Z [getAllProjects] Found 7 projects. Computing progress...
2026-05-21T10:17:35.976Z [getAllProjects] Success. Returning response.
2026-05-21T10:17:44.676Z [getAllProjects] Start - User: 454265a3-1777-413b-a49f-8735ef6ffa2a, Org: 17674cf9-9aab-470b-98d9-b65820a3436e
2026-05-21T10:17:44.679Z [getAllProjects] Database and Model verified. Testing connection...
2026-05-21T10:17:44.681Z [getAllProjects] Connection Successful
2026-05-21T10:17:44.683Z [getAllProjects] Fetching all projects (no pagination)...
2026-05-21T10:17:44.698Z [getAllProjects] Found 7 projects. Computing progress...
2026-05-21T10:17:44.701Z [getAllProjects] Success. Returning response.
2026-05-21T10:17:48.366Z [getAllProjects] Start - User: 454265a3-1777-413b-a49f-8735ef6ffa2a, Org: 17674cf9-9aab-470b-98d9-b65820a3436e
2026-05-21T10:17:48.369Z [getAllProjects] Database and Model verified. Testing connection...
2026-05-21T10:17:48.370Z [getAllProjects] Connection Successful
2026-05-21T10:17:48.371Z [getAllProjects] Fetching all projects (no pagination)...
2026-05-21T10:17:48.380Z [getAllProjects] Found 7 projects. Computing progress...
2026-05-21T10:17:48.382Z [getAllProjects] Success. Returning response.
2026-05-21T10:18:01.582Z [getAllProjects] Start - User: 454265a3-1777-413b-a49f-8735ef6ffa2a, Org: 17674cf9-9aab-470b-98d9-b65820a3436e
2026-05-21T10:18:01.584Z [getAllProjects] Database and Model verified. Testing connection...
2026-05-21T10:18:01.586Z [getAllProjects] Connection Successful
2026-05-21T10:18:01.587Z [getAllProjects] Fetching all projects (no pagination)...
2026-05-21T10:18:01.598Z [getAllProjects] Found 7 projects. Computing progress...
2026-05-21T10:18:01.600Z [getAllProjects] Success. Returning response.
2026-05-21T10:18:10.462Z [getAllProjects] Start - User: 454265a3-1777-413b-a49f-8735ef6ffa2a, Org: 17674cf9-9aab-470b-98d9-b65820a3436e
2026-05-21T10:18:10.463Z [getAllProjects] Database and Model verified. Testing connection...
2026-05-21T10:18:10.464Z [getAllProjects] Connection Successful
2026-05-21T10:18:10.465Z [getAllProjects] Fetching all projects (no pagination)...
2026-05-21T10:18:10.472Z [getAllProjects] Found 7 projects. Computing progress...
2026-05-21T10:18:10.474Z [getAllProjects] Success. Returning response.
2026-05-21T10:18:17.094Z [getAllProjects] Start - User: 168ff0b0-b2a7-493e-91a3-59fa595209d8, Org: 17674cf9-9aab-470b-98d9-b65820a3436e
2026-05-21T10:18:17.095Z [getAllProjects] Database and Model verified. Testing connection...
2026-05-21T10:18:17.097Z [getAllProjects] Connection Successful
2026-05-21T10:18:17.098Z [getAllProjects] Fetching all projects (no pagination)...
2026-05-21T10:18:17.109Z [getAllProjects] Found 2 projects. Computing progress...
2026-05-21T10:18:17.111Z [getAllProjects] Success. Returning response.
2026-05-21T10:18:17.146Z [getAllProjects] Start - User: 168ff0b0-b2a7-493e-91a3-59fa595209d8, Org: 17674cf9-9aab-470b-98d9-b65820a3436e
2026-05-21T10:18:17.147Z [getAllProjects] Database and Model verified. Testing connection...
2026-05-21T10:18:17.149Z [getAllProjects] Connection Successful
2026-05-21T10:18:17.151Z [getAllProjects] Fetching all projects (no pagination)...
2026-05-21T10:18:17.161Z [getAllProjects] Found 2 projects. Computing progress...
2026-05-21T10:18:17.163Z [getAllProjects] Success. Returning response.
2026-05-21T10:18:19.311Z [getAllProjects] Start - User: 168ff0b0-b2a7-493e-91a3-59fa595209d8, Org: 17674cf9-9aab-470b-98d9-b65820a3436e
2026-05-21T10:18:19.313Z [getAllProjects] Database and Model verified. Testing connection...
2026-05-21T10:18:19.315Z [getAllProjects] Connection Successful
2026-05-21T10:18:19.319Z [getAllProjects] Fetching all projects (no pagination)...
2026-05-21T10:18:19.333Z [getAllProjects] Found 2 projects. Computing progress...
2026-05-21T10:18:19.337Z [getAllProjects] Success. Returning response.
2026-05-21T10:18:22.628Z [getAllProjects] Start - User: 168ff0b0-b2a7-493e-91a3-59fa595209d8, Org: 17674cf9-9aab-470b-98d9-b65820a3436e
2026-05-21T10:18:22.630Z [getAllProjects] Database and Model verified. Testing connection...
2026-05-21T10:18:22.632Z [getAllProjects] Connection Successful
2026-05-21T10:18:22.633Z [getAllProjects] Fetching all projects (no pagination)...
2026-05-21T10:18:22.648Z [getAllProjects] Found 2 projects. Computing progress...
2026-05-21T10:18:22.650Z [getAllProjects] Success. Returning response.
2026-05-21T10:18:26.026Z [getAllProjects] Start - User: 168ff0b0-b2a7-493e-91a3-59fa595209d8, Org: 17674cf9-9aab-470b-98d9-b65820a3436e
2026-05-21T10:18:26.029Z [getAllProjects] Database and Model verified. Testing connection...
2026-05-21T10:18:26.032Z [getAllProjects] Connection Successful
2026-05-21T10:18:26.034Z [getAllProjects] Fetching all projects (no pagination)...
2026-05-21T10:18:26.049Z [getAllProjects] Found 2 projects. Computing progress...
2026-05-21T10:18:26.052Z [getAllProjects] Success. Returning response.
2026-05-21T10:18:31.237Z [getAllProjects] Start - User: 454265a3-1777-413b-a49f-8735ef6ffa2a, Org: 17674cf9-9aab-470b-98d9-b65820a3436e
2026-05-21T10:18:31.239Z [getAllProjects] Database and Model verified. Testing connection...
2026-05-21T10:18:31.241Z [getAllProjects] Connection Successful
2026-05-21T10:18:31.244Z [getAllProjects] Fetching all projects (no pagination)...
2026-05-21T10:18:31.259Z [getAllProjects] Found 7 projects. Computing progress...
2026-05-21T10:18:31.264Z [getAllProjects] Success. Returning response.
2026-05-21T10:18:31.306Z [getAllProjects] Start - User: 454265a3-1777-413b-a49f-8735ef6ffa2a, Org: 17674cf9-9aab-470b-98d9-b65820a3436e
2026-05-21T10:18:31.308Z [getAllProjects] Database and Model verified. Testing connection...
2026-05-21T10:18:31.309Z [getAllProjects] Connection Successful
2026-05-21T10:18:31.310Z [getAllProjects] Fetching all projects (no pagination)...
2026-05-21T10:18:31.335Z [getAllProjects] Found 7 projects. Computing progress...
2026-05-21T10:18:31.337Z [getAllProjects] Success. Returning response.
2026-05-21T10:18:33.975Z [getAllProjects] Start - User: 454265a3-1777-413b-a49f-8735ef6ffa2a, Org: 17674cf9-9aab-470b-98d9-b65820a3436e
2026-05-21T10:18:33.978Z [getAllProjects] Database and Model verified. Testing connection...
2026-05-21T10:18:33.980Z [getAllProjects] Connection Successful
2026-05-21T10:18:33.982Z [getAllProjects] Fetching all projects (no pagination)...
2026-05-21T10:18:34.000Z [getAllProjects] Found 7 projects. Computing progress...
2026-05-21T10:18:34.008Z [getAllProjects] Success. Returning response.
2026-05-21T10:18:43.477Z [getAllProjects] Start - User: 454265a3-1777-413b-a49f-8735ef6ffa2a, Org: 17674cf9-9aab-470b-98d9-b65820a3436e
2026-05-21T10:18:43.478Z [getAllProjects] Database and Model verified. Testing connection...
2026-05-21T10:18:43.480Z [getAllProjects] Connection Successful
2026-05-21T10:18:43.481Z [getAllProjects] Fetching all projects (no pagination)...
2026-05-21T10:18:43.493Z [getAllProjects] Found 7 projects. Computing progress...
2026-05-21T10:18:43.494Z [getAllProjects] Success. Returning response.
2026-05-21T10:19:05.990Z [getAllProjects] Start - User: 454265a3-1777-413b-a49f-8735ef6ffa2a, Org: 17674cf9-9aab-470b-98d9-b65820a3436e
2026-05-21T10:19:05.993Z [getAllProjects] Database and Model verified. Testing connection...
2026-05-21T10:19:06.007Z [getAllProjects] Connection Successful
2026-05-21T10:19:06.009Z [getAllProjects] Fetching all projects (no pagination)...
2026-05-21T10:19:06.024Z [getAllProjects] Found 7 projects. Computing progress...
2026-05-21T10:19:06.027Z [getAllProjects] Success. Returning response.
2026-05-21T10:19:11.070Z [getAllProjects] Start - User: 168ff0b0-b2a7-493e-91a3-59fa595209d8, Org: 17674cf9-9aab-470b-98d9-b65820a3436e
2026-05-21T10:19:11.073Z [getAllProjects] Database and Model verified. Testing connection...
2026-05-21T10:19:11.076Z [getAllProjects] Connection Successful
2026-05-21T10:19:11.078Z [getAllProjects] Fetching all projects (no pagination)...
2026-05-21T10:19:11.091Z [getAllProjects] Found 2 projects. Computing progress...
2026-05-21T10:19:11.092Z [getAllProjects] Success. Returning response.
2026-05-21T10:19:11.130Z [getAllProjects] Start - User: 168ff0b0-b2a7-493e-91a3-59fa595209d8, Org: 17674cf9-9aab-470b-98d9-b65820a3436e
2026-05-21T10:19:11.132Z [getAllProjects] Database and Model verified. Testing connection...
2026-05-21T10:19:11.133Z [getAllProjects] Connection Successful
2026-05-21T10:19:11.134Z [getAllProjects] Fetching all projects (no pagination)...
2026-05-21T10:19:11.148Z [getAllProjects] Found 2 projects. Computing progress...
2026-05-21T10:19:11.149Z [getAllProjects] Success. Returning response.
2026-05-21T10:23:11.186Z [getAllProjects] Start - User: 168ff0b0-b2a7-493e-91a3-59fa595209d8, Org: 17674cf9-9aab-470b-98d9-b65820a3436e
2026-05-21T10:23:11.188Z [getAllProjects] Database and Model verified. Testing connection...
2026-05-21T10:23:11.189Z [getAllProjects] Connection Successful
2026-05-21T10:23:11.190Z [getAllProjects] Fetching paginated projects (page: 1, limit: 10)...
2026-05-21T10:23:11.207Z [getAllProjects] Found 2 projects (Total: 2). Computing progress...
2026-05-21T10:23:11.209Z [getAllProjects] Success. Returning paginated response.
2026-05-21T10:23:16.473Z [getAllProjects] Start - User: 168ff0b0-b2a7-493e-91a3-59fa595209d8, Org: 17674cf9-9aab-470b-98d9-b65820a3436e
2026-05-21T10:23:16.475Z [getAllProjects] Database and Model verified. Testing connection...
2026-05-21T10:23:16.476Z [getAllProjects] Connection Successful
2026-05-21T10:23:16.478Z [getAllProjects] Fetching all projects (no pagination)...
2026-05-21T10:23:16.490Z [getAllProjects] Found 2 projects. Computing progress...
2026-05-21T10:23:16.492Z [getAllProjects] Success. Returning response.
2026-05-21T10:26:36.484Z [getAllProjects] Start - User: 168ff0b0-b2a7-493e-91a3-59fa595209d8, Org: 17674cf9-9aab-470b-98d9-b65820a3436e
2026-05-21T10:26:36.486Z [getAllProjects] Database and Model verified. Testing connection...
2026-05-21T10:26:36.487Z [getAllProjects] Connection Successful
2026-05-21T10:26:36.488Z [getAllProjects] Fetching all projects (no pagination)...
2026-05-21T10:26:36.496Z [getAllProjects] Found 2 projects. Computing progress...
2026-05-21T10:26:36.498Z [getAllProjects] Success. Returning response.
2026-05-21T10:26:39.647Z [getAllProjects] Start - User: 168ff0b0-b2a7-493e-91a3-59fa595209d8, Org: 17674cf9-9aab-470b-98d9-b65820a3436e
2026-05-21T10:26:39.649Z [getAllProjects] Database and Model verified. Testing connection...
2026-05-21T10:26:39.650Z [getAllProjects] Connection Successful
2026-05-21T10:26:39.652Z [getAllProjects] Fetching paginated projects (page: 1, limit: 10)...
2026-05-21T10:26:39.661Z [getAllProjects] Found 2 projects (Total: 2). Computing progress...
2026-05-21T10:26:39.663Z [getAllProjects] Success. Returning paginated response.
2026-05-21T10:26:41.264Z [getAllProjects] Start - User: 168ff0b0-b2a7-493e-91a3-59fa595209d8, Org: 17674cf9-9aab-470b-98d9-b65820a3436e
2026-05-21T10:26:41.266Z [getAllProjects] Database and Model verified. Testing connection...
2026-05-21T10:26:41.268Z [getAllProjects] Connection Successful
2026-05-21T10:26:41.269Z [getAllProjects] Fetching all projects (no pagination)...
2026-05-21T10:26:41.283Z [getAllProjects] Found 2 projects. Computing progress...
2026-05-21T10:26:41.285Z [getAllProjects] Success. Returning response.
2026-05-21T10:26:43.259Z [getAllProjects] Start - User: 168ff0b0-b2a7-493e-91a3-59fa595209d8, Org: 17674cf9-9aab-470b-98d9-b65820a3436e
2026-05-21T10:26:43.261Z [getAllProjects] Database and Model verified. Testing connection...
2026-05-21T10:26:43.263Z [getAllProjects] Connection Successful
2026-05-21T10:26:43.263Z [getAllProjects] Fetching all projects (no pagination)...
2026-05-21T10:26:43.322Z [getAllProjects] Found 2 projects. Computing progress...
2026-05-21T10:26:43.323Z [getAllProjects] Success. Returning response.
2026-05-21T10:31:36.862Z [getAllProjects] Start - User: 168ff0b0-b2a7-493e-91a3-59fa595209d8, Org: 17674cf9-9aab-470b-98d9-b65820a3436e
2026-05-21T10:31:36.864Z [getAllProjects] Database and Model verified. Testing connection...
2026-05-21T10:31:36.866Z [getAllProjects] Connection Successful
2026-05-21T10:31:36.867Z [getAllProjects] Fetching all projects (no pagination)...
2026-05-21T10:31:36.887Z [getAllProjects] Found 2 projects. Computing progress...
2026-05-21T10:31:36.889Z [getAllProjects] Success. Returning response.
2026-05-21T10:32:01.224Z [getAllProjects] Start - User: 168ff0b0-b2a7-493e-91a3-59fa595209d8, Org: 17674cf9-9aab-470b-98d9-b65820a3436e
2026-05-21T10:32:01.227Z [getAllProjects] Database and Model verified. Testing connection...
2026-05-21T10:32:01.229Z [getAllProjects] Connection Successful
2026-05-21T10:32:01.230Z [getAllProjects] Fetching all projects (no pagination)...
2026-05-21T10:32:01.241Z [getAllProjects] Found 2 projects. Computing progress...
2026-05-21T10:32:01.243Z [getAllProjects] Success. Returning response.
2026-05-21T10:32:04.293Z [getAllProjects] Start - User: 168ff0b0-b2a7-493e-91a3-59fa595209d8, Org: 17674cf9-9aab-470b-98d9-b65820a3436e
2026-05-21T10:32:04.295Z [getAllProjects] Database and Model verified. Testing connection...
2026-05-21T10:32:04.304Z [getAllProjects] Connection Successful
2026-05-21T10:32:04.314Z [getAllProjects] Fetching all projects (no pagination)...
2026-05-21T10:32:04.347Z [getAllProjects] Found 2 projects. Computing progress...
2026-05-21T10:32:04.353Z [getAllProjects] Success. Returning response.
2026-05-21T10:32:07.007Z [getAllProjects] Start - User: 168ff0b0-b2a7-493e-91a3-59fa595209d8, Org: 17674cf9-9aab-470b-98d9-b65820a3436e
2026-05-21T10:32:07.010Z [getAllProjects] Database and Model verified. Testing connection...
2026-05-21T10:32:07.012Z [getAllProjects] Connection Successful
2026-05-21T10:32:07.013Z [getAllProjects] Fetching all projects (no pagination)...
2026-05-21T10:32:07.022Z [getAllProjects] Found 2 projects. Computing progress...
2026-05-21T10:32:07.024Z [getAllProjects] Success. Returning response.
2026-05-21T10:32:09.865Z [getAllProjects] Start - User: 168ff0b0-b2a7-493e-91a3-59fa595209d8, Org: 17674cf9-9aab-470b-98d9-b65820a3436e
2026-05-21T10:32:09.867Z [getAllProjects] Database and Model verified. Testing connection...
2026-05-21T10:32:09.868Z [getAllProjects] Connection Successful
2026-05-21T10:32:09.870Z [getAllProjects] Fetching all projects (no pagination)...
2026-05-21T10:32:09.879Z [getAllProjects] Found 2 projects. Computing progress...
2026-05-21T10:32:09.881Z [getAllProjects] Success. Returning response.
2026-05-21T10:32:23.662Z [getAllProjects] Start - User: 454265a3-1777-413b-a49f-8735ef6ffa2a, Org: 17674cf9-9aab-470b-98d9-b65820a3436e
2026-05-21T10:32:23.665Z [getAllProjects] Database and Model verified. Testing connection...
2026-05-21T10:32:23.666Z [getAllProjects] Connection Successful
2026-05-21T10:32:23.668Z [getAllProjects] Fetching all projects (no pagination)...
2026-05-21T10:32:23.681Z [getAllProjects] Found 8 projects. Computing progress...
2026-05-21T10:32:23.683Z [getAllProjects] Success. Returning response.
2026-05-21T10:32:23.724Z [getAllProjects] Start - User: 454265a3-1777-413b-a49f-8735ef6ffa2a, Org: 17674cf9-9aab-470b-98d9-b65820a3436e
2026-05-21T10:32:23.733Z [getAllProjects] Database and Model verified. Testing connection...
2026-05-21T10:32:23.736Z [getAllProjects] Connection Successful
2026-05-21T10:32:23.738Z [getAllProjects] Fetching all projects (no pagination)...
2026-05-21T10:32:23.788Z [getAllProjects] Found 8 projects. Computing progress...
2026-05-21T10:32:23.792Z [getAllProjects] Success. Returning response.
2026-05-21T10:32:29.027Z [getAllProjects] Start - User: 454265a3-1777-413b-a49f-8735ef6ffa2a, Org: 17674cf9-9aab-470b-98d9-b65820a3436e
2026-05-21T10:32:29.028Z [getAllProjects] Database and Model verified. Testing connection...
2026-05-21T10:32:29.029Z [getAllProjects] Connection Successful
2026-05-21T10:32:29.031Z [getAllProjects] Fetching all projects (no pagination)...
2026-05-21T10:32:29.052Z [getAllProjects] Found 8 projects. Computing progress...
2026-05-21T10:32:29.055Z [getAllProjects] Success. Returning response.
2026-05-21T10:32:31.774Z [getAllProjects] Start - User: 454265a3-1777-413b-a49f-8735ef6ffa2a, Org: 17674cf9-9aab-470b-98d9-b65820a3436e
2026-05-21T10:32:31.776Z [getAllProjects] Database and Model verified. Testing connection...
2026-05-21T10:32:31.778Z [getAllProjects] Connection Successful
2026-05-21T10:32:31.780Z [getAllProjects] Fetching all projects (no pagination)...
2026-05-21T10:32:31.801Z [getAllProjects] Found 8 projects. Computing progress...
2026-05-21T10:32:31.803Z [getAllProjects] Success. Returning response.
2026-05-21T10:32:31.827Z [getAllProjects] Start - User: 454265a3-1777-413b-a49f-8735ef6ffa2a, Org: 17674cf9-9aab-470b-98d9-b65820a3436e
2026-05-21T10:32:31.830Z [getAllProjects] Database and Model verified. Testing connection...
2026-05-21T10:32:31.831Z [getAllProjects] Connection Successful
2026-05-21T10:32:31.832Z [getAllProjects] Fetching all projects (no pagination)...
2026-05-21T10:32:31.853Z [getAllProjects] Found 8 projects. Computing progress...
2026-05-21T10:32:31.855Z [getAllProjects] Success. Returning response.
2026-05-21T10:32:31.898Z [getAllProjects] Start - User: 454265a3-1777-413b-a49f-8735ef6ffa2a, Org: 17674cf9-9aab-470b-98d9-b65820a3436e
2026-05-21T10:32:31.900Z [getAllProjects] Database and Model verified. Testing connection...
2026-05-21T10:32:31.902Z [getAllProjects] Connection Successful
2026-05-21T10:32:31.904Z [getAllProjects] Fetching all projects (no pagination)...
2026-05-21T10:32:31.916Z [getAllProjects] Found 8 projects. Computing progress...
2026-05-21T10:32:31.917Z [getAllProjects] Success. Returning response.
2026-05-21T10:32:43.804Z [getAllProjects] Start - User: 454265a3-1777-413b-a49f-8735ef6ffa2a, Org: 17674cf9-9aab-470b-98d9-b65820a3436e
2026-05-21T10:32:43.805Z [getAllProjects] Database and Model verified. Testing connection...
2026-05-21T10:32:43.806Z [getAllProjects] Connection Successful
2026-05-21T10:32:43.807Z [getAllProjects] Fetching all projects (no pagination)...
2026-05-21T10:32:43.832Z [getAllProjects] Found 8 projects. Computing progress...
2026-05-21T10:32:43.834Z [getAllProjects] Success. Returning response.
2026-05-21T10:32:43.859Z [getAllProjects] Start - User: 454265a3-1777-413b-a49f-8735ef6ffa2a, Org: 17674cf9-9aab-470b-98d9-b65820a3436e
2026-05-21T10:32:43.860Z [getAllProjects] Database and Model verified. Testing connection...
2026-05-21T10:32:43.862Z [getAllProjects] Connection Successful
2026-05-21T10:32:43.864Z [getAllProjects] Fetching all projects (no pagination)...
2026-05-21T10:32:43.880Z [getAllProjects] Found 8 projects. Computing progress...
2026-05-21T10:32:43.883Z [getAllProjects] Success. Returning response.
2026-05-21T10:33:04.527Z [getAllProjects] Start - User: 454265a3-1777-413b-a49f-8735ef6ffa2a, Org: 17674cf9-9aab-470b-98d9-b65820a3436e
2026-05-21T10:33:04.530Z [getAllProjects] Database and Model verified. Testing connection...
2026-05-21T10:33:04.533Z [getAllProjects] Connection Successful
2026-05-21T10:33:04.535Z [getAllProjects] Fetching all projects (no pagination)...
2026-05-21T10:33:04.543Z [getAllProjects] Found 8 projects. Computing progress...
2026-05-21T10:33:04.547Z [getAllProjects] Success. Returning response.
2026-05-21T10:33:08.541Z [getAllProjects] Start - User: 454265a3-1777-413b-a49f-8735ef6ffa2a, Org: 17674cf9-9aab-470b-98d9-b65820a3436e
2026-05-21T10:33:08.543Z [getAllProjects] Database and Model verified. Testing connection...
2026-05-21T10:33:08.553Z [getAllProjects] Connection Successful
2026-05-21T10:33:08.557Z [getAllProjects] Fetching all projects (no pagination)...
2026-05-21T10:33:08.573Z [getAllProjects] Found 8 projects. Computing progress...
2026-05-21T10:33:08.579Z [getAllProjects] Success. Returning response.
2026-05-21T10:33:16.501Z [getAllProjects] Start - User: 454265a3-1777-413b-a49f-8735ef6ffa2a, Org: 17674cf9-9aab-470b-98d9-b65820a3436e
2026-05-21T10:33:16.503Z [getAllProjects] Database and Model verified. Testing connection...
2026-05-21T10:33:16.504Z [getAllProjects] Connection Successful
2026-05-21T10:33:16.505Z [getAllProjects] Fetching all projects (no pagination)...
2026-05-21T10:33:16.517Z [getAllProjects] Found 8 projects. Computing progress...
2026-05-21T10:33:16.519Z [getAllProjects] Success. Returning response.
2026-05-21T10:33:19.009Z [getAllProjects] Start - User: 454265a3-1777-413b-a49f-8735ef6ffa2a, Org: 17674cf9-9aab-470b-98d9-b65820a3436e
2026-05-21T10:33:19.011Z [getAllProjects] Database and Model verified. Testing connection...
2026-05-21T10:33:19.012Z [getAllProjects] Connection Successful
2026-05-21T10:33:19.013Z [getAllProjects] Fetching all projects (no pagination)...
2026-05-21T10:33:19.022Z [getAllProjects] Found 8 projects. Computing progress...
2026-05-21T10:33:19.023Z [getAllProjects] Success. Returning response.
2026-05-21T10:33:24.059Z [getAllProjects] Start - User: 454265a3-1777-413b-a49f-8735ef6ffa2a, Org: 17674cf9-9aab-470b-98d9-b65820a3436e
2026-05-21T10:33:24.061Z [getAllProjects] Database and Model verified. Testing connection...
2026-05-21T10:33:24.063Z [getAllProjects] Connection Successful
2026-05-21T10:33:24.064Z [getAllProjects] Fetching all projects (no pagination)...
2026-05-21T10:33:24.079Z [getAllProjects] Found 8 projects. Computing progress...
2026-05-21T10:33:24.081Z [getAllProjects] Success. Returning response.
2026-05-21T10:33:30.261Z [getAllProjects] Start - User: 168ff0b0-b2a7-493e-91a3-59fa595209d8, Org: 17674cf9-9aab-470b-98d9-b65820a3436e
2026-05-21T10:33:30.263Z [getAllProjects] Database and Model verified. Testing connection...
2026-05-21T10:33:30.267Z [getAllProjects] Connection Successful
2026-05-21T10:33:30.270Z [getAllProjects] Fetching all projects (no pagination)...
2026-05-21T10:33:30.281Z [getAllProjects] Found 2 projects. Computing progress...
2026-05-21T10:33:30.285Z [getAllProjects] Success. Returning response.
2026-05-21T10:33:30.320Z [getAllProjects] Start - User: 168ff0b0-b2a7-493e-91a3-59fa595209d8, Org: 17674cf9-9aab-470b-98d9-b65820a3436e
2026-05-21T10:33:30.322Z [getAllProjects] Database and Model verified. Testing connection...
2026-05-21T10:33:30.323Z [getAllProjects] Connection Successful
2026-05-21T10:33:30.324Z [getAllProjects] Fetching all projects (no pagination)...
2026-05-21T10:33:30.334Z [getAllProjects] Found 2 projects. Computing progress...
2026-05-21T10:33:30.336Z [getAllProjects] Success. Returning response.
2026-05-21T10:33:34.117Z [getAllProjects] Start - User: 168ff0b0-b2a7-493e-91a3-59fa595209d8, Org: 17674cf9-9aab-470b-98d9-b65820a3436e
2026-05-21T10:33:34.119Z [getAllProjects] Database and Model verified. Testing connection...
2026-05-21T10:33:34.121Z [getAllProjects] Connection Successful
2026-05-21T10:33:34.122Z [getAllProjects] Fetching all projects (no pagination)...
2026-05-21T10:33:34.137Z [getAllProjects] Found 2 projects. Computing progress...
2026-05-21T10:33:34.139Z [getAllProjects] Success. Returning response.
2026-05-21T10:33:46.020Z [getAllProjects] Start - User: 168ff0b0-b2a7-493e-91a3-59fa595209d8, Org: 17674cf9-9aab-470b-98d9-b65820a3436e
2026-05-21T10:33:46.022Z [getAllProjects] Database and Model verified. Testing connection...
2026-05-21T10:33:46.024Z [getAllProjects] Connection Successful
2026-05-21T10:33:46.027Z [getAllProjects] Fetching all projects (no pagination)...
2026-05-21T10:33:46.038Z [getAllProjects] Found 2 projects. Computing progress...
2026-05-21T10:33:46.040Z [getAllProjects] Success. Returning response.
2026-05-21T10:34:00.931Z [getAllProjects] Start - User: 168ff0b0-b2a7-493e-91a3-59fa595209d8, Org: 17674cf9-9aab-470b-98d9-b65820a3436e
2026-05-21T10:34:00.933Z [getAllProjects] Database and Model verified. Testing connection...
2026-05-21T10:34:00.934Z [getAllProjects] Connection Successful
2026-05-21T10:34:00.936Z [getAllProjects] Fetching paginated projects (page: 1, limit: 10)...
2026-05-21T10:34:00.949Z [getAllProjects] Found 2 projects (Total: 2). Computing progress...
2026-05-21T10:34:00.950Z [getAllProjects] Success. Returning paginated response.
2026-05-21T10:34:21.191Z [getAllProjects] Start - User: a6f2643a-6e8f-4bf2-bd33-6e86e4236c71, Org: 17674cf9-9aab-470b-98d9-b65820a3436e
2026-05-21T10:34:21.192Z [getAllProjects] Database and Model verified. Testing connection...
2026-05-21T10:34:21.194Z [getAllProjects] Connection Successful
2026-05-21T10:34:21.195Z [getAllProjects] Fetching all projects (no pagination)...
2026-05-21T10:34:21.221Z [getAllProjects] Found 13 projects. Computing progress...
2026-05-21T10:34:21.223Z [getAllProjects] Success. Returning response.
2026-05-21T10:34:21.253Z [getAllProjects] Start - User: a6f2643a-6e8f-4bf2-bd33-6e86e4236c71, Org: 17674cf9-9aab-470b-98d9-b65820a3436e
2026-05-21T10:34:21.255Z [getAllProjects] Database and Model verified. Testing connection...
2026-05-21T10:34:21.256Z [getAllProjects] Connection Successful
2026-05-21T10:34:21.257Z [getAllProjects] Fetching all projects (no pagination)...
2026-05-21T10:34:21.265Z [getAllProjects] Found 13 projects. Computing progress...
2026-05-21T10:34:21.267Z [getAllProjects] Success. Returning response.
2026-05-21T10:34:23.414Z [getAllProjects] Start - User: a6f2643a-6e8f-4bf2-bd33-6e86e4236c71, Org: 17674cf9-9aab-470b-98d9-b65820a3436e
2026-05-21T10:34:23.416Z [getAllProjects] Database and Model verified. Testing connection...
2026-05-21T10:34:23.418Z [getAllProjects] Connection Successful
2026-05-21T10:34:23.420Z [getAllProjects] Fetching paginated projects (page: 1, limit: 10)...
2026-05-21T10:34:23.435Z [getAllProjects] Found 10 projects (Total: 13). Computing progress...
2026-05-21T10:34:23.436Z [getAllProjects] Success. Returning paginated response.
2026-05-21T10:34:29.875Z [getAllProjects] Start - User: a6f2643a-6e8f-4bf2-bd33-6e86e4236c71, Org: 17674cf9-9aab-470b-98d9-b65820a3436e
2026-05-21T10:34:29.877Z [getAllProjects] Database and Model verified. Testing connection...
2026-05-21T10:34:29.878Z [getAllProjects] Connection Successful
2026-05-21T10:34:29.880Z [getAllProjects] Fetching paginated projects (page: 1, limit: 10)...
2026-05-21T10:34:29.893Z [getAllProjects] Found 2 projects (Total: 2). Computing progress...
2026-05-21T10:34:29.895Z [getAllProjects] Success. Returning paginated response.
2026-05-21T10:34:43.674Z [getAllProjects] Start - User: a6f2643a-6e8f-4bf2-bd33-6e86e4236c71, Org: 17674cf9-9aab-470b-98d9-b65820a3436e
2026-05-21T10:34:43.676Z [getAllProjects] Database and Model verified. Testing connection...
2026-05-21T10:34:43.677Z [getAllProjects] Connection Successful
2026-05-21T10:34:43.678Z [getAllProjects] Fetching paginated projects (page: 1, limit: 10)...
2026-05-21T10:34:43.683Z [getAllProjects] Found 2 projects (Total: 2). Computing progress...
2026-05-21T10:34:43.684Z [getAllProjects] Success. Returning paginated response.
2026-05-21T10:45:39.394Z [getAllProjects] Start - User: a6f2643a-6e8f-4bf2-bd33-6e86e4236c71, Org: 17674cf9-9aab-470b-98d9-b65820a3436e
2026-05-21T10:45:39.397Z [getAllProjects] Database and Model verified. Testing connection...
2026-05-21T10:45:39.398Z [getAllProjects] Connection Successful
2026-05-21T10:45:39.399Z [getAllProjects] Fetching paginated projects (page: 1, limit: 10)...
2026-05-21T10:45:39.420Z [getAllProjects] Found 10 projects (Total: 13). Computing progress...
2026-05-21T10:45:39.424Z [getAllProjects] Success. Returning paginated response.
2026-05-21T10:45:42.204Z [getAllProjects] Start - User: a6f2643a-6e8f-4bf2-bd33-6e86e4236c71, Org: 17674cf9-9aab-470b-98d9-b65820a3436e
2026-05-21T10:45:42.205Z [getAllProjects] Database and Model verified. Testing connection...
2026-05-21T10:45:42.207Z [getAllProjects] Connection Successful
2026-05-21T10:45:42.208Z [getAllProjects] Fetching all projects (no pagination)...
2026-05-21T10:45:42.231Z [getAllProjects] Found 13 projects. Computing progress...
2026-05-21T10:45:42.233Z [getAllProjects] Success. Returning response.
2026-05-21T10:45:43.757Z [getAllProjects] Start - User: a6f2643a-6e8f-4bf2-bd33-6e86e4236c71, Org: 17674cf9-9aab-470b-98d9-b65820a3436e
2026-05-21T10:45:43.758Z [getAllProjects] Database and Model verified. Testing connection...
2026-05-21T10:45:43.760Z [getAllProjects] Connection Successful
2026-05-21T10:45:43.761Z [getAllProjects] Fetching paginated projects (page: 1, limit: 10)...
2026-05-21T10:45:43.771Z [getAllProjects] Found 10 projects (Total: 13). Computing progress...
2026-05-21T10:45:43.773Z [getAllProjects] Success. Returning paginated response.
2026-05-21T10:49:48.806Z [getAllProjects] Start - User: a6f2643a-6e8f-4bf2-bd33-6e86e4236c71, Org: 17674cf9-9aab-470b-98d9-b65820a3436e
2026-05-21T10:49:48.809Z [getAllProjects] Database and Model verified. Testing connection...
2026-05-21T10:49:48.813Z [getAllProjects] Connection Successful
2026-05-21T10:49:48.817Z [getAllProjects] Fetching all projects (no pagination)...
2026-05-21T10:49:48.851Z [getAllProjects] Found 13 projects. Computing progress...
2026-05-21T10:49:48.854Z [getAllProjects] Success. Returning response.
2026-05-21T10:49:48.966Z [getAllProjects] Start - User: a6f2643a-6e8f-4bf2-bd33-6e86e4236c71, Org: 17674cf9-9aab-470b-98d9-b65820a3436e
2026-05-21T10:49:48.970Z [getAllProjects] Database and Model verified. Testing connection...
2026-05-21T10:49:48.983Z [getAllProjects] Connection Successful
2026-05-21T10:49:48.988Z [getAllProjects] Fetching all projects (no pagination)...
2026-05-21T10:49:49.032Z [getAllProjects] Found 13 projects. Computing progress...
2026-05-21T10:49:49.034Z [getAllProjects] Success. Returning response.
2026-05-21T10:49:59.162Z [getAllProjects] Start - User: a6f2643a-6e8f-4bf2-bd33-6e86e4236c71, Org: 17674cf9-9aab-470b-98d9-b65820a3436e
2026-05-21T10:49:59.164Z [getAllProjects] Database and Model verified. Testing connection...
2026-05-21T10:49:59.166Z [getAllProjects] Connection Successful
2026-05-21T10:49:59.167Z [getAllProjects] Fetching all projects (no pagination)...
2026-05-21T10:49:59.176Z [getAllProjects] Found 13 projects. Computing progress...
2026-05-21T10:49:59.179Z [getAllProjects] Success. Returning response.
2026-05-21T10:50:16.358Z [getAllProjects] Start - User: 177574c6-ea59-4cb6-8828-cf6ac23e33a9, Org: 17674cf9-9aab-470b-98d9-b65820a3436e
2026-05-21T10:50:16.360Z [getAllProjects] Database and Model verified. Testing connection...
2026-05-21T10:50:16.362Z [getAllProjects] Connection Successful
2026-05-21T10:50:16.365Z [getAllProjects] Fetching all projects (no pagination)...
2026-05-21T10:50:16.381Z [getAllProjects] Found 5 projects. Computing progress...
2026-05-21T10:50:16.383Z [getAllProjects] Success. Returning response.
2026-05-21T10:50:16.407Z [getAllProjects] Start - User: 177574c6-ea59-4cb6-8828-cf6ac23e33a9, Org: 17674cf9-9aab-470b-98d9-b65820a3436e
2026-05-21T10:50:16.409Z [getAllProjects] Database and Model verified. Testing connection...
2026-05-21T10:50:16.410Z [getAllProjects] Connection Successful
2026-05-21T10:50:16.412Z [getAllProjects] Fetching all projects (no pagination)...
2026-05-21T10:50:16.432Z [getAllProjects] Found 5 projects. Computing progress...
2026-05-21T10:50:16.435Z [getAllProjects] Success. Returning response.
2026-05-21T10:50:22.387Z [getAllProjects] Start - User: 177574c6-ea59-4cb6-8828-cf6ac23e33a9, Org: 17674cf9-9aab-470b-98d9-b65820a3436e
2026-05-21T10:50:22.388Z [getAllProjects] Database and Model verified. Testing connection...
2026-05-21T10:50:22.390Z [getAllProjects] Connection Successful
2026-05-21T10:50:22.391Z [getAllProjects] Fetching paginated projects (page: 1, limit: 10)...
2026-05-21T10:50:22.397Z [getAllProjects] Found 5 projects (Total: 5). Computing progress...
2026-05-21T10:50:22.398Z [getAllProjects] Success. Returning paginated response.
2026-05-21T10:50:23.086Z [getAllProjects] Start - User: 177574c6-ea59-4cb6-8828-cf6ac23e33a9, Org: 17674cf9-9aab-470b-98d9-b65820a3436e
2026-05-21T10:50:23.088Z [getAllProjects] Database and Model verified. Testing connection...
2026-05-21T10:50:23.089Z [getAllProjects] Connection Successful
2026-05-21T10:50:23.091Z [getAllProjects] Fetching all projects (no pagination)...
2026-05-21T10:50:23.103Z [getAllProjects] Found 5 projects. Computing progress...
2026-05-21T10:50:23.105Z [getAllProjects] Success. Returning response.
2026-05-21T10:50:24.321Z [getAllProjects] Start - User: 177574c6-ea59-4cb6-8828-cf6ac23e33a9, Org: 17674cf9-9aab-470b-98d9-b65820a3436e
2026-05-21T10:50:24.323Z [getAllProjects] Database and Model verified. Testing connection...
2026-05-21T10:50:24.325Z [getAllProjects] Connection Successful
2026-05-21T10:50:24.325Z [getAllProjects] Fetching all projects (no pagination)...
2026-05-21T10:50:24.334Z [getAllProjects] Found 5 projects. Computing progress...
2026-05-21T10:50:24.336Z [getAllProjects] Success. Returning response.
2026-05-21T10:51:58.704Z [getAllProjects] Start - User: 177574c6-ea59-4cb6-8828-cf6ac23e33a9, Org: 17674cf9-9aab-470b-98d9-b65820a3436e
2026-05-21T10:51:58.706Z [getAllProjects] Database and Model verified. Testing connection...
2026-05-21T10:51:58.708Z [getAllProjects] Connection Successful
2026-05-21T10:51:58.710Z [getAllProjects] Fetching all projects (no pagination)...
2026-05-21T10:51:58.722Z [getAllProjects] Found 5 projects. Computing progress...
2026-05-21T10:51:58.724Z [getAllProjects] Success. Returning response.
2026-05-21T10:52:11.002Z [getAllProjects] Start - User: a6f2643a-6e8f-4bf2-bd33-6e86e4236c71, Org: 17674cf9-9aab-470b-98d9-b65820a3436e
2026-05-21T10:52:11.004Z [getAllProjects] Database and Model verified. Testing connection...
2026-05-21T10:52:11.006Z [getAllProjects] Connection Successful
2026-05-21T10:52:11.007Z [getAllProjects] Fetching all projects (no pagination)...
2026-05-21T10:52:11.041Z [getAllProjects] Found 13 projects. Computing progress...
2026-05-21T10:52:11.043Z [getAllProjects] Success. Returning response.
2026-05-21T10:52:11.079Z [getAllProjects] Start - User: a6f2643a-6e8f-4bf2-bd33-6e86e4236c71, Org: 17674cf9-9aab-470b-98d9-b65820a3436e
2026-05-21T10:52:11.081Z [getAllProjects] Database and Model verified. Testing connection...
2026-05-21T10:52:11.083Z [getAllProjects] Connection Successful
2026-05-21T10:52:11.085Z [getAllProjects] Fetching all projects (no pagination)...
2026-05-21T10:52:11.094Z [getAllProjects] Found 13 projects. Computing progress...
2026-05-21T10:52:11.096Z [getAllProjects] Success. Returning response.
2026-05-21T10:52:27.329Z [getAllProjects] Start - User: a6f2643a-6e8f-4bf2-bd33-6e86e4236c71, Org: 17674cf9-9aab-470b-98d9-b65820a3436e
2026-05-21T10:52:27.331Z [getAllProjects] Database and Model verified. Testing connection...
2026-05-21T10:52:27.333Z [getAllProjects] Connection Successful
2026-05-21T10:52:27.335Z [getAllProjects] Fetching paginated projects (page: 1, limit: 10)...
2026-05-21T10:52:27.349Z [getAllProjects] Found 10 projects (Total: 13). Computing progress...
2026-05-21T10:52:27.351Z [getAllProjects] Success. Returning paginated response.
2026-05-21T10:52:28.605Z [getAllProjects] Start - User: a6f2643a-6e8f-4bf2-bd33-6e86e4236c71, Org: 17674cf9-9aab-470b-98d9-b65820a3436e
2026-05-21T10:52:28.606Z [getAllProjects] Database and Model verified. Testing connection...
2026-05-21T10:52:28.608Z [getAllProjects] Connection Successful
2026-05-21T10:52:28.609Z [getAllProjects] Fetching all projects (no pagination)...
2026-05-21T10:52:28.621Z [getAllProjects] Found 13 projects. Computing progress...
2026-05-21T10:52:28.622Z [getAllProjects] Success. Returning response.
2026-05-21T10:54:48.115Z [getAllProjects] Start - User: a6f2643a-6e8f-4bf2-bd33-6e86e4236c71, Org: 17674cf9-9aab-470b-98d9-b65820a3436e
2026-05-21T10:54:48.117Z [getAllProjects] Database and Model verified. Testing connection...
2026-05-21T10:54:48.118Z [getAllProjects] Connection Successful
2026-05-21T10:54:48.120Z [getAllProjects] Fetching all projects (no pagination)...
2026-05-21T10:54:48.131Z [getAllProjects] Found 13 projects. Computing progress...
2026-05-21T10:54:48.133Z [getAllProjects] Success. Returning response.
2026-05-21T10:55:31.913Z [getAllProjects] Start - User: a6f2643a-6e8f-4bf2-bd33-6e86e4236c71, Org: 17674cf9-9aab-470b-98d9-b65820a3436e
2026-05-21T10:55:31.915Z [getAllProjects] Database and Model verified. Testing connection...
2026-05-21T10:55:31.917Z [getAllProjects] Connection Successful
2026-05-21T10:55:31.918Z [getAllProjects] Fetching all projects (no pagination)...
2026-05-21T10:55:31.935Z [getAllProjects] Found 13 projects. Computing progress...
2026-05-21T10:55:31.937Z [getAllProjects] Success. Returning response.
2026-05-21T10:55:45.169Z [getAllProjects] Start - User: a6f2643a-6e8f-4bf2-bd33-6e86e4236c71, Org: 17674cf9-9aab-470b-98d9-b65820a3436e
2026-05-21T10:55:45.176Z [getAllProjects] Database and Model verified. Testing connection...
2026-05-21T10:55:45.179Z [getAllProjects] Connection Successful
2026-05-21T10:55:45.181Z [getAllProjects] Fetching all projects (no pagination)...
2026-05-21T10:55:45.197Z [getAllProjects] Found 13 projects. Computing progress...
2026-05-21T10:55:45.199Z [getAllProjects] Success. Returning response.
2026-05-21T10:57:21.069Z [getAllProjects] Start - User: a6f2643a-6e8f-4bf2-bd33-6e86e4236c71, Org: 17674cf9-9aab-470b-98d9-b65820a3436e
2026-05-21T10:57:21.072Z [getAllProjects] Database and Model verified. Testing connection...
2026-05-21T10:57:21.075Z [getAllProjects] Connection Successful
2026-05-21T10:57:21.076Z [getAllProjects] Fetching paginated projects (page: 1, limit: 10)...
2026-05-21T10:57:21.091Z [getAllProjects] Found 10 projects (Total: 13). Computing progress...
2026-05-21T10:57:21.093Z [getAllProjects] Success. Returning paginated response.
2026-05-21T10:57:22.465Z [getAllProjects] Start - User: a6f2643a-6e8f-4bf2-bd33-6e86e4236c71, Org: 17674cf9-9aab-470b-98d9-b65820a3436e
2026-05-21T10:57:22.466Z [getAllProjects] Database and Model verified. Testing connection...
2026-05-21T10:57:22.467Z [getAllProjects] Connection Successful
2026-05-21T10:57:22.468Z [getAllProjects] Fetching all projects (no pagination)...
2026-05-21T10:57:22.478Z [getAllProjects] Found 13 projects. Computing progress...
2026-05-21T10:57:22.479Z [getAllProjects] Success. Returning response.
2026-05-21T10:58:31.411Z [getAllProjects] Start - User: a6f2643a-6e8f-4bf2-bd33-6e86e4236c71, Org: 17674cf9-9aab-470b-98d9-b65820a3436e
2026-05-21T10:58:31.413Z [getAllProjects] Database and Model verified. Testing connection...
2026-05-21T10:58:31.414Z [getAllProjects] Connection Successful
2026-05-21T10:58:31.416Z [getAllProjects] Fetching all projects (no pagination)...
2026-05-21T10:58:31.425Z [getAllProjects] Found 13 projects. Computing progress...
2026-05-21T10:58:31.427Z [getAllProjects] Success. Returning response.
2026-05-21T11:02:32.899Z [getAllProjects] Start - User: a6f2643a-6e8f-4bf2-bd33-6e86e4236c71, Org: 17674cf9-9aab-470b-98d9-b65820a3436e
2026-05-21T11:02:32.901Z [getAllProjects] Database and Model verified. Testing connection...
2026-05-21T11:02:32.902Z [getAllProjects] Connection Successful
2026-05-21T11:02:32.904Z [getAllProjects] Fetching all projects (no pagination)...
2026-05-21T11:02:32.964Z [getAllProjects] Found 13 projects. Computing progress...
2026-05-21T11:02:32.965Z [getAllProjects] Success. Returning response.
2026-05-21T11:04:12.235Z [getAllProjects] Start - User: a6f2643a-6e8f-4bf2-bd33-6e86e4236c71, Org: 17674cf9-9aab-470b-98d9-b65820a3436e
2026-05-21T11:04:12.238Z [getAllProjects] Database and Model verified. Testing connection...
2026-05-21T11:04:12.240Z [getAllProjects] Connection Successful
2026-05-21T11:04:12.242Z [getAllProjects] Fetching paginated projects (page: 1, limit: 10)...
2026-05-21T11:04:12.256Z [getAllProjects] Found 10 projects (Total: 13). Computing progress...
2026-05-21T11:04:12.257Z [getAllProjects] Success. Returning paginated response.
2026-05-21T11:04:14.394Z [getAllProjects] Start - User: a6f2643a-6e8f-4bf2-bd33-6e86e4236c71, Org: 17674cf9-9aab-470b-98d9-b65820a3436e
2026-05-21T11:04:14.396Z [getAllProjects] Database and Model verified. Testing connection...
2026-05-21T11:04:14.397Z [getAllProjects] Connection Successful
2026-05-21T11:04:14.398Z [getAllProjects] Fetching all projects (no pagination)...
2026-05-21T11:04:14.408Z [getAllProjects] Found 13 projects. Computing progress...
2026-05-21T11:04:14.409Z [getAllProjects] Success. Returning response.
2026-05-21T11:04:58.802Z [getAllProjects] Start - User: a6f2643a-6e8f-4bf2-bd33-6e86e4236c71, Org: 17674cf9-9aab-470b-98d9-b65820a3436e
2026-05-21T11:04:58.804Z [getAllProjects] Database and Model verified. Testing connection...
2026-05-21T11:04:58.806Z [getAllProjects] Connection Successful
2026-05-21T11:04:58.807Z [getAllProjects] Fetching all projects (no pagination)...
2026-05-21T11:04:58.817Z [getAllProjects] Found 13 projects. Computing progress...
2026-05-21T11:04:58.819Z [getAllProjects] Success. Returning response.
2026-05-21T11:07:29.894Z [getAllProjects] Start - User: a6f2643a-6e8f-4bf2-bd33-6e86e4236c71, Org: 17674cf9-9aab-470b-98d9-b65820a3436e
2026-05-21T11:07:29.898Z [getAllProjects] Database and Model verified. Testing connection...
2026-05-21T11:07:29.899Z [getAllProjects] Connection Successful
2026-05-21T11:07:29.901Z [getAllProjects] Fetching paginated projects (page: 1, limit: 10)...
2026-05-21T11:07:30.013Z [getAllProjects] Found 10 projects (Total: 13). Computing progress...
2026-05-21T11:07:30.015Z [getAllProjects] Success. Returning paginated response.
2026-05-21T11:07:31.210Z [getAllProjects] Start - User: a6f2643a-6e8f-4bf2-bd33-6e86e4236c71, Org: 17674cf9-9aab-470b-98d9-b65820a3436e
2026-05-21T11:07:31.216Z [getAllProjects] Database and Model verified. Testing connection...
2026-05-21T11:07:31.220Z [getAllProjects] Connection Successful
2026-05-21T11:07:31.224Z [getAllProjects] Fetching all projects (no pagination)...
2026-05-21T11:07:31.245Z [getAllProjects] Found 13 projects. Computing progress...
2026-05-21T11:07:31.248Z [getAllProjects] Success. Returning response.
2026-05-21T11:18:05.967Z [getAllProjects] Start - User: a6f2643a-6e8f-4bf2-bd33-6e86e4236c71, Org: 17674cf9-9aab-470b-98d9-b65820a3436e
2026-05-21T11:18:05.971Z [getAllProjects] Database and Model verified. Testing connection...
2026-05-21T11:18:05.972Z [getAllProjects] Connection Successful
2026-05-21T11:18:05.975Z [getAllProjects] Fetching paginated projects (page: 1, limit: 10)...
2026-05-21T11:18:05.997Z [getAllProjects] Found 10 projects (Total: 13). Computing progress...
2026-05-21T11:18:05.999Z [getAllProjects] Success. Returning paginated response.
2026-05-21T11:18:09.192Z [getAllProjects] Start - User: a6f2643a-6e8f-4bf2-bd33-6e86e4236c71, Org: 17674cf9-9aab-470b-98d9-b65820a3436e
2026-05-21T11:18:09.194Z [getAllProjects] Database and Model verified. Testing connection...
2026-05-21T11:18:09.196Z [getAllProjects] Connection Successful
2026-05-21T11:18:09.197Z [getAllProjects] Fetching all projects (no pagination)...
2026-05-21T11:18:09.211Z [getAllProjects] Found 13 projects. Computing progress...
2026-05-21T11:18:09.213Z [getAllProjects] Success. Returning response.
2026-05-21T11:18:27.823Z [getAllProjects] Start - User: a6f2643a-6e8f-4bf2-bd33-6e86e4236c71, Org: 17674cf9-9aab-470b-98d9-b65820a3436e
2026-05-21T11:18:27.824Z [getAllProjects] Database and Model verified. Testing connection...
2026-05-21T11:18:27.825Z [getAllProjects] Connection Successful
2026-05-21T11:18:27.826Z [getAllProjects] Fetching all projects (no pagination)...
2026-05-21T11:18:27.836Z [getAllProjects] Found 13 projects. Computing progress...
2026-05-21T11:18:27.837Z [getAllProjects] Success. Returning response.
2026-05-21T11:22:53.751Z [getAllProjects] Start - User: a6f2643a-6e8f-4bf2-bd33-6e86e4236c71, Org: 17674cf9-9aab-470b-98d9-b65820a3436e
2026-05-21T11:22:53.753Z [getAllProjects] Database and Model verified. Testing connection...
2026-05-21T11:22:53.754Z [getAllProjects] Connection Successful
2026-05-21T11:22:53.758Z [getAllProjects] Fetching paginated projects (page: 1, limit: 10)...
2026-05-21T11:22:53.777Z [getAllProjects] Found 10 projects (Total: 13). Computing progress...
2026-05-21T11:22:53.779Z [getAllProjects] Success. Returning paginated response.
2026-05-21T11:23:37.891Z [getAllProjects] Start - User: a6f2643a-6e8f-4bf2-bd33-6e86e4236c71, Org: 17674cf9-9aab-470b-98d9-b65820a3436e
2026-05-21T11:23:37.894Z [getAllProjects] Database and Model verified. Testing connection...
2026-05-21T11:23:37.895Z [getAllProjects] Connection Successful
2026-05-21T11:23:37.896Z [getAllProjects] Fetching paginated projects (page: 1, limit: 10)...
2026-05-21T11:23:38.004Z [getAllProjects] Found 10 projects (Total: 13). Computing progress...
2026-05-21T11:23:38.007Z [getAllProjects] Success. Returning paginated response.
2026-05-21T11:26:28.345Z [getAllProjects] Start - User: a6f2643a-6e8f-4bf2-bd33-6e86e4236c71, Org: 17674cf9-9aab-470b-98d9-b65820a3436e
2026-05-21T11:26:28.348Z [getAllProjects] Database and Model verified. Testing connection...
2026-05-21T11:26:28.350Z [getAllProjects] Connection Successful
2026-05-21T11:26:28.351Z [getAllProjects] Fetching paginated projects (page: 1, limit: 10)...
2026-05-21T11:26:28.380Z [getAllProjects] Found 10 projects (Total: 13). Computing progress...
2026-05-21T11:26:28.382Z [getAllProjects] Success. Returning paginated response.
2026-05-21T11:26:29.675Z [getAllProjects] Start - User: a6f2643a-6e8f-4bf2-bd33-6e86e4236c71, Org: 17674cf9-9aab-470b-98d9-b65820a3436e
2026-05-21T11:26:29.676Z [getAllProjects] Database and Model verified. Testing connection...
2026-05-21T11:26:29.678Z [getAllProjects] Connection Successful
2026-05-21T11:26:29.679Z [getAllProjects] Fetching all projects (no pagination)...
2026-05-21T11:26:29.691Z [getAllProjects] Found 13 projects. Computing progress...
2026-05-21T11:26:29.693Z [getAllProjects] Success. Returning response.
2026-05-21T12:15:19.375Z [getAllProjects] Start - User: a6f2643a-6e8f-4bf2-bd33-6e86e4236c71, Org: 17674cf9-9aab-470b-98d9-b65820a3436e
2026-05-21T12:15:19.378Z [getAllProjects] Database and Model verified. Testing connection...
2026-05-21T12:15:19.379Z [getAllProjects] Connection Successful
2026-05-21T12:15:19.381Z [getAllProjects] Fetching all projects (no pagination)...
2026-05-21T12:15:19.408Z [getAllProjects] Found 13 projects. Computing progress...
2026-05-21T12:15:19.409Z [getAllProjects] Success. Returning response.
2026-05-21T13:05:21.102Z [getAllProjects] Start - User: a6f2643a-6e8f-4bf2-bd33-6e86e4236c71, Org: 17674cf9-9aab-470b-98d9-b65820a3436e
2026-05-21T13:05:21.106Z [getAllProjects] Database and Model verified. Testing connection...
2026-05-21T13:05:21.107Z [getAllProjects] Connection Successful
2026-05-21T13:05:21.109Z [getAllProjects] Fetching all projects (no pagination)...
2026-05-21T13:05:21.129Z [getAllProjects] Found 13 projects. Computing progress...
2026-05-21T13:05:21.131Z [getAllProjects] Success. Returning response.
2026-05-21T13:06:39.823Z [getAllProjects] Start - User: a6f2643a-6e8f-4bf2-bd33-6e86e4236c71, Org: 17674cf9-9aab-470b-98d9-b65820a3436e
2026-05-21T13:06:39.825Z [getAllProjects] Database and Model verified. Testing connection...
2026-05-21T13:06:39.826Z [getAllProjects] Connection Successful
2026-05-21T13:06:39.828Z [getAllProjects] Fetching paginated projects (page: 1, limit: 10)...
2026-05-21T13:06:39.853Z [getAllProjects] Found 10 projects (Total: 13). Computing progress...
2026-05-21T13:06:39.856Z [getAllProjects] Success. Returning paginated response.
2026-05-21T13:06:42.651Z [getAllProjects] Start - User: a6f2643a-6e8f-4bf2-bd33-6e86e4236c71, Org: 17674cf9-9aab-470b-98d9-b65820a3436e
2026-05-21T13:06:42.652Z [getAllProjects] Database and Model verified. Testing connection...
2026-05-21T13:06:42.654Z [getAllProjects] Connection Successful
2026-05-21T13:06:42.655Z [getAllProjects] Fetching all projects (no pagination)...
2026-05-21T13:06:42.669Z [getAllProjects] Found 13 projects. Computing progress...
2026-05-21T13:06:42.671Z [getAllProjects] Success. Returning response.
2026-05-21T13:09:52.331Z [getAllProjects] Start - User: a6f2643a-6e8f-4bf2-bd33-6e86e4236c71, Org: 17674cf9-9aab-470b-98d9-b65820a3436e
2026-05-21T13:09:52.332Z [getAllProjects] Database and Model verified. Testing connection...
2026-05-21T13:09:52.334Z [getAllProjects] Connection Successful
2026-05-21T13:09:52.335Z [getAllProjects] Fetching paginated projects (page: 1, limit: 10)...
2026-05-21T13:09:52.347Z [getAllProjects] Found 10 projects (Total: 13). Computing progress...
2026-05-21T13:09:52.348Z [getAllProjects] Success. Returning paginated response.
2026-05-21T13:09:53.500Z [getAllProjects] Start - User: a6f2643a-6e8f-4bf2-bd33-6e86e4236c71, Org: 17674cf9-9aab-470b-98d9-b65820a3436e
2026-05-21T13:09:53.501Z [getAllProjects] Database and Model verified. Testing connection...
2026-05-21T13:09:53.502Z [getAllProjects] Connection Successful
2026-05-21T13:09:53.504Z [getAllProjects] Fetching all projects (no pagination)...
2026-05-21T13:09:53.517Z [getAllProjects] Found 13 projects. Computing progress...
2026-05-21T13:09:53.519Z [getAllProjects] Success. Returning response.
2026-05-21T13:10:06.288Z [getAllProjects] Start - User: a6f2643a-6e8f-4bf2-bd33-6e86e4236c71, Org: 17674cf9-9aab-470b-98d9-b65820a3436e
2026-05-21T13:10:06.289Z [getAllProjects] Database and Model verified. Testing connection...
2026-05-21T13:10:06.291Z [getAllProjects] Connection Successful
2026-05-21T13:10:06.292Z [getAllProjects] Fetching paginated projects (page: 1, limit: 10)...
2026-05-21T13:10:06.299Z [getAllProjects] Found 10 projects (Total: 14). Computing progress...
2026-05-21T13:10:06.301Z [getAllProjects] Success. Returning paginated response.
2026-05-21T13:10:20.625Z [getAllProjects] Start - User: a6f2643a-6e8f-4bf2-bd33-6e86e4236c71, Org: 17674cf9-9aab-470b-98d9-b65820a3436e
2026-05-21T13:10:20.628Z [getAllProjects] Database and Model verified. Testing connection...
2026-05-21T13:10:20.630Z [getAllProjects] Connection Successful
2026-05-21T13:10:20.631Z [getAllProjects] Fetching paginated projects (page: 1, limit: 10)...
2026-05-21T13:10:20.641Z [getAllProjects] Found 10 projects (Total: 14). Computing progress...
2026-05-21T13:10:20.643Z [getAllProjects] Success. Returning paginated response.
2026-05-21T13:10:27.957Z [getAllProjects] Start - User: 168ff0b0-b2a7-493e-91a3-59fa595209d8, Org: 17674cf9-9aab-470b-98d9-b65820a3436e
2026-05-21T13:10:27.960Z [getAllProjects] Database and Model verified. Testing connection...
2026-05-21T13:10:27.962Z [getAllProjects] Connection Successful
2026-05-21T13:10:27.963Z [getAllProjects] Fetching all projects (no pagination)...
2026-05-21T13:10:27.979Z [getAllProjects] Found 3 projects. Computing progress...
2026-05-21T13:10:27.981Z [getAllProjects] Success. Returning response.
2026-05-21T13:10:28.014Z [getAllProjects] Start - User: 168ff0b0-b2a7-493e-91a3-59fa595209d8, Org: 17674cf9-9aab-470b-98d9-b65820a3436e
2026-05-21T13:10:28.015Z [getAllProjects] Database and Model verified. Testing connection...
2026-05-21T13:10:28.017Z [getAllProjects] Connection Successful
2026-05-21T13:10:28.019Z [getAllProjects] Fetching all projects (no pagination)...
2026-05-21T13:10:28.042Z [getAllProjects] Found 3 projects. Computing progress...
2026-05-21T13:10:28.045Z [getAllProjects] Success. Returning response.
2026-05-21T13:10:31.095Z [getAllProjects] Start - User: 168ff0b0-b2a7-493e-91a3-59fa595209d8, Org: 17674cf9-9aab-470b-98d9-b65820a3436e
2026-05-21T13:10:31.097Z [getAllProjects] Database and Model verified. Testing connection...
2026-05-21T13:10:31.099Z [getAllProjects] Connection Successful
2026-05-21T13:10:31.100Z [getAllProjects] Fetching paginated projects (page: 1, limit: 10)...
2026-05-21T13:10:31.111Z [getAllProjects] Found 3 projects (Total: 3). Computing progress...
2026-05-21T13:10:31.112Z [getAllProjects] Success. Returning paginated response.
2026-05-21T13:10:35.432Z [getAllProjects] Start - User: 168ff0b0-b2a7-493e-91a3-59fa595209d8, Org: 17674cf9-9aab-470b-98d9-b65820a3436e
2026-05-21T13:10:35.433Z [getAllProjects] Database and Model verified. Testing connection...
2026-05-21T13:10:35.435Z [getAllProjects] Connection Successful
2026-05-21T13:10:35.436Z [getAllProjects] Fetching all projects (no pagination)...
2026-05-21T13:10:35.451Z [getAllProjects] Found 3 projects. Computing progress...
2026-05-21T13:10:35.453Z [getAllProjects] Success. Returning response.
2026-05-21T13:11:09.598Z [getAllProjects] Start - User: 168ff0b0-b2a7-493e-91a3-59fa595209d8, Org: 17674cf9-9aab-470b-98d9-b65820a3436e
2026-05-21T13:11:09.601Z [getAllProjects] Database and Model verified. Testing connection...
2026-05-21T13:11:09.604Z [getAllProjects] Connection Successful
2026-05-21T13:11:09.606Z [getAllProjects] Fetching all projects (no pagination)...
2026-05-21T13:11:09.618Z [getAllProjects] Found 3 projects. Computing progress...
2026-05-21T13:11:09.620Z [getAllProjects] Success. Returning response.
2026-05-21T13:11:21.224Z [getAllProjects] Start - User: 454265a3-1777-413b-a49f-8735ef6ffa2a, Org: 17674cf9-9aab-470b-98d9-b65820a3436e
2026-05-21T13:11:21.225Z [getAllProjects] Database and Model verified. Testing connection...
2026-05-21T13:11:21.226Z [getAllProjects] Connection Successful
2026-05-21T13:11:21.228Z [getAllProjects] Fetching all projects (no pagination)...
2026-05-21T13:11:21.238Z [getAllProjects] Found 8 projects. Computing progress...
2026-05-21T13:11:21.239Z [getAllProjects] Success. Returning response.
2026-05-21T13:11:21.286Z [getAllProjects] Start - User: 454265a3-1777-413b-a49f-8735ef6ffa2a, Org: 17674cf9-9aab-470b-98d9-b65820a3436e
2026-05-21T13:11:21.287Z [getAllProjects] Database and Model verified. Testing connection...
2026-05-21T13:11:21.289Z [getAllProjects] Connection Successful
2026-05-21T13:11:21.290Z [getAllProjects] Fetching all projects (no pagination)...
2026-05-21T13:11:21.312Z [getAllProjects] Found 8 projects. Computing progress...
2026-05-21T13:11:21.316Z [getAllProjects] Success. Returning response.
2026-05-21T13:11:23.800Z [getAllProjects] Start - User: 454265a3-1777-413b-a49f-8735ef6ffa2a, Org: 17674cf9-9aab-470b-98d9-b65820a3436e
2026-05-21T13:11:23.802Z [getAllProjects] Database and Model verified. Testing connection...
2026-05-21T13:11:23.803Z [getAllProjects] Connection Successful
2026-05-21T13:11:23.804Z [getAllProjects] Fetching paginated projects (page: 1, limit: 10)...
2026-05-21T13:11:23.821Z [getAllProjects] Found 8 projects (Total: 8). Computing progress...
2026-05-21T13:11:23.824Z [getAllProjects] Success. Returning paginated response.
2026-05-21T13:11:51.189Z [getAllProjects] Start - User: 454265a3-1777-413b-a49f-8735ef6ffa2a, Org: 17674cf9-9aab-470b-98d9-b65820a3436e
2026-05-21T13:11:51.190Z [getAllProjects] Database and Model verified. Testing connection...
2026-05-21T13:11:51.192Z [getAllProjects] Connection Successful
2026-05-21T13:11:51.193Z [getAllProjects] Fetching paginated projects (page: 1, limit: 10)...
2026-05-21T13:11:51.205Z [getAllProjects] Found 8 projects (Total: 8). Computing progress...
2026-05-21T13:11:51.206Z [getAllProjects] Success. Returning paginated response.
2026-05-21T13:16:13.057Z [getAllProjects] Start - User: 454265a3-1777-413b-a49f-8735ef6ffa2a, Org: 17674cf9-9aab-470b-98d9-b65820a3436e
2026-05-21T13:16:13.059Z [getAllProjects] Database and Model verified. Testing connection...
2026-05-21T13:16:13.060Z [getAllProjects] Connection Successful
2026-05-21T13:16:13.061Z [getAllProjects] Fetching all projects (no pagination)...
2026-05-21T13:16:13.083Z [getAllProjects] Found 8 projects. Computing progress...
2026-05-21T13:16:13.084Z [getAllProjects] Success. Returning response.
2026-05-21T13:16:18.751Z [getAllProjects] Start - User: 168ff0b0-b2a7-493e-91a3-59fa595209d8, Org: 17674cf9-9aab-470b-98d9-b65820a3436e
2026-05-21T13:16:18.753Z [getAllProjects] Database and Model verified. Testing connection...
2026-05-21T13:16:18.755Z [getAllProjects] Connection Successful
2026-05-21T13:16:18.759Z [getAllProjects] Fetching all projects (no pagination)...
2026-05-21T13:16:18.786Z [getAllProjects] Found 3 projects. Computing progress...
2026-05-21T13:16:18.787Z [getAllProjects] Success. Returning response.
2026-05-21T13:16:18.816Z [getAllProjects] Start - User: 168ff0b0-b2a7-493e-91a3-59fa595209d8, Org: 17674cf9-9aab-470b-98d9-b65820a3436e
2026-05-21T13:16:18.818Z [getAllProjects] Database and Model verified. Testing connection...
2026-05-21T13:16:18.818Z [getAllProjects] Connection Successful
2026-05-21T13:16:18.819Z [getAllProjects] Fetching all projects (no pagination)...
2026-05-21T13:16:18.847Z [getAllProjects] Found 3 projects. Computing progress...
2026-05-21T13:16:18.849Z [getAllProjects] Success. Returning response.
2026-05-21T13:16:20.697Z [getAllProjects] Start - User: 168ff0b0-b2a7-493e-91a3-59fa595209d8, Org: 17674cf9-9aab-470b-98d9-b65820a3436e
2026-05-21T13:16:20.699Z [getAllProjects] Database and Model verified. Testing connection...
2026-05-21T13:16:20.700Z [getAllProjects] Connection Successful
2026-05-21T13:16:20.701Z [getAllProjects] Fetching all projects (no pagination)...
2026-05-21T13:16:20.715Z [getAllProjects] Found 3 projects. Computing progress...
2026-05-21T13:16:20.717Z [getAllProjects] Success. Returning response.
2026-05-21T13:16:23.773Z [getAllProjects] Start - User: 168ff0b0-b2a7-493e-91a3-59fa595209d8, Org: 17674cf9-9aab-470b-98d9-b65820a3436e
2026-05-21T13:16:23.775Z [getAllProjects] Database and Model verified. Testing connection...
2026-05-21T13:16:23.777Z [getAllProjects] Connection Successful
2026-05-21T13:16:23.780Z [getAllProjects] Fetching all projects (no pagination)...
2026-05-21T13:16:23.794Z [getAllProjects] Found 3 projects. Computing progress...
2026-05-21T13:16:23.795Z [getAllProjects] Success. Returning response.
2026-05-21T13:16:40.762Z [getAllProjects] Start - User: 168ff0b0-b2a7-493e-91a3-59fa595209d8, Org: 17674cf9-9aab-470b-98d9-b65820a3436e
2026-05-21T13:16:40.764Z [getAllProjects] Database and Model verified. Testing connection...
2026-05-21T13:16:40.765Z [getAllProjects] Connection Successful
2026-05-21T13:16:40.766Z [getAllProjects] Fetching all projects (no pagination)...
2026-05-21T13:16:40.775Z [getAllProjects] Found 3 projects. Computing progress...
2026-05-21T13:16:40.777Z [getAllProjects] Success. Returning response.
2026-05-21T13:17:51.968Z [getAllProjects] Start - User: 168ff0b0-b2a7-493e-91a3-59fa595209d8, Org: 17674cf9-9aab-470b-98d9-b65820a3436e
2026-05-21T13:17:51.969Z [getAllProjects] Database and Model verified. Testing connection...
2026-05-21T13:17:51.970Z [getAllProjects] Connection Successful
2026-05-21T13:17:51.971Z [getAllProjects] Fetching all projects (no pagination)...
2026-05-21T13:17:51.986Z [getAllProjects] Found 3 projects. Computing progress...
2026-05-21T13:17:51.988Z [getAllProjects] Success. Returning response.
2026-05-21T13:17:57.227Z [getAllProjects] Start - User: 168ff0b0-b2a7-493e-91a3-59fa595209d8, Org: 17674cf9-9aab-470b-98d9-b65820a3436e
2026-05-21T13:17:57.229Z [getAllProjects] Database and Model verified. Testing connection...
2026-05-21T13:17:57.230Z [getAllProjects] Connection Successful
2026-05-21T13:17:57.232Z [getAllProjects] Fetching all projects (no pagination)...
2026-05-21T13:17:57.240Z [getAllProjects] Found 3 projects. Computing progress...
2026-05-21T13:17:57.242Z [getAllProjects] Success. Returning response.
2026-05-21T13:19:29.893Z [getAllProjects] Start - User: 168ff0b0-b2a7-493e-91a3-59fa595209d8, Org: 17674cf9-9aab-470b-98d9-b65820a3436e
2026-05-21T13:19:29.895Z [getAllProjects] Database and Model verified. Testing connection...
2026-05-21T13:19:29.896Z [getAllProjects] Connection Successful
2026-05-21T13:19:29.897Z [getAllProjects] Fetching all projects (no pagination)...
2026-05-21T13:19:29.908Z [getAllProjects] Found 3 projects. Computing progress...
2026-05-21T13:19:29.909Z [getAllProjects] Success. Returning response.
2026-05-21T13:20:45.211Z [getAllProjects] Start - User: 168ff0b0-b2a7-493e-91a3-59fa595209d8, Org: 17674cf9-9aab-470b-98d9-b65820a3436e
2026-05-21T13:20:45.213Z [getAllProjects] Database and Model verified. Testing connection...
2026-05-21T13:20:45.215Z [getAllProjects] Connection Successful
2026-05-21T13:20:45.216Z [getAllProjects] Fetching all projects (no pagination)...
2026-05-21T13:20:45.224Z [getAllProjects] Found 3 projects. Computing progress...
2026-05-21T13:20:45.225Z [getAllProjects] Success. Returning response.
2026-05-21T13:23:17.122Z [getAllProjects] Start - User: 168ff0b0-b2a7-493e-91a3-59fa595209d8, Org: 17674cf9-9aab-470b-98d9-b65820a3436e
2026-05-21T13:23:17.124Z [getAllProjects] Database and Model verified. Testing connection...
2026-05-21T13:23:17.126Z [getAllProjects] Connection Successful
2026-05-21T13:23:17.127Z [getAllProjects] Fetching all projects (no pagination)...
2026-05-21T13:23:17.143Z [getAllProjects] Found 3 projects. Computing progress...
2026-05-21T13:23:17.145Z [getAllProjects] Success. Returning response.
2026-05-21T13:23:21.879Z [getAllProjects] Start - User: 168ff0b0-b2a7-493e-91a3-59fa595209d8, Org: 17674cf9-9aab-470b-98d9-b65820a3436e
2026-05-21T13:23:21.881Z [getAllProjects] Database and Model verified. Testing connection...
2026-05-21T13:23:21.882Z [getAllProjects] Connection Successful
2026-05-21T13:23:21.883Z [getAllProjects] Fetching all projects (no pagination)...
2026-05-21T13:23:21.895Z [getAllProjects] Found 3 projects. Computing progress...
2026-05-21T13:23:21.897Z [getAllProjects] Success. Returning response.
2026-05-21T13:23:27.107Z [getAllProjects] Start - User: 168ff0b0-b2a7-493e-91a3-59fa595209d8, Org: 17674cf9-9aab-470b-98d9-b65820a3436e
2026-05-21T13:23:27.109Z [getAllProjects] Database and Model verified. Testing connection...
2026-05-21T13:23:27.110Z [getAllProjects] Connection Successful
2026-05-21T13:23:27.112Z [getAllProjects] Fetching all projects (no pagination)...
2026-05-21T13:23:27.121Z [getAllProjects] Found 3 projects. Computing progress...
2026-05-21T13:23:27.122Z [getAllProjects] Success. Returning response.
2026-05-21T13:23:30.308Z [getAllProjects] Start - User: 168ff0b0-b2a7-493e-91a3-59fa595209d8, Org: 17674cf9-9aab-470b-98d9-b65820a3436e
2026-05-21T13:23:30.309Z [getAllProjects] Database and Model verified. Testing connection...
2026-05-21T13:23:30.310Z [getAllProjects] Connection Successful
2026-05-21T13:23:30.312Z [getAllProjects] Fetching all projects (no pagination)...
2026-05-21T13:23:30.331Z [getAllProjects] Found 3 projects. Computing progress...
2026-05-21T13:23:30.333Z [getAllProjects] Success. Returning response.
2026-05-21T13:23:34.956Z [getAllProjects] Start - User: 168ff0b0-b2a7-493e-91a3-59fa595209d8, Org: 17674cf9-9aab-470b-98d9-b65820a3436e
2026-05-21T13:23:34.957Z [getAllProjects] Database and Model verified. Testing connection...
2026-05-21T13:23:34.959Z [getAllProjects] Connection Successful
2026-05-21T13:23:34.960Z [getAllProjects] Fetching all projects (no pagination)...
2026-05-21T13:23:34.971Z [getAllProjects] Found 3 projects. Computing progress...
2026-05-21T13:23:34.973Z [getAllProjects] Success. Returning response.
2026-05-21T13:24:36.771Z [getAllProjects] Start - User: 168ff0b0-b2a7-493e-91a3-59fa595209d8, Org: 17674cf9-9aab-470b-98d9-b65820a3436e
2026-05-21T13:24:36.773Z [getAllProjects] Database and Model verified. Testing connection...
2026-05-21T13:24:36.775Z [getAllProjects] Connection Successful
2026-05-21T13:24:36.776Z [getAllProjects] Fetching all projects (no pagination)...
2026-05-21T13:24:36.783Z [getAllProjects] Found 3 projects. Computing progress...
2026-05-21T13:24:36.785Z [getAllProjects] Success. Returning response.
2026-05-21T13:25:00.783Z [getAllProjects] Start - User: 168ff0b0-b2a7-493e-91a3-59fa595209d8, Org: 17674cf9-9aab-470b-98d9-b65820a3436e
2026-05-21T13:25:00.784Z [getAllProjects] Database and Model verified. Testing connection...
2026-05-21T13:25:00.786Z [getAllProjects] Connection Successful
2026-05-21T13:25:00.787Z [getAllProjects] Fetching all projects (no pagination)...
2026-05-21T13:25:00.798Z [getAllProjects] Found 3 projects. Computing progress...
2026-05-21T13:25:00.799Z [getAllProjects] Success. Returning response.
2026-05-21T13:25:08.717Z [getAllProjects] Start - User: 168ff0b0-b2a7-493e-91a3-59fa595209d8, Org: 17674cf9-9aab-470b-98d9-b65820a3436e
2026-05-21T13:25:08.719Z [getAllProjects] Database and Model verified. Testing connection...
2026-05-21T13:25:08.720Z [getAllProjects] Connection Successful
2026-05-21T13:25:08.721Z [getAllProjects] Fetching all projects (no pagination)...
2026-05-21T13:25:08.740Z [getAllProjects] Found 3 projects. Computing progress...
2026-05-21T13:25:08.742Z [getAllProjects] Success. Returning response.
2026-05-21T13:25:09.840Z [getAllProjects] Start - User: 168ff0b0-b2a7-493e-91a3-59fa595209d8, Org: 17674cf9-9aab-470b-98d9-b65820a3436e
2026-05-21T13:25:09.842Z [getAllProjects] Database and Model verified. Testing connection...
2026-05-21T13:25:09.843Z [getAllProjects] Connection Successful
2026-05-21T13:25:09.844Z [getAllProjects] Fetching all projects (no pagination)...
2026-05-21T13:25:09.853Z [getAllProjects] Found 3 projects. Computing progress...
2026-05-21T13:25:09.856Z [getAllProjects] Success. Returning response.
2026-05-21T13:25:14.496Z [getAllProjects] Start - User: 168ff0b0-b2a7-493e-91a3-59fa595209d8, Org: 17674cf9-9aab-470b-98d9-b65820a3436e
2026-05-21T13:25:14.499Z [getAllProjects] Database and Model verified. Testing connection...
2026-05-21T13:25:14.501Z [getAllProjects] Connection Successful
2026-05-21T13:25:14.502Z [getAllProjects] Fetching paginated projects (page: 1, limit: 10)...
2026-05-21T13:25:14.512Z [getAllProjects] Found 3 projects (Total: 3). Computing progress...
2026-05-21T13:25:14.513Z [getAllProjects] Success. Returning paginated response.
2026-05-21T13:25:19.227Z [getAllProjects] Start - User: 168ff0b0-b2a7-493e-91a3-59fa595209d8, Org: 17674cf9-9aab-470b-98d9-b65820a3436e
2026-05-21T13:25:19.229Z [getAllProjects] Database and Model verified. Testing connection...
2026-05-21T13:25:19.231Z [getAllProjects] Connection Successful
2026-05-21T13:25:19.232Z [getAllProjects] Fetching all projects (no pagination)...
2026-05-21T13:25:19.244Z [getAllProjects] Found 3 projects. Computing progress...
2026-05-21T13:25:19.245Z [getAllProjects] Success. Returning response.
2026-05-21T13:25:21.086Z [getAllProjects] Start - User: 168ff0b0-b2a7-493e-91a3-59fa595209d8, Org: 17674cf9-9aab-470b-98d9-b65820a3436e
2026-05-21T13:25:21.087Z [getAllProjects] Database and Model verified. Testing connection...
2026-05-21T13:25:21.088Z [getAllProjects] Connection Successful
2026-05-21T13:25:21.090Z [getAllProjects] Fetching all projects (no pagination)...
2026-05-21T13:25:21.099Z [getAllProjects] Found 3 projects. Computing progress...
2026-05-21T13:25:21.100Z [getAllProjects] Success. Returning response.
2026-05-21T13:25:25.091Z [getAllProjects] Start - User: 168ff0b0-b2a7-493e-91a3-59fa595209d8, Org: 17674cf9-9aab-470b-98d9-b65820a3436e
2026-05-21T13:25:25.092Z [getAllProjects] Database and Model verified. Testing connection...
2026-05-21T13:25:25.094Z [getAllProjects] Connection Successful
2026-05-21T13:25:25.094Z [getAllProjects] Fetching all projects (no pagination)...
2026-05-21T13:25:25.108Z [getAllProjects] Found 3 projects. Computing progress...
2026-05-21T13:25:25.109Z [getAllProjects] Success. Returning response.
2026-05-21T13:25:26.395Z [getAllProjects] Start - User: 168ff0b0-b2a7-493e-91a3-59fa595209d8, Org: 17674cf9-9aab-470b-98d9-b65820a3436e
2026-05-21T13:25:26.397Z [getAllProjects] Database and Model verified. Testing connection...
2026-05-21T13:25:26.398Z [getAllProjects] Connection Successful
2026-05-21T13:25:26.399Z [getAllProjects] Fetching all projects (no pagination)...
2026-05-21T13:25:26.413Z [getAllProjects] Found 3 projects. Computing progress...
2026-05-21T13:25:26.414Z [getAllProjects] Success. Returning response.
2026-05-21T13:25:34.321Z [getAllProjects] Start - User: 168ff0b0-b2a7-493e-91a3-59fa595209d8, Org: 17674cf9-9aab-470b-98d9-b65820a3436e
2026-05-21T13:25:34.324Z [getAllProjects] Database and Model verified. Testing connection...
2026-05-21T13:25:34.326Z [getAllProjects] Connection Successful
2026-05-21T13:25:34.327Z [getAllProjects] Fetching paginated projects (page: 1, limit: 10)...
2026-05-21T13:25:34.335Z [getAllProjects] Found 3 projects (Total: 3). Computing progress...
2026-05-21T13:25:34.337Z [getAllProjects] Success. Returning paginated response.
2026-05-21T13:25:38.123Z [getAllProjects] Start - User: 168ff0b0-b2a7-493e-91a3-59fa595209d8, Org: 17674cf9-9aab-470b-98d9-b65820a3436e
2026-05-21T13:25:38.125Z [getAllProjects] Database and Model verified. Testing connection...
2026-05-21T13:25:38.126Z [getAllProjects] Connection Successful
2026-05-21T13:25:38.128Z [getAllProjects] Fetching all projects (no pagination)...
2026-05-21T13:25:38.138Z [getAllProjects] Found 3 projects. Computing progress...
2026-05-21T13:25:38.140Z [getAllProjects] Success. Returning response.
2026-05-21T13:26:26.512Z [getAllProjects] Start - User: 168ff0b0-b2a7-493e-91a3-59fa595209d8, Org: 17674cf9-9aab-470b-98d9-b65820a3436e
2026-05-21T13:26:26.514Z [getAllProjects] Database and Model verified. Testing connection...
2026-05-21T13:26:26.515Z [getAllProjects] Connection Successful
2026-05-21T13:26:26.517Z [getAllProjects] Fetching all projects (no pagination)...
2026-05-21T13:26:26.545Z [getAllProjects] Found 3 projects. Computing progress...
2026-05-21T13:26:26.547Z [getAllProjects] Success. Returning response.
2026-05-21T13:26:45.597Z [getAllProjects] Start - User: 168ff0b0-b2a7-493e-91a3-59fa595209d8, Org: 17674cf9-9aab-470b-98d9-b65820a3436e
2026-05-21T13:26:45.599Z [getAllProjects] Database and Model verified. Testing connection...
2026-05-21T13:26:45.600Z [getAllProjects] Connection Successful
2026-05-21T13:26:45.602Z [getAllProjects] Fetching all projects (no pagination)...
2026-05-21T13:26:45.624Z [getAllProjects] Found 3 projects. Computing progress...
2026-05-21T13:26:45.626Z [getAllProjects] Success. Returning response.
2026-05-21T13:26:48.639Z [getAllProjects] Start - User: 168ff0b0-b2a7-493e-91a3-59fa595209d8, Org: 17674cf9-9aab-470b-98d9-b65820a3436e
2026-05-21T13:26:48.640Z [getAllProjects] Database and Model verified. Testing connection...
2026-05-21T13:26:48.642Z [getAllProjects] Connection Successful
2026-05-21T13:26:48.644Z [getAllProjects] Fetching all projects (no pagination)...
2026-05-21T13:26:48.655Z [getAllProjects] Found 3 projects. Computing progress...
2026-05-21T13:26:48.657Z [getAllProjects] Success. Returning response.
2026-05-21T13:26:50.237Z [getAllProjects] Start - User: 168ff0b0-b2a7-493e-91a3-59fa595209d8, Org: 17674cf9-9aab-470b-98d9-b65820a3436e
2026-05-21T13:26:50.238Z [getAllProjects] Database and Model verified. Testing connection...
2026-05-21T13:26:50.240Z [getAllProjects] Connection Successful
2026-05-21T13:26:50.241Z [getAllProjects] Fetching all projects (no pagination)...
2026-05-21T13:26:50.249Z [getAllProjects] Found 3 projects. Computing progress...
2026-05-21T13:26:50.250Z [getAllProjects] Success. Returning response.
2026-05-21T13:26:54.481Z [getAllProjects] Start - User: 168ff0b0-b2a7-493e-91a3-59fa595209d8, Org: 17674cf9-9aab-470b-98d9-b65820a3436e
2026-05-21T13:26:54.483Z [getAllProjects] Database and Model verified. Testing connection...
2026-05-21T13:26:54.484Z [getAllProjects] Connection Successful
2026-05-21T13:26:54.486Z [getAllProjects] Fetching all projects (no pagination)...
2026-05-21T13:26:54.499Z [getAllProjects] Found 3 projects. Computing progress...
2026-05-21T13:26:54.501Z [getAllProjects] Success. Returning response.
2026-05-21T13:26:58.018Z [getAllProjects] Start - User: 168ff0b0-b2a7-493e-91a3-59fa595209d8, Org: 17674cf9-9aab-470b-98d9-b65820a3436e
2026-05-21T13:26:58.022Z [getAllProjects] Database and Model verified. Testing connection...
2026-05-21T13:26:58.024Z [getAllProjects] Connection Successful
2026-05-21T13:26:58.028Z [getAllProjects] Fetching all projects (no pagination)...
2026-05-21T13:26:58.039Z [getAllProjects] Found 3 projects. Computing progress...
2026-05-21T13:26:58.040Z [getAllProjects] Success. Returning response.
2026-05-21T13:27:04.162Z [getAllProjects] Start - User: a6f2643a-6e8f-4bf2-bd33-6e86e4236c71, Org: 17674cf9-9aab-470b-98d9-b65820a3436e
2026-05-21T13:27:04.165Z [getAllProjects] Database and Model verified. Testing connection...
2026-05-21T13:27:04.167Z [getAllProjects] Connection Successful
2026-05-21T13:27:04.168Z [getAllProjects] Fetching all projects (no pagination)...
2026-05-21T13:27:04.184Z [getAllProjects] Found 14 projects. Computing progress...
2026-05-21T13:27:04.188Z [getAllProjects] Success. Returning response.
2026-05-21T13:27:04.285Z [getAllProjects] Start - User: a6f2643a-6e8f-4bf2-bd33-6e86e4236c71, Org: 17674cf9-9aab-470b-98d9-b65820a3436e
2026-05-21T13:27:04.288Z [getAllProjects] Database and Model verified. Testing connection...
2026-05-21T13:27:04.295Z [getAllProjects] Connection Successful
2026-05-21T13:27:04.300Z [getAllProjects] Fetching all projects (no pagination)...
2026-05-21T13:27:04.326Z [getAllProjects] Found 14 projects. Computing progress...
2026-05-21T13:27:04.329Z [getAllProjects] Success. Returning response.
2026-05-21T13:27:06.132Z [getAllProjects] Start - User: a6f2643a-6e8f-4bf2-bd33-6e86e4236c71, Org: 17674cf9-9aab-470b-98d9-b65820a3436e
2026-05-21T13:27:06.134Z [getAllProjects] Database and Model verified. Testing connection...
2026-05-21T13:27:06.135Z [getAllProjects] Connection Successful
2026-05-21T13:27:06.136Z [getAllProjects] Fetching paginated projects (page: 1, limit: 10)...
2026-05-21T13:27:06.154Z [getAllProjects] Found 10 projects (Total: 14). Computing progress...
2026-05-21T13:27:06.156Z [getAllProjects] Success. Returning paginated response.
2026-05-21T13:27:07.924Z [getAllProjects] Start - User: a6f2643a-6e8f-4bf2-bd33-6e86e4236c71, Org: 17674cf9-9aab-470b-98d9-b65820a3436e
2026-05-21T13:27:07.926Z [getAllProjects] Database and Model verified. Testing connection...
2026-05-21T13:27:07.927Z [getAllProjects] Connection Successful
2026-05-21T13:27:07.928Z [getAllProjects] Fetching all projects (no pagination)...
2026-05-21T13:27:07.940Z [getAllProjects] Found 14 projects. Computing progress...
2026-05-21T13:27:07.941Z [getAllProjects] Success. Returning response.
2026-05-21T13:27:17.477Z [getAllProjects] Start - User: a6f2643a-6e8f-4bf2-bd33-6e86e4236c71, Org: 17674cf9-9aab-470b-98d9-b65820a3436e
2026-05-21T13:27:17.480Z [getAllProjects] Database and Model verified. Testing connection...
2026-05-21T13:27:17.483Z [getAllProjects] Connection Successful
2026-05-21T13:27:17.484Z [getAllProjects] Fetching all projects (no pagination)...
2026-05-21T13:27:17.497Z [getAllProjects] Found 14 projects. Computing progress...
2026-05-21T13:27:17.498Z [getAllProjects] Success. Returning response.
2026-05-22T05:23:15.204Z [getAllProjects] Start - User: a6f2643a-6e8f-4bf2-bd33-6e86e4236c71, Org: 17674cf9-9aab-470b-98d9-b65820a3436e
2026-05-22T05:23:15.209Z [getAllProjects] Database and Model verified. Testing connection...
2026-05-22T05:23:15.213Z [getAllProjects] Connection Successful
2026-05-22T05:23:15.214Z [getAllProjects] Fetching all projects (no pagination)...
2026-05-22T05:23:15.238Z [getAllProjects] Found 14 projects. Computing progress...
2026-05-22T05:23:15.240Z [getAllProjects] Success. Returning response.
2026-05-22T05:24:06.913Z [getAllProjects] Start - User: a6f2643a-6e8f-4bf2-bd33-6e86e4236c71, Org: 17674cf9-9aab-470b-98d9-b65820a3436e
2026-05-22T05:24:06.918Z [getAllProjects] Database and Model verified. Testing connection...
2026-05-22T05:24:06.921Z [getAllProjects] Connection Successful
2026-05-22T05:24:06.925Z [getAllProjects] Fetching all projects (no pagination)...
2026-05-22T05:24:06.942Z [getAllProjects] Found 14 projects. Computing progress...
2026-05-22T05:24:06.948Z [getAllProjects] Success. Returning response.
2026-05-22T05:24:20.225Z [getAllProjects] Start - User: a6f2643a-6e8f-4bf2-bd33-6e86e4236c71, Org: 17674cf9-9aab-470b-98d9-b65820a3436e
2026-05-22T05:24:20.229Z [getAllProjects] Database and Model verified. Testing connection...
2026-05-22T05:24:20.231Z [getAllProjects] Connection Successful
2026-05-22T05:24:20.233Z [getAllProjects] Fetching all projects (no pagination)...
2026-05-22T05:24:20.262Z [getAllProjects] Found 14 projects. Computing progress...
2026-05-22T05:24:20.267Z [getAllProjects] Success. Returning response.
2026-05-22T05:25:45.621Z [getAllProjects] Start - User: a6f2643a-6e8f-4bf2-bd33-6e86e4236c71, Org: 17674cf9-9aab-470b-98d9-b65820a3436e
2026-05-22T05:25:45.624Z [getAllProjects] Database and Model verified. Testing connection...
2026-05-22T05:25:45.626Z [getAllProjects] Connection Successful
2026-05-22T05:25:45.632Z [getAllProjects] Fetching all projects (no pagination)...
2026-05-22T05:25:45.663Z [getAllProjects] Found 14 projects. Computing progress...
2026-05-22T05:25:45.666Z [getAllProjects] Success. Returning response.
2026-05-22T05:26:07.847Z [getAllProjects] Start - User: a6f2643a-6e8f-4bf2-bd33-6e86e4236c71, Org: 17674cf9-9aab-470b-98d9-b65820a3436e
2026-05-22T05:26:07.855Z [getAllProjects] Database and Model verified. Testing connection...
2026-05-22T05:26:07.858Z [getAllProjects] Connection Successful
2026-05-22T05:26:07.860Z [getAllProjects] Fetching all projects (no pagination)...
2026-05-22T05:26:07.889Z [getAllProjects] Found 14 projects. Computing progress...
2026-05-22T05:26:07.893Z [getAllProjects] Success. Returning response.
2026-05-22T05:45:13.330Z [getAllProjects] Start - User: 168ff0b0-b2a7-493e-91a3-59fa595209d8, Org: 17674cf9-9aab-470b-98d9-b65820a3436e
2026-05-22T05:45:13.332Z [getAllProjects] Database and Model verified. Testing connection...
2026-05-22T05:45:13.334Z [getAllProjects] Connection Successful
2026-05-22T05:45:13.336Z [getAllProjects] Fetching all projects (no pagination)...
2026-05-22T05:45:13.367Z [getAllProjects] Found 3 projects. Computing progress...
2026-05-22T05:45:13.368Z [getAllProjects] Success. Returning response.
2026-05-22T05:45:15.172Z [getAllProjects] Start - User: 168ff0b0-b2a7-493e-91a3-59fa595209d8, Org: 17674cf9-9aab-470b-98d9-b65820a3436e
2026-05-22T05:45:15.174Z [getAllProjects] Database and Model verified. Testing connection...
2026-05-22T05:45:15.175Z [getAllProjects] Connection Successful
2026-05-22T05:45:15.176Z [getAllProjects] Fetching all projects (no pagination)...
2026-05-22T05:45:15.187Z [getAllProjects] Found 3 projects. Computing progress...
2026-05-22T05:45:15.189Z [getAllProjects] Success. Returning response.
2026-05-22T05:51:25.460Z [getAllProjects] Start - User: 168ff0b0-b2a7-493e-91a3-59fa595209d8, Org: 17674cf9-9aab-470b-98d9-b65820a3436e
2026-05-22T05:51:25.462Z [getAllProjects] Database and Model verified. Testing connection...
2026-05-22T05:51:25.463Z [getAllProjects] Connection Successful
2026-05-22T05:51:25.464Z [getAllProjects] Fetching all projects (no pagination)...
2026-05-22T05:51:25.548Z [getAllProjects] Found 3 projects. Computing progress...
2026-05-22T05:51:25.549Z [getAllProjects] Success. Returning response.
2026-05-22T05:54:37.957Z [getAllProjects] Start - User: 168ff0b0-b2a7-493e-91a3-59fa595209d8, Org: 17674cf9-9aab-470b-98d9-b65820a3436e
2026-05-22T05:54:37.959Z [getAllProjects] Database and Model verified. Testing connection...
2026-05-22T05:54:37.960Z [getAllProjects] Connection Successful
2026-05-22T05:54:37.961Z [getAllProjects] Fetching all projects (no pagination)...
2026-05-22T05:54:37.991Z [getAllProjects] Found 3 projects. Computing progress...
2026-05-22T05:54:37.992Z [getAllProjects] Success. Returning response.
2026-05-22T05:55:00.367Z [getAllProjects] Start - User: 168ff0b0-b2a7-493e-91a3-59fa595209d8, Org: 17674cf9-9aab-470b-98d9-b65820a3436e
2026-05-22T05:55:00.369Z [getAllProjects] Database and Model verified. Testing connection...
2026-05-22T05:55:00.371Z [getAllProjects] Connection Successful
2026-05-22T05:55:00.372Z [getAllProjects] Fetching all projects (no pagination)...
2026-05-22T05:55:00.394Z [getAllProjects] Found 3 projects. Computing progress...
2026-05-22T05:55:00.395Z [getAllProjects] Success. Returning response.
2026-05-22T05:59:05.992Z [getAllProjects] Start - User: 168ff0b0-b2a7-493e-91a3-59fa595209d8, Org: 17674cf9-9aab-470b-98d9-b65820a3436e
2026-05-22T05:59:05.994Z [getAllProjects] Database and Model verified. Testing connection...
2026-05-22T05:59:05.995Z [getAllProjects] Connection Successful
2026-05-22T05:59:05.997Z [getAllProjects] Fetching all projects (no pagination)...
2026-05-22T05:59:06.183Z [getAllProjects] Found 3 projects. Computing progress...
2026-05-22T05:59:06.185Z [getAllProjects] Success. Returning response.
2026-05-22T06:03:40.846Z [getAllProjects] Start - User: 168ff0b0-b2a7-493e-91a3-59fa595209d8, Org: 17674cf9-9aab-470b-98d9-b65820a3436e
2026-05-22T06:03:40.848Z [getAllProjects] Database and Model verified. Testing connection...
2026-05-22T06:03:40.850Z [getAllProjects] Connection Successful
2026-05-22T06:03:40.851Z [getAllProjects] Fetching paginated projects (page: 1, limit: 10)...
2026-05-22T06:03:40.887Z [getAllProjects] Found 3 projects (Total: 3). Computing progress...
2026-05-22T06:03:40.890Z [getAllProjects] Success. Returning paginated response.
2026-05-22T06:04:41.772Z [getAllProjects] Start - User: 168ff0b0-b2a7-493e-91a3-59fa595209d8, Org: 17674cf9-9aab-470b-98d9-b65820a3436e
2026-05-22T06:04:41.774Z [getAllProjects] Database and Model verified. Testing connection...
2026-05-22T06:04:41.776Z [getAllProjects] Connection Successful
2026-05-22T06:04:41.778Z [getAllProjects] Fetching paginated projects (page: 1, limit: 10)...
2026-05-22T06:04:41.887Z [getAllProjects] Found 3 projects (Total: 3). Computing progress...
2026-05-22T06:04:41.888Z [getAllProjects] Success. Returning paginated response.
2026-05-22T06:05:33.766Z [getAllProjects] Start - User: 168ff0b0-b2a7-493e-91a3-59fa595209d8, Org: 17674cf9-9aab-470b-98d9-b65820a3436e
2026-05-22T06:05:33.768Z [getAllProjects] Database and Model verified. Testing connection...
2026-05-22T06:05:33.769Z [getAllProjects] Connection Successful
2026-05-22T06:05:33.770Z [getAllProjects] Fetching all projects (no pagination)...
2026-05-22T06:05:33.778Z [getAllProjects] Found 3 projects. Computing progress...
2026-05-22T06:05:33.779Z [getAllProjects] Success. Returning response.
2026-05-22T06:06:29.913Z [getAllProjects] Start - User: 168ff0b0-b2a7-493e-91a3-59fa595209d8, Org: 17674cf9-9aab-470b-98d9-b65820a3436e
2026-05-22T06:06:29.914Z [getAllProjects] Database and Model verified. Testing connection...
2026-05-22T06:06:29.916Z [getAllProjects] Connection Successful
2026-05-22T06:06:29.920Z [getAllProjects] Fetching all projects (no pagination)...
2026-05-22T06:06:29.936Z [getAllProjects] Found 3 projects. Computing progress...
2026-05-22T06:06:29.939Z [getAllProjects] Success. Returning response.
2026-05-22T06:07:39.078Z [getAllProjects] Start - User: 168ff0b0-b2a7-493e-91a3-59fa595209d8, Org: 17674cf9-9aab-470b-98d9-b65820a3436e
2026-05-22T06:07:39.080Z [getAllProjects] Database and Model verified. Testing connection...
2026-05-22T06:07:39.081Z [getAllProjects] Connection Successful
2026-05-22T06:07:39.082Z [getAllProjects] Fetching paginated projects (page: 1, limit: 10)...
2026-05-22T06:07:39.107Z [getAllProjects] Found 3 projects (Total: 3). Computing progress...
2026-05-22T06:07:39.108Z [getAllProjects] Success. Returning paginated response.
2026-05-22T06:07:39.924Z [getAllProjects] Start - User: 168ff0b0-b2a7-493e-91a3-59fa595209d8, Org: 17674cf9-9aab-470b-98d9-b65820a3436e
2026-05-22T06:07:39.925Z [getAllProjects] Database and Model verified. Testing connection...
2026-05-22T06:07:39.927Z [getAllProjects] Connection Successful
2026-05-22T06:07:39.930Z [getAllProjects] Fetching all projects (no pagination)...
2026-05-22T06:07:39.943Z [getAllProjects] Found 3 projects. Computing progress...
2026-05-22T06:07:39.945Z [getAllProjects] Success. Returning response.
2026-05-22T06:07:42.599Z [getAllProjects] Start - User: 168ff0b0-b2a7-493e-91a3-59fa595209d8, Org: 17674cf9-9aab-470b-98d9-b65820a3436e
2026-05-22T06:07:42.601Z [getAllProjects] Database and Model verified. Testing connection...
2026-05-22T06:07:42.602Z [getAllProjects] Connection Successful
2026-05-22T06:07:42.603Z [getAllProjects] Fetching paginated projects (page: 1, limit: 10)...
2026-05-22T06:07:42.614Z [getAllProjects] Found 3 projects (Total: 3). Computing progress...
2026-05-22T06:07:42.615Z [getAllProjects] Success. Returning paginated response.
2026-05-22T06:08:32.398Z [getAllProjects] Start - User: 168ff0b0-b2a7-493e-91a3-59fa595209d8, Org: 17674cf9-9aab-470b-98d9-b65820a3436e
2026-05-22T06:08:32.400Z [getAllProjects] Database and Model verified. Testing connection...
2026-05-22T06:08:32.402Z [getAllProjects] Connection Successful
2026-05-22T06:08:32.403Z [getAllProjects] Fetching all projects (no pagination)...
2026-05-22T06:08:32.414Z [getAllProjects] Found 3 projects. Computing progress...
2026-05-22T06:08:32.415Z [getAllProjects] Success. Returning response.
2026-05-22T06:09:20.853Z [getAllProjects] Start - User: 168ff0b0-b2a7-493e-91a3-59fa595209d8, Org: 17674cf9-9aab-470b-98d9-b65820a3436e
2026-05-22T06:09:20.855Z [getAllProjects] Database and Model verified. Testing connection...
2026-05-22T06:09:20.858Z [getAllProjects] Connection Successful
2026-05-22T06:09:20.860Z [getAllProjects] Fetching all projects (no pagination)...
2026-05-22T06:09:20.870Z [getAllProjects] Found 3 projects. Computing progress...
2026-05-22T06:09:20.871Z [getAllProjects] Success. Returning response.
2026-05-22T06:09:33.310Z [getAllProjects] Start - User: 168ff0b0-b2a7-493e-91a3-59fa595209d8, Org: 17674cf9-9aab-470b-98d9-b65820a3436e
2026-05-22T06:09:33.311Z [getAllProjects] Database and Model verified. Testing connection...
2026-05-22T06:09:33.312Z [getAllProjects] Connection Successful
2026-05-22T06:09:33.313Z [getAllProjects] Fetching paginated projects (page: 1, limit: 10)...
2026-05-22T06:09:33.324Z [getAllProjects] Found 3 projects (Total: 3). Computing progress...
2026-05-22T06:09:33.327Z [getAllProjects] Success. Returning paginated response.
2026-05-22T06:09:47.978Z [getAllProjects] Start - User: 168ff0b0-b2a7-493e-91a3-59fa595209d8, Org: 17674cf9-9aab-470b-98d9-b65820a3436e
2026-05-22T06:09:47.980Z [getAllProjects] Database and Model verified. Testing connection...
2026-05-22T06:09:47.981Z [getAllProjects] Connection Successful
2026-05-22T06:09:47.982Z [getAllProjects] Fetching all projects (no pagination)...
2026-05-22T06:09:47.995Z [getAllProjects] Found 3 projects. Computing progress...
2026-05-22T06:09:47.998Z [getAllProjects] Success. Returning response.
2026-05-22T06:09:53.460Z [getAllProjects] Start - User: 168ff0b0-b2a7-493e-91a3-59fa595209d8, Org: 17674cf9-9aab-470b-98d9-b65820a3436e
2026-05-22T06:09:53.462Z [getAllProjects] Database and Model verified. Testing connection...
2026-05-22T06:09:53.464Z [getAllProjects] Connection Successful
2026-05-22T06:09:53.465Z [getAllProjects] Fetching all projects (no pagination)...
2026-05-22T06:09:53.476Z [getAllProjects] Found 3 projects. Computing progress...
2026-05-22T06:09:53.478Z [getAllProjects] Success. Returning response.
2026-05-22T06:11:47.730Z [getAllProjects] Start - User: 168ff0b0-b2a7-493e-91a3-59fa595209d8, Org: 17674cf9-9aab-470b-98d9-b65820a3436e
2026-05-22T06:11:47.733Z [getAllProjects] Database and Model verified. Testing connection...
2026-05-22T06:11:47.734Z [getAllProjects] Connection Successful
2026-05-22T06:11:47.736Z [getAllProjects] Fetching all projects (no pagination)...
2026-05-22T06:11:47.749Z [getAllProjects] Found 3 projects. Computing progress...
2026-05-22T06:11:47.751Z [getAllProjects] Success. Returning response.
2026-05-22T06:12:09.733Z [getAllProjects] Start - User: 168ff0b0-b2a7-493e-91a3-59fa595209d8, Org: 17674cf9-9aab-470b-98d9-b65820a3436e
2026-05-22T06:12:09.735Z [getAllProjects] Database and Model verified. Testing connection...
2026-05-22T06:12:09.737Z [getAllProjects] Connection Successful
2026-05-22T06:12:09.738Z [getAllProjects] Fetching paginated projects (page: 1, limit: 10)...
2026-05-22T06:12:09.749Z [getAllProjects] Found 3 projects (Total: 3). Computing progress...
2026-05-22T06:12:09.752Z [getAllProjects] Success. Returning paginated response.
2026-05-22T06:12:38.679Z [getAllProjects] Start - User: 168ff0b0-b2a7-493e-91a3-59fa595209d8, Org: 17674cf9-9aab-470b-98d9-b65820a3436e
2026-05-22T06:12:38.680Z [getAllProjects] Database and Model verified. Testing connection...
2026-05-22T06:12:38.681Z [getAllProjects] Connection Successful
2026-05-22T06:12:38.682Z [getAllProjects] Fetching paginated projects (page: 1, limit: 10)...
2026-05-22T06:12:38.725Z [getAllProjects] Found 3 projects (Total: 3). Computing progress...
2026-05-22T06:12:38.727Z [getAllProjects] Success. Returning paginated response.
2026-05-22T06:12:41.208Z [getAllProjects] Start - User: 168ff0b0-b2a7-493e-91a3-59fa595209d8, Org: 17674cf9-9aab-470b-98d9-b65820a3436e
2026-05-22T06:12:41.211Z [getAllProjects] Database and Model verified. Testing connection...
2026-05-22T06:12:41.212Z [getAllProjects] Connection Successful
2026-05-22T06:12:41.213Z [getAllProjects] Fetching all projects (no pagination)...
2026-05-22T06:12:41.223Z [getAllProjects] Found 3 projects. Computing progress...
2026-05-22T06:12:41.224Z [getAllProjects] Success. Returning response.
2026-05-22T06:13:20.119Z [getAllProjects] Start - User: 168ff0b0-b2a7-493e-91a3-59fa595209d8, Org: 17674cf9-9aab-470b-98d9-b65820a3436e
2026-05-22T06:13:20.120Z [getAllProjects] Database and Model verified. Testing connection...
2026-05-22T06:13:20.122Z [getAllProjects] Connection Successful
2026-05-22T06:13:20.123Z [getAllProjects] Fetching paginated projects (page: 1, limit: 10)...
2026-05-22T06:13:20.133Z [getAllProjects] Found 3 projects (Total: 3). Computing progress...
2026-05-22T06:13:20.135Z [getAllProjects] Success. Returning paginated response.
2026-05-22T06:13:36.433Z [getAllProjects] Start - User: 168ff0b0-b2a7-493e-91a3-59fa595209d8, Org: 17674cf9-9aab-470b-98d9-b65820a3436e
2026-05-22T06:13:36.435Z [getAllProjects] Database and Model verified. Testing connection...
2026-05-22T06:13:36.437Z [getAllProjects] Connection Successful
2026-05-22T06:13:36.439Z [getAllProjects] Fetching all projects (no pagination)...
2026-05-22T06:13:36.449Z [getAllProjects] Found 3 projects. Computing progress...
2026-05-22T06:13:36.451Z [getAllProjects] Success. Returning response.
2026-05-22T06:13:49.753Z [getAllProjects] Start - User: 168ff0b0-b2a7-493e-91a3-59fa595209d8, Org: 17674cf9-9aab-470b-98d9-b65820a3436e
2026-05-22T06:13:49.754Z [getAllProjects] Database and Model verified. Testing connection...
2026-05-22T06:13:49.756Z [getAllProjects] Connection Successful
2026-05-22T06:13:49.758Z [getAllProjects] Fetching paginated projects (page: 1, limit: 10)...
2026-05-22T06:13:49.765Z [getAllProjects] Found 3 projects (Total: 3). Computing progress...
2026-05-22T06:13:49.767Z [getAllProjects] Success. Returning paginated response.
2026-05-22T06:13:59.592Z [getAllProjects] Start - User: 168ff0b0-b2a7-493e-91a3-59fa595209d8, Org: 17674cf9-9aab-470b-98d9-b65820a3436e
2026-05-22T06:13:59.593Z [getAllProjects] Database and Model verified. Testing connection...
2026-05-22T06:13:59.594Z [getAllProjects] Connection Successful
2026-05-22T06:13:59.595Z [getAllProjects] Fetching all projects (no pagination)...
2026-05-22T06:13:59.606Z [getAllProjects] Found 3 projects. Computing progress...
2026-05-22T06:13:59.609Z [getAllProjects] Success. Returning response.
2026-05-22T06:14:14.064Z [getAllProjects] Start - User: 168ff0b0-b2a7-493e-91a3-59fa595209d8, Org: 17674cf9-9aab-470b-98d9-b65820a3436e
2026-05-22T06:14:14.066Z [getAllProjects] Database and Model verified. Testing connection...
2026-05-22T06:14:14.067Z [getAllProjects] Connection Successful
2026-05-22T06:14:14.069Z [getAllProjects] Fetching paginated projects (page: 1, limit: 10)...
2026-05-22T06:14:14.083Z [getAllProjects] Found 3 projects (Total: 3). Computing progress...
2026-05-22T06:14:14.085Z [getAllProjects] Success. Returning paginated response.
2026-05-22T06:14:30.235Z [getAllProjects] Start - User: 454265a3-1777-413b-a49f-8735ef6ffa2a, Org: 17674cf9-9aab-470b-98d9-b65820a3436e
2026-05-22T06:14:30.240Z [getAllProjects] Database and Model verified. Testing connection...
2026-05-22T06:14:30.242Z [getAllProjects] Connection Successful
2026-05-22T06:14:30.244Z [getAllProjects] Fetching all projects (no pagination)...
2026-05-22T06:14:30.258Z [getAllProjects] Found 8 projects. Computing progress...
2026-05-22T06:14:30.261Z [getAllProjects] Success. Returning response.
2026-05-22T06:14:30.349Z [getAllProjects] Start - User: 454265a3-1777-413b-a49f-8735ef6ffa2a, Org: 17674cf9-9aab-470b-98d9-b65820a3436e
2026-05-22T06:14:30.367Z [getAllProjects] Database and Model verified. Testing connection...
2026-05-22T06:14:30.381Z [getAllProjects] Connection Successful
2026-05-22T06:14:30.393Z [getAllProjects] Fetching all projects (no pagination)...
2026-05-22T06:14:30.429Z [getAllProjects] Found 8 projects. Computing progress...
2026-05-22T06:14:30.431Z [getAllProjects] Success. Returning response.
2026-05-22T06:14:33.186Z [getAllProjects] Start - User: 454265a3-1777-413b-a49f-8735ef6ffa2a, Org: 17674cf9-9aab-470b-98d9-b65820a3436e
2026-05-22T06:14:33.187Z [getAllProjects] Database and Model verified. Testing connection...
2026-05-22T06:14:33.188Z [getAllProjects] Connection Successful
2026-05-22T06:14:33.189Z [getAllProjects] Fetching paginated projects (page: 1, limit: 10)...
2026-05-22T06:14:33.198Z [getAllProjects] Found 8 projects (Total: 8). Computing progress...
2026-05-22T06:14:33.199Z [getAllProjects] Success. Returning paginated response.
2026-05-22T06:14:50.125Z [getAllProjects] Start - User: 454265a3-1777-413b-a49f-8735ef6ffa2a, Org: 17674cf9-9aab-470b-98d9-b65820a3436e
2026-05-22T06:14:50.128Z [getAllProjects] Database and Model verified. Testing connection...
2026-05-22T06:14:50.130Z [getAllProjects] Connection Successful
2026-05-22T06:14:50.132Z [getAllProjects] Fetching paginated projects (page: 1, limit: 10)...
2026-05-22T06:14:50.150Z [getAllProjects] Found 8 projects (Total: 8). Computing progress...
2026-05-22T06:14:50.152Z [getAllProjects] Success. Returning paginated response.
2026-05-22T06:14:55.630Z [getAllProjects] Start - User: 454265a3-1777-413b-a49f-8735ef6ffa2a, Org: 17674cf9-9aab-470b-98d9-b65820a3436e
2026-05-22T06:14:55.632Z [getAllProjects] Database and Model verified. Testing connection...
2026-05-22T06:14:55.633Z [getAllProjects] Connection Successful
2026-05-22T06:14:55.634Z [getAllProjects] Fetching all projects (no pagination)...
2026-05-22T06:14:55.644Z [getAllProjects] Found 8 projects. Computing progress...
2026-05-22T06:14:55.646Z [getAllProjects] Success. Returning response.
2026-05-22T06:15:07.843Z [getAllProjects] Start - User: 168ff0b0-b2a7-493e-91a3-59fa595209d8, Org: 17674cf9-9aab-470b-98d9-b65820a3436e
2026-05-22T06:15:07.848Z [getAllProjects] Database and Model verified. Testing connection...
2026-05-22T06:15:07.850Z [getAllProjects] Connection Successful
2026-05-22T06:15:07.851Z [getAllProjects] Fetching all projects (no pagination)...
2026-05-22T06:15:07.866Z [getAllProjects] Found 3 projects. Computing progress...
2026-05-22T06:15:07.868Z [getAllProjects] Success. Returning response.
2026-05-22T06:15:07.903Z [getAllProjects] Start - User: 168ff0b0-b2a7-493e-91a3-59fa595209d8, Org: 17674cf9-9aab-470b-98d9-b65820a3436e
2026-05-22T06:15:07.904Z [getAllProjects] Database and Model verified. Testing connection...
2026-05-22T06:15:07.905Z [getAllProjects] Connection Successful
2026-05-22T06:15:07.906Z [getAllProjects] Fetching all projects (no pagination)...
2026-05-22T06:15:07.933Z [getAllProjects] Found 3 projects. Computing progress...
2026-05-22T06:15:07.934Z [getAllProjects] Success. Returning response.
2026-05-22T06:15:11.547Z [getAllProjects] Start - User: 168ff0b0-b2a7-493e-91a3-59fa595209d8, Org: 17674cf9-9aab-470b-98d9-b65820a3436e
2026-05-22T06:15:11.549Z [getAllProjects] Database and Model verified. Testing connection...
2026-05-22T06:15:11.550Z [getAllProjects] Connection Successful
2026-05-22T06:15:11.551Z [getAllProjects] Fetching all projects (no pagination)...
2026-05-22T06:15:11.559Z [getAllProjects] Found 3 projects. Computing progress...
2026-05-22T06:15:11.561Z [getAllProjects] Success. Returning response.
2026-05-22T06:15:13.599Z [getAllProjects] Start - User: 168ff0b0-b2a7-493e-91a3-59fa595209d8, Org: 17674cf9-9aab-470b-98d9-b65820a3436e
2026-05-22T06:15:13.602Z [getAllProjects] Database and Model verified. Testing connection...
2026-05-22T06:15:13.604Z [getAllProjects] Connection Successful
2026-05-22T06:15:13.606Z [getAllProjects] Fetching all projects (no pagination)...
2026-05-22T06:15:13.619Z [getAllProjects] Found 3 projects. Computing progress...
2026-05-22T06:15:13.621Z [getAllProjects] Success. Returning response.
2026-05-22T06:15:30.266Z [getAllProjects] Start - User: 168ff0b0-b2a7-493e-91a3-59fa595209d8, Org: 17674cf9-9aab-470b-98d9-b65820a3436e
2026-05-22T06:15:30.268Z [getAllProjects] Database and Model verified. Testing connection...
2026-05-22T06:15:30.269Z [getAllProjects] Connection Successful
2026-05-22T06:15:30.269Z [getAllProjects] Fetching paginated projects (page: 1, limit: 10)...
2026-05-22T06:15:30.279Z [getAllProjects] Found 3 projects (Total: 3). Computing progress...
2026-05-22T06:15:30.281Z [getAllProjects] Success. Returning paginated response.
2026-05-22T06:16:06.841Z [getAllProjects] Start - User: 168ff0b0-b2a7-493e-91a3-59fa595209d8, Org: 17674cf9-9aab-470b-98d9-b65820a3436e
2026-05-22T06:16:06.844Z [getAllProjects] Database and Model verified. Testing connection...
2026-05-22T06:16:06.846Z [getAllProjects] Connection Successful
2026-05-22T06:16:06.848Z [getAllProjects] Fetching all projects (no pagination)...
2026-05-22T06:16:06.859Z [getAllProjects] Found 3 projects. Computing progress...
2026-05-22T06:16:06.862Z [getAllProjects] Success. Returning response.
2026-05-22T06:16:25.239Z [getAllProjects] Start - User: a6f2643a-6e8f-4bf2-bd33-6e86e4236c71, Org: 17674cf9-9aab-470b-98d9-b65820a3436e
2026-05-22T06:16:25.242Z [getAllProjects] Database and Model verified. Testing connection...
2026-05-22T06:16:25.243Z [getAllProjects] Connection Successful
2026-05-22T06:16:25.245Z [getAllProjects] Fetching all projects (no pagination)...
2026-05-22T06:16:25.258Z [getAllProjects] Found 14 projects. Computing progress...
2026-05-22T06:16:25.260Z [getAllProjects] Success. Returning response.
2026-05-22T06:16:25.304Z [getAllProjects] Start - User: a6f2643a-6e8f-4bf2-bd33-6e86e4236c71, Org: 17674cf9-9aab-470b-98d9-b65820a3436e
2026-05-22T06:16:25.305Z [getAllProjects] Database and Model verified. Testing connection...
2026-05-22T06:16:25.306Z [getAllProjects] Connection Successful
2026-05-22T06:16:25.307Z [getAllProjects] Fetching all projects (no pagination)...
2026-05-22T06:16:25.328Z [getAllProjects] Found 14 projects. Computing progress...
2026-05-22T06:16:25.330Z [getAllProjects] Success. Returning response.
2026-05-22T06:16:39.339Z [getAllProjects] Start - User: a6f2643a-6e8f-4bf2-bd33-6e86e4236c71, Org: 17674cf9-9aab-470b-98d9-b65820a3436e
2026-05-22T06:16:39.341Z [getAllProjects] Database and Model verified. Testing connection...
2026-05-22T06:16:39.343Z [getAllProjects] Connection Successful
2026-05-22T06:16:39.344Z [getAllProjects] Fetching all projects (no pagination)...
2026-05-22T06:16:39.360Z [getAllProjects] Found 14 projects. Computing progress...
2026-05-22T06:16:39.362Z [getAllProjects] Success. Returning response.
2026-05-22T06:16:46.520Z [getAllProjects] Start - User: d81a8320-815e-4639-9e73-8e817908aa29, Org: 17674cf9-9aab-470b-98d9-b65820a3436e
2026-05-22T06:16:46.523Z [getAllProjects] Database and Model verified. Testing connection...
2026-05-22T06:16:46.526Z [getAllProjects] Connection Successful
2026-05-22T06:16:46.527Z [getAllProjects] Fetching all projects (no pagination)...
2026-05-22T06:16:46.543Z [getAllProjects] Found 1 projects. Computing progress...
2026-05-22T06:16:46.548Z [getAllProjects] Success. Returning response.
2026-05-22T06:16:46.579Z [getAllProjects] Start - User: d81a8320-815e-4639-9e73-8e817908aa29, Org: 17674cf9-9aab-470b-98d9-b65820a3436e
2026-05-22T06:16:46.582Z [getAllProjects] Database and Model verified. Testing connection...
2026-05-22T06:16:46.583Z [getAllProjects] Connection Successful
2026-05-22T06:16:46.585Z [getAllProjects] Fetching all projects (no pagination)...
2026-05-22T06:16:46.595Z [getAllProjects] Found 1 projects. Computing progress...
2026-05-22T06:16:46.600Z [getAllProjects] Success. Returning response.
2026-05-22T06:16:49.283Z [getAllProjects] Start - User: d81a8320-815e-4639-9e73-8e817908aa29, Org: 17674cf9-9aab-470b-98d9-b65820a3436e
2026-05-22T06:16:49.284Z [getAllProjects] Database and Model verified. Testing connection...
2026-05-22T06:16:49.285Z [getAllProjects] Connection Successful
2026-05-22T06:16:49.286Z [getAllProjects] Fetching paginated projects (page: 1, limit: 10)...
2026-05-22T06:16:49.293Z [getAllProjects] Found 1 projects (Total: 1). Computing progress...
2026-05-22T06:16:49.294Z [getAllProjects] Success. Returning paginated response.
2026-05-22T06:16:50.932Z [getAllProjects] Start - User: d81a8320-815e-4639-9e73-8e817908aa29, Org: 17674cf9-9aab-470b-98d9-b65820a3436e
2026-05-22T06:16:50.934Z [getAllProjects] Database and Model verified. Testing connection...
2026-05-22T06:16:50.935Z [getAllProjects] Connection Successful
2026-05-22T06:16:50.936Z [getAllProjects] Fetching all projects (no pagination)...
2026-05-22T06:16:50.945Z [getAllProjects] Found 1 projects. Computing progress...
2026-05-22T06:16:50.947Z [getAllProjects] Success. Returning response.
2026-05-22T06:17:05.387Z [getAllProjects] Start - User: d81a8320-815e-4639-9e73-8e817908aa29, Org: 17674cf9-9aab-470b-98d9-b65820a3436e
2026-05-22T06:17:05.388Z [getAllProjects] Database and Model verified. Testing connection...
2026-05-22T06:17:05.390Z [getAllProjects] Connection Successful
2026-05-22T06:17:05.391Z [getAllProjects] Fetching all projects (no pagination)...
2026-05-22T06:17:05.398Z [getAllProjects] Found 1 projects. Computing progress...
2026-05-22T06:17:05.400Z [getAllProjects] Success. Returning response.
2026-05-22T06:17:14.077Z [getAllProjects] Start - User: a6f2643a-6e8f-4bf2-bd33-6e86e4236c71, Org: 17674cf9-9aab-470b-98d9-b65820a3436e
2026-05-22T06:17:14.080Z [getAllProjects] Database and Model verified. Testing connection...
2026-05-22T06:17:14.082Z [getAllProjects] Connection Successful
2026-05-22T06:17:14.084Z [getAllProjects] Fetching all projects (no pagination)...
2026-05-22T06:17:14.111Z [getAllProjects] Found 14 projects. Computing progress...
2026-05-22T06:17:14.113Z [getAllProjects] Success. Returning response.
2026-05-22T06:17:14.163Z [getAllProjects] Start - User: a6f2643a-6e8f-4bf2-bd33-6e86e4236c71, Org: 17674cf9-9aab-470b-98d9-b65820a3436e
2026-05-22T06:17:14.166Z [getAllProjects] Database and Model verified. Testing connection...
2026-05-22T06:17:14.167Z [getAllProjects] Connection Successful
2026-05-22T06:17:14.169Z [getAllProjects] Fetching all projects (no pagination)...
2026-05-22T06:17:14.193Z [getAllProjects] Found 14 projects. Computing progress...
2026-05-22T06:17:14.196Z [getAllProjects] Success. Returning response.
2026-05-22T06:17:15.952Z [getAllProjects] Start - User: a6f2643a-6e8f-4bf2-bd33-6e86e4236c71, Org: 17674cf9-9aab-470b-98d9-b65820a3436e
2026-05-22T06:17:15.954Z [getAllProjects] Database and Model verified. Testing connection...
2026-05-22T06:17:15.955Z [getAllProjects] Connection Successful
2026-05-22T06:17:15.956Z [getAllProjects] Fetching all projects (no pagination)...
2026-05-22T06:17:15.967Z [getAllProjects] Found 14 projects. Computing progress...
2026-05-22T06:17:15.969Z [getAllProjects] Success. Returning response.
2026-05-22T06:17:22.435Z [getAllProjects] Start - User: a6f2643a-6e8f-4bf2-bd33-6e86e4236c71, Org: 17674cf9-9aab-470b-98d9-b65820a3436e
2026-05-22T06:17:22.436Z [getAllProjects] Database and Model verified. Testing connection...
2026-05-22T06:17:22.437Z [getAllProjects] Connection Successful
2026-05-22T06:17:22.439Z [getAllProjects] Fetching all projects (no pagination)...
2026-05-22T06:17:22.448Z [getAllProjects] Found 14 projects. Computing progress...
2026-05-22T06:17:22.449Z [getAllProjects] Success. Returning response.
2026-05-22T06:17:31.579Z [getAllProjects] Start - User: 168ff0b0-b2a7-493e-91a3-59fa595209d8, Org: 17674cf9-9aab-470b-98d9-b65820a3436e
2026-05-22T06:17:31.582Z [getAllProjects] Database and Model verified. Testing connection...
2026-05-22T06:17:31.583Z [getAllProjects] Connection Successful
2026-05-22T06:17:31.585Z [getAllProjects] Fetching all projects (no pagination)...
2026-05-22T06:17:31.608Z [getAllProjects] Found 3 projects. Computing progress...
2026-05-22T06:17:31.610Z [getAllProjects] Success. Returning response.
2026-05-22T06:17:31.641Z [getAllProjects] Start - User: 168ff0b0-b2a7-493e-91a3-59fa595209d8, Org: 17674cf9-9aab-470b-98d9-b65820a3436e
2026-05-22T06:17:31.643Z [getAllProjects] Database and Model verified. Testing connection...
2026-05-22T06:17:31.644Z [getAllProjects] Connection Successful
2026-05-22T06:17:31.644Z [getAllProjects] Fetching all projects (no pagination)...
2026-05-22T06:17:31.662Z [getAllProjects] Found 3 projects. Computing progress...
2026-05-22T06:17:31.663Z [getAllProjects] Success. Returning response.
2026-05-22T06:17:33.129Z [getAllProjects] Start - User: 168ff0b0-b2a7-493e-91a3-59fa595209d8, Org: 17674cf9-9aab-470b-98d9-b65820a3436e
2026-05-22T06:17:33.132Z [getAllProjects] Database and Model verified. Testing connection...
2026-05-22T06:17:33.133Z [getAllProjects] Connection Successful
2026-05-22T06:17:33.134Z [getAllProjects] Fetching all projects (no pagination)...
2026-05-22T06:17:33.148Z [getAllProjects] Found 3 projects. Computing progress...
2026-05-22T06:17:33.150Z [getAllProjects] Success. Returning response.
2026-05-22T06:18:50.081Z [getAllProjects] Start - User: 168ff0b0-b2a7-493e-91a3-59fa595209d8, Org: 17674cf9-9aab-470b-98d9-b65820a3436e
2026-05-22T06:18:50.083Z [getAllProjects] Database and Model verified. Testing connection...
2026-05-22T06:18:50.085Z [getAllProjects] Connection Successful
2026-05-22T06:18:50.087Z [getAllProjects] Fetching all projects (no pagination)...
2026-05-22T06:18:50.102Z [getAllProjects] Found 3 projects. Computing progress...
2026-05-22T06:18:50.107Z [getAllProjects] Success. Returning response.
2026-05-22T06:19:03.479Z [getAllProjects] Start - User: 168ff0b0-b2a7-493e-91a3-59fa595209d8, Org: 17674cf9-9aab-470b-98d9-b65820a3436e
2026-05-22T06:19:03.480Z [getAllProjects] Database and Model verified. Testing connection...
2026-05-22T06:19:03.481Z [getAllProjects] Connection Successful
2026-05-22T06:19:03.482Z [getAllProjects] Fetching all projects (no pagination)...
2026-05-22T06:19:03.503Z [getAllProjects] Found 3 projects. Computing progress...
2026-05-22T06:19:03.505Z [getAllProjects] Success. Returning response.
2026-05-22T06:19:23.344Z [getAllProjects] Start - User: 168ff0b0-b2a7-493e-91a3-59fa595209d8, Org: 17674cf9-9aab-470b-98d9-b65820a3436e
2026-05-22T06:19:23.346Z [getAllProjects] Database and Model verified. Testing connection...
2026-05-22T06:19:23.347Z [getAllProjects] Connection Successful
2026-05-22T06:19:23.348Z [getAllProjects] Fetching all projects (no pagination)...
2026-05-22T06:19:23.358Z [getAllProjects] Found 3 projects. Computing progress...
2026-05-22T06:19:23.360Z [getAllProjects] Success. Returning response.
2026-05-22T06:21:51.679Z [getAllProjects] Start - User: 168ff0b0-b2a7-493e-91a3-59fa595209d8, Org: 17674cf9-9aab-470b-98d9-b65820a3436e
2026-05-22T06:21:51.681Z [getAllProjects] Database and Model verified. Testing connection...
2026-05-22T06:21:51.682Z [getAllProjects] Connection Successful
2026-05-22T06:21:51.685Z [getAllProjects] Fetching all projects (no pagination)...
2026-05-22T06:21:51.717Z [getAllProjects] Found 3 projects. Computing progress...
2026-05-22T06:21:51.740Z [getAllProjects] Success. Returning response.
2026-05-22T06:21:59.824Z [getAllProjects] Start - User: 168ff0b0-b2a7-493e-91a3-59fa595209d8, Org: 17674cf9-9aab-470b-98d9-b65820a3436e
2026-05-22T06:21:59.827Z [getAllProjects] Database and Model verified. Testing connection...
2026-05-22T06:21:59.829Z [getAllProjects] Connection Successful
2026-05-22T06:21:59.831Z [getAllProjects] Fetching all projects (no pagination)...
2026-05-22T06:21:59.849Z [getAllProjects] Found 3 projects. Computing progress...
2026-05-22T06:21:59.850Z [getAllProjects] Success. Returning response.
2026-05-22T06:28:44.200Z [getAllProjects] Start - User: 168ff0b0-b2a7-493e-91a3-59fa595209d8, Org: 17674cf9-9aab-470b-98d9-b65820a3436e
2026-05-22T06:28:44.201Z [getAllProjects] Database and Model verified. Testing connection...
2026-05-22T06:28:44.203Z [getAllProjects] Connection Successful
2026-05-22T06:28:44.204Z [getAllProjects] Fetching all projects (no pagination)...
2026-05-22T06:28:44.219Z [getAllProjects] Found 4 projects. Computing progress...
2026-05-22T06:28:44.222Z [getAllProjects] Success. Returning response.
2026-05-22T06:29:09.809Z [getAllProjects] Start - User: 168ff0b0-b2a7-493e-91a3-59fa595209d8, Org: 17674cf9-9aab-470b-98d9-b65820a3436e
2026-05-22T06:29:09.810Z [getAllProjects] Database and Model verified. Testing connection...
2026-05-22T06:29:09.812Z [getAllProjects] Connection Successful
2026-05-22T06:29:09.813Z [getAllProjects] Fetching all projects (no pagination)...
2026-05-22T06:29:09.825Z [getAllProjects] Found 4 projects. Computing progress...
2026-05-22T06:29:09.826Z [getAllProjects] Success. Returning response.
2026-05-22T06:40:23.574Z [getAllProjects] Start - User: d81a8320-815e-4639-9e73-8e817908aa29, Org: 17674cf9-9aab-470b-98d9-b65820a3436e
2026-05-22T06:40:23.577Z [getAllProjects] Database and Model verified. Testing connection...
2026-05-22T06:40:23.578Z [getAllProjects] Connection Successful
2026-05-22T06:40:23.580Z [getAllProjects] Fetching all projects (no pagination)...
2026-05-22T06:40:23.605Z [getAllProjects] Found 1 projects. Computing progress...
2026-05-22T06:40:23.608Z [getAllProjects] Success. Returning response.
2026-05-22T06:40:23.660Z [getAllProjects] Start - User: d81a8320-815e-4639-9e73-8e817908aa29, Org: 17674cf9-9aab-470b-98d9-b65820a3436e
2026-05-22T06:40:23.662Z [getAllProjects] Database and Model verified. Testing connection...
2026-05-22T06:40:23.664Z [getAllProjects] Connection Successful
2026-05-22T06:40:23.666Z [getAllProjects] Fetching all projects (no pagination)...
2026-05-22T06:40:23.677Z [getAllProjects] Found 1 projects. Computing progress...
2026-05-22T06:40:23.679Z [getAllProjects] Success. Returning response.
2026-05-22T06:40:32.946Z [getAllProjects] Start - User: d81a8320-815e-4639-9e73-8e817908aa29, Org: 17674cf9-9aab-470b-98d9-b65820a3436e
2026-05-22T06:40:32.947Z [getAllProjects] Database and Model verified. Testing connection...
2026-05-22T06:40:32.949Z [getAllProjects] Connection Successful
2026-05-22T06:40:32.951Z [getAllProjects] Fetching all projects (no pagination)...
2026-05-22T06:40:32.968Z [getAllProjects] Found 1 projects. Computing progress...
2026-05-22T06:40:32.969Z [getAllProjects] Success. Returning response.
2026-05-22T06:40:38.686Z [getAllProjects] Start - User: d81a8320-815e-4639-9e73-8e817908aa29, Org: 17674cf9-9aab-470b-98d9-b65820a3436e
2026-05-22T06:40:38.690Z [getAllProjects] Database and Model verified. Testing connection...
2026-05-22T06:40:38.693Z [getAllProjects] Connection Successful
2026-05-22T06:40:38.695Z [getAllProjects] Fetching all projects (no pagination)...
2026-05-22T06:40:38.721Z [getAllProjects] Found 1 projects. Computing progress...
2026-05-22T06:40:38.723Z [getAllProjects] Success. Returning response.
2026-05-22T06:40:47.320Z [getAllProjects] Start - User: 454265a3-1777-413b-a49f-8735ef6ffa2a, Org: 17674cf9-9aab-470b-98d9-b65820a3436e
2026-05-22T06:40:47.323Z [getAllProjects] Database and Model verified. Testing connection...
2026-05-22T06:40:47.326Z [getAllProjects] Connection Successful
2026-05-22T06:40:47.328Z [getAllProjects] Fetching all projects (no pagination)...
2026-05-22T06:40:47.346Z [getAllProjects] Found 9 projects. Computing progress...
2026-05-22T06:40:47.348Z [getAllProjects] Success. Returning response.
2026-05-22T06:40:47.396Z [getAllProjects] Start - User: 454265a3-1777-413b-a49f-8735ef6ffa2a, Org: 17674cf9-9aab-470b-98d9-b65820a3436e
2026-05-22T06:40:47.409Z [getAllProjects] Database and Model verified. Testing connection...
2026-05-22T06:40:47.413Z [getAllProjects] Connection Successful
2026-05-22T06:40:47.424Z [getAllProjects] Fetching all projects (no pagination)...
2026-05-22T06:40:47.498Z [getAllProjects] Found 9 projects. Computing progress...
2026-05-22T06:40:47.501Z [getAllProjects] Success. Returning response.
2026-05-22T06:40:50.058Z [getAllProjects] Start - User: 454265a3-1777-413b-a49f-8735ef6ffa2a, Org: 17674cf9-9aab-470b-98d9-b65820a3436e
2026-05-22T06:40:50.061Z [getAllProjects] Database and Model verified. Testing connection...
2026-05-22T06:40:50.063Z [getAllProjects] Connection Successful
2026-05-22T06:40:50.065Z [getAllProjects] Fetching all projects (no pagination)...
2026-05-22T06:40:50.088Z [getAllProjects] Found 9 projects. Computing progress...
2026-05-22T06:40:50.091Z [getAllProjects] Success. Returning response.
2026-05-22T06:41:17.306Z [getAllProjects] Start - User: 454265a3-1777-413b-a49f-8735ef6ffa2a, Org: 17674cf9-9aab-470b-98d9-b65820a3436e
2026-05-22T06:41:17.308Z [getAllProjects] Database and Model verified. Testing connection...
2026-05-22T06:41:17.309Z [getAllProjects] Connection Successful
2026-05-22T06:41:17.311Z [getAllProjects] Fetching all projects (no pagination)...
2026-05-22T06:41:17.321Z [getAllProjects] Found 9 projects. Computing progress...
2026-05-22T06:41:17.323Z [getAllProjects] Success. Returning response.
2026-05-22T06:41:23.121Z [getAllProjects] Start - User: a6f2643a-6e8f-4bf2-bd33-6e86e4236c71, Org: 17674cf9-9aab-470b-98d9-b65820a3436e
2026-05-22T06:41:23.123Z [getAllProjects] Database and Model verified. Testing connection...
2026-05-22T06:41:23.125Z [getAllProjects] Connection Successful
2026-05-22T06:41:23.126Z [getAllProjects] Fetching all projects (no pagination)...
2026-05-22T06:41:23.146Z [getAllProjects] Found 15 projects. Computing progress...
2026-05-22T06:41:23.148Z [getAllProjects] Success. Returning response.
2026-05-22T06:41:23.185Z [getAllProjects] Start - User: a6f2643a-6e8f-4bf2-bd33-6e86e4236c71, Org: 17674cf9-9aab-470b-98d9-b65820a3436e
2026-05-22T06:41:23.187Z [getAllProjects] Database and Model verified. Testing connection...
2026-05-22T06:41:23.189Z [getAllProjects] Connection Successful
2026-05-22T06:41:23.191Z [getAllProjects] Fetching all projects (no pagination)...
2026-05-22T06:41:23.215Z [getAllProjects] Found 15 projects. Computing progress...
2026-05-22T06:41:23.217Z [getAllProjects] Success. Returning response.
2026-05-22T06:41:47.579Z [getAllProjects] Start - User: a6f2643a-6e8f-4bf2-bd33-6e86e4236c71, Org: 17674cf9-9aab-470b-98d9-b65820a3436e
2026-05-22T06:41:47.581Z [getAllProjects] Database and Model verified. Testing connection...
2026-05-22T06:41:47.582Z [getAllProjects] Connection Successful
2026-05-22T06:41:47.584Z [getAllProjects] Fetching all projects (no pagination)...
2026-05-22T06:41:47.605Z [getAllProjects] Found 15 projects. Computing progress...
2026-05-22T06:41:47.607Z [getAllProjects] Success. Returning response.
2026-05-22T06:41:49.564Z [getAllProjects] Start - User: a6f2643a-6e8f-4bf2-bd33-6e86e4236c71, Org: 17674cf9-9aab-470b-98d9-b65820a3436e
2026-05-22T06:41:49.566Z [getAllProjects] Database and Model verified. Testing connection...
2026-05-22T06:41:49.568Z [getAllProjects] Connection Successful
2026-05-22T06:41:49.570Z [getAllProjects] Fetching paginated projects (page: 1, limit: 10)...
2026-05-22T06:41:49.585Z [getAllProjects] Found 10 projects (Total: 15). Computing progress...
2026-05-22T06:41:49.586Z [getAllProjects] Success. Returning paginated response.
2026-05-22T06:42:16.150Z [getAllProjects] Start - User: a6f2643a-6e8f-4bf2-bd33-6e86e4236c71, Org: 17674cf9-9aab-470b-98d9-b65820a3436e
2026-05-22T06:42:16.153Z [getAllProjects] Database and Model verified. Testing connection...
2026-05-22T06:42:16.155Z [getAllProjects] Connection Successful
2026-05-22T06:42:16.156Z [getAllProjects] Fetching all projects (no pagination)...
2026-05-22T06:42:16.173Z [getAllProjects] Found 15 projects. Computing progress...
2026-05-22T06:42:16.176Z [getAllProjects] Success. Returning response.
2026-05-22T06:42:24.593Z [getAllProjects] Start - User: 454265a3-1777-413b-a49f-8735ef6ffa2a, Org: 17674cf9-9aab-470b-98d9-b65820a3436e
2026-05-22T06:42:24.595Z [getAllProjects] Database and Model verified. Testing connection...
2026-05-22T06:42:24.597Z [getAllProjects] Connection Successful
2026-05-22T06:42:24.598Z [getAllProjects] Fetching all projects (no pagination)...
2026-05-22T06:42:24.610Z [getAllProjects] Found 9 projects. Computing progress...
2026-05-22T06:42:24.613Z [getAllProjects] Success. Returning response.
2026-05-22T06:42:24.661Z [getAllProjects] Start - User: 454265a3-1777-413b-a49f-8735ef6ffa2a, Org: 17674cf9-9aab-470b-98d9-b65820a3436e
2026-05-22T06:42:24.663Z [getAllProjects] Database and Model verified. Testing connection...
2026-05-22T06:42:24.664Z [getAllProjects] Connection Successful
2026-05-22T06:42:24.665Z [getAllProjects] Fetching all projects (no pagination)...
2026-05-22T06:42:24.679Z [getAllProjects] Found 9 projects. Computing progress...
2026-05-22T06:42:24.680Z [getAllProjects] Success. Returning response.
2026-05-22T06:42:26.939Z [getAllProjects] Start - User: 454265a3-1777-413b-a49f-8735ef6ffa2a, Org: 17674cf9-9aab-470b-98d9-b65820a3436e
2026-05-22T06:42:26.941Z [getAllProjects] Database and Model verified. Testing connection...
2026-05-22T06:42:26.942Z [getAllProjects] Connection Successful
2026-05-22T06:42:26.944Z [getAllProjects] Fetching all projects (no pagination)...
2026-05-22T06:42:26.960Z [getAllProjects] Found 9 projects. Computing progress...
2026-05-22T06:42:26.962Z [getAllProjects] Success. Returning response.
2026-05-22T06:42:48.830Z [getAllProjects] Start - User: 454265a3-1777-413b-a49f-8735ef6ffa2a, Org: 17674cf9-9aab-470b-98d9-b65820a3436e
2026-05-22T06:42:48.833Z [getAllProjects] Database and Model verified. Testing connection...
2026-05-22T06:42:48.834Z [getAllProjects] Connection Successful
2026-05-22T06:42:48.836Z [getAllProjects] Fetching all projects (no pagination)...
2026-05-22T06:42:48.843Z [getAllProjects] Found 9 projects. Computing progress...
2026-05-22T06:42:48.845Z [getAllProjects] Success. Returning response.
2026-05-22T06:42:58.939Z [getAllProjects] Start - User: 168ff0b0-b2a7-493e-91a3-59fa595209d8, Org: 17674cf9-9aab-470b-98d9-b65820a3436e
2026-05-22T06:42:58.940Z [getAllProjects] Database and Model verified. Testing connection...
2026-05-22T06:42:58.942Z [getAllProjects] Connection Successful
2026-05-22T06:42:58.945Z [getAllProjects] Fetching all projects (no pagination)...
2026-05-22T06:42:58.968Z [getAllProjects] Found 4 projects. Computing progress...
2026-05-22T06:42:58.970Z [getAllProjects] Success. Returning response.
2026-05-22T06:42:59.002Z [getAllProjects] Start - User: 168ff0b0-b2a7-493e-91a3-59fa595209d8, Org: 17674cf9-9aab-470b-98d9-b65820a3436e
2026-05-22T06:42:59.004Z [getAllProjects] Database and Model verified. Testing connection...
2026-05-22T06:42:59.005Z [getAllProjects] Connection Successful
2026-05-22T06:42:59.006Z [getAllProjects] Fetching all projects (no pagination)...
2026-05-22T06:42:59.018Z [getAllProjects] Found 4 projects. Computing progress...
2026-05-22T06:42:59.020Z [getAllProjects] Success. Returning response.
2026-05-22T06:45:13.040Z [getAllProjects] Start - User: 168ff0b0-b2a7-493e-91a3-59fa595209d8, Org: 17674cf9-9aab-470b-98d9-b65820a3436e
2026-05-22T06:45:13.042Z [getAllProjects] Database and Model verified. Testing connection...
2026-05-22T06:45:13.043Z [getAllProjects] Connection Successful
2026-05-22T06:45:13.044Z [getAllProjects] Fetching paginated projects (page: 1, limit: 10)...
2026-05-22T06:45:13.075Z [getAllProjects] Found 4 projects (Total: 4). Computing progress...
2026-05-22T06:45:13.077Z [getAllProjects] Success. Returning paginated response.
2026-05-22T06:45:16.962Z [getAllProjects] Start - User: 168ff0b0-b2a7-493e-91a3-59fa595209d8, Org: 17674cf9-9aab-470b-98d9-b65820a3436e
2026-05-22T06:45:16.964Z [getAllProjects] Database and Model verified. Testing connection...
2026-05-22T06:45:16.966Z [getAllProjects] Connection Successful
2026-05-22T06:45:16.968Z [getAllProjects] Fetching all projects (no pagination)...
2026-05-22T06:45:16.989Z [getAllProjects] Found 4 projects. Computing progress...
2026-05-22T06:45:16.991Z [getAllProjects] Success. Returning response.
2026-05-22T06:45:24.195Z [getAllProjects] Start - User: a6f2643a-6e8f-4bf2-bd33-6e86e4236c71, Org: 17674cf9-9aab-470b-98d9-b65820a3436e
2026-05-22T06:45:24.196Z [getAllProjects] Database and Model verified. Testing connection...
2026-05-22T06:45:24.197Z [getAllProjects] Connection Successful
2026-05-22T06:45:24.199Z [getAllProjects] Fetching all projects (no pagination)...
2026-05-22T06:45:24.214Z [getAllProjects] Found 15 projects. Computing progress...
2026-05-22T06:45:24.216Z [getAllProjects] Success. Returning response.
2026-05-22T06:45:24.391Z [getAllProjects] Start - User: a6f2643a-6e8f-4bf2-bd33-6e86e4236c71, Org: 17674cf9-9aab-470b-98d9-b65820a3436e
2026-05-22T06:45:24.392Z [getAllProjects] Database and Model verified. Testing connection...
2026-05-22T06:45:24.394Z [getAllProjects] Connection Successful
2026-05-22T06:45:24.395Z [getAllProjects] Fetching all projects (no pagination)...
2026-05-22T06:45:24.414Z [getAllProjects] Found 15 projects. Computing progress...
2026-05-22T06:45:24.415Z [getAllProjects] Success. Returning response.
2026-05-22T06:45:26.026Z [getAllProjects] Start - User: a6f2643a-6e8f-4bf2-bd33-6e86e4236c71, Org: 17674cf9-9aab-470b-98d9-b65820a3436e
2026-05-22T06:45:26.027Z [getAllProjects] Database and Model verified. Testing connection...
2026-05-22T06:45:26.028Z [getAllProjects] Connection Successful
2026-05-22T06:45:26.029Z [getAllProjects] Fetching paginated projects (page: 1, limit: 10)...
2026-05-22T06:45:26.043Z [getAllProjects] Found 10 projects (Total: 15). Computing progress...
2026-05-22T06:45:26.045Z [getAllProjects] Success. Returning paginated response.
2026-05-22T06:45:29.634Z [getAllProjects] Start - User: a6f2643a-6e8f-4bf2-bd33-6e86e4236c71, Org: 17674cf9-9aab-470b-98d9-b65820a3436e
2026-05-22T06:45:29.635Z [getAllProjects] Database and Model verified. Testing connection...
2026-05-22T06:45:29.637Z [getAllProjects] Connection Successful
2026-05-22T06:45:29.638Z [getAllProjects] Fetching paginated projects (page: 1, limit: 10)...
2026-05-22T06:45:29.647Z [getAllProjects] Found 3 projects (Total: 3). Computing progress...
2026-05-22T06:45:29.649Z [getAllProjects] Success. Returning paginated response.
2026-05-22T06:45:36.885Z [getAllProjects] Start - User: a6f2643a-6e8f-4bf2-bd33-6e86e4236c71, Org: 17674cf9-9aab-470b-98d9-b65820a3436e
2026-05-22T06:45:36.886Z [getAllProjects] Database and Model verified. Testing connection...
2026-05-22T06:45:36.888Z [getAllProjects] Connection Successful
2026-05-22T06:45:36.889Z [getAllProjects] Fetching paginated projects (page: 1, limit: 10)...
2026-05-22T06:45:36.895Z [getAllProjects] Found 2 projects (Total: 2). Computing progress...
2026-05-22T06:45:36.897Z [getAllProjects] Success. Returning paginated response.
2026-05-22T06:45:43.869Z [getAllProjects] Start - User: a6f2643a-6e8f-4bf2-bd33-6e86e4236c71, Org: 17674cf9-9aab-470b-98d9-b65820a3436e
2026-05-22T06:45:43.870Z [getAllProjects] Database and Model verified. Testing connection...
2026-05-22T06:45:43.871Z [getAllProjects] Connection Successful
2026-05-22T06:45:43.872Z [getAllProjects] Fetching all projects (no pagination)...
2026-05-22T06:45:43.884Z [getAllProjects] Found 14 projects. Computing progress...
2026-05-22T06:45:43.886Z [getAllProjects] Success. Returning response.
2026-05-22T06:46:03.291Z [getAllProjects] Start - User: a6f2643a-6e8f-4bf2-bd33-6e86e4236c71, Org: 17674cf9-9aab-470b-98d9-b65820a3436e
2026-05-22T06:46:03.293Z [getAllProjects] Database and Model verified. Testing connection...
2026-05-22T06:46:03.294Z [getAllProjects] Connection Successful
2026-05-22T06:46:03.296Z [getAllProjects] Fetching paginated projects (page: 1, limit: 10)...
2026-05-22T06:46:03.307Z [getAllProjects] Found 10 projects (Total: 14). Computing progress...
2026-05-22T06:46:03.309Z [getAllProjects] Success. Returning paginated response.
2026-05-22T06:46:03.689Z [getAllProjects] Start - User: a6f2643a-6e8f-4bf2-bd33-6e86e4236c71, Org: 17674cf9-9aab-470b-98d9-b65820a3436e
2026-05-22T06:46:03.690Z [getAllProjects] Database and Model verified. Testing connection...
2026-05-22T06:46:03.692Z [getAllProjects] Connection Successful
2026-05-22T06:46:03.693Z [getAllProjects] Fetching paginated projects (page: 1, limit: 10)...
2026-05-22T06:46:03.699Z [getAllProjects] Found 2 projects (Total: 2). Computing progress...
2026-05-22T06:46:03.700Z [getAllProjects] Success. Returning paginated response.
2026-05-22T06:46:13.154Z [getAllProjects] Start - User: a6f2643a-6e8f-4bf2-bd33-6e86e4236c71, Org: 17674cf9-9aab-470b-98d9-b65820a3436e
2026-05-22T06:46:13.155Z [getAllProjects] Database and Model verified. Testing connection...
2026-05-22T06:46:13.156Z [getAllProjects] Connection Successful
2026-05-22T06:46:13.157Z [getAllProjects] Fetching paginated projects (page: 1, limit: 10)...
2026-05-22T06:46:13.163Z [getAllProjects] Found 8 projects (Total: 8). Computing progress...
2026-05-22T06:46:13.164Z [getAllProjects] Success. Returning paginated response.
2026-05-22T06:46:13.658Z [getAllProjects] Start - User: a6f2643a-6e8f-4bf2-bd33-6e86e4236c71, Org: 17674cf9-9aab-470b-98d9-b65820a3436e
2026-05-22T06:46:13.659Z [getAllProjects] Database and Model verified. Testing connection...
2026-05-22T06:46:13.661Z [getAllProjects] Connection Successful
2026-05-22T06:46:13.662Z [getAllProjects] Fetching paginated projects (page: 1, limit: 10)...
2026-05-22T06:46:13.670Z [getAllProjects] Found 10 projects (Total: 14). Computing progress...
2026-05-22T06:46:13.672Z [getAllProjects] Success. Returning paginated response.
2026-05-22T06:46:17.549Z [getAllProjects] Start - User: a6f2643a-6e8f-4bf2-bd33-6e86e4236c71, Org: 17674cf9-9aab-470b-98d9-b65820a3436e
2026-05-22T06:46:17.551Z [getAllProjects] Database and Model verified. Testing connection...
2026-05-22T06:46:17.553Z [getAllProjects] Connection Successful
2026-05-22T06:46:17.555Z [getAllProjects] Fetching all projects (no pagination)...
2026-05-22T06:46:17.566Z [getAllProjects] Found 14 projects. Computing progress...
2026-05-22T06:46:17.569Z [getAllProjects] Success. Returning response.
2026-05-22T06:48:31.410Z [getAllProjects] Start - User: a6f2643a-6e8f-4bf2-bd33-6e86e4236c71, Org: 17674cf9-9aab-470b-98d9-b65820a3436e
2026-05-22T06:48:31.412Z [getAllProjects] Database and Model verified. Testing connection...
2026-05-22T06:48:31.414Z [getAllProjects] Connection Successful
2026-05-22T06:48:31.415Z [getAllProjects] Fetching all projects (no pagination)...
2026-05-22T06:48:31.430Z [getAllProjects] Found 14 projects. Computing progress...
2026-05-22T06:48:31.433Z [getAllProjects] Success. Returning response.
2026-05-22T06:49:11.759Z [getAllProjects] Start - User: a6f2643a-6e8f-4bf2-bd33-6e86e4236c71, Org: 17674cf9-9aab-470b-98d9-b65820a3436e
2026-05-22T06:49:11.761Z [getAllProjects] Database and Model verified. Testing connection...
2026-05-22T06:49:11.763Z [getAllProjects] Connection Successful
2026-05-22T06:49:11.764Z [getAllProjects] Fetching paginated projects (page: 1, limit: 10)...
2026-05-22T06:49:11.778Z [getAllProjects] Found 10 projects (Total: 14). Computing progress...
2026-05-22T06:49:11.780Z [getAllProjects] Success. Returning paginated response.
2026-05-22T06:49:17.596Z [getAllProjects] Start - User: a6f2643a-6e8f-4bf2-bd33-6e86e4236c71, Org: 17674cf9-9aab-470b-98d9-b65820a3436e
2026-05-22T06:49:17.598Z [getAllProjects] Database and Model verified. Testing connection...
2026-05-22T06:49:17.599Z [getAllProjects] Connection Successful
2026-05-22T06:49:17.600Z [getAllProjects] Fetching all projects (no pagination)...
2026-05-22T06:49:17.626Z [getAllProjects] Found 14 projects. Computing progress...
2026-05-22T06:49:17.628Z [getAllProjects] Success. Returning response.
2026-05-22T06:49:18.883Z [getAllProjects] Start - User: a6f2643a-6e8f-4bf2-bd33-6e86e4236c71, Org: 17674cf9-9aab-470b-98d9-b65820a3436e
2026-05-22T06:49:18.885Z [getAllProjects] Database and Model verified. Testing connection...
2026-05-22T06:49:18.887Z [getAllProjects] Connection Successful
2026-05-22T06:49:18.888Z [getAllProjects] Fetching all projects (no pagination)...
2026-05-22T06:49:18.899Z [getAllProjects] Found 14 projects. Computing progress...
2026-05-22T06:49:18.900Z [getAllProjects] Success. Returning response.
2026-05-22T06:49:25.628Z [getAllProjects] Start - User: a6f2643a-6e8f-4bf2-bd33-6e86e4236c71, Org: 17674cf9-9aab-470b-98d9-b65820a3436e
2026-05-22T06:49:25.630Z [getAllProjects] Database and Model verified. Testing connection...
2026-05-22T06:49:25.631Z [getAllProjects] Connection Successful
2026-05-22T06:49:25.632Z [getAllProjects] Fetching all projects (no pagination)...
2026-05-22T06:49:25.639Z [getAllProjects] Found 14 projects. Computing progress...
2026-05-22T06:49:25.640Z [getAllProjects] Success. Returning response.
2026-05-22T06:49:27.890Z [getAllProjects] Start - User: a6f2643a-6e8f-4bf2-bd33-6e86e4236c71, Org: 17674cf9-9aab-470b-98d9-b65820a3436e
2026-05-22T06:49:27.892Z [getAllProjects] Database and Model verified. Testing connection...
2026-05-22T06:49:27.893Z [getAllProjects] Connection Successful
2026-05-22T06:49:27.895Z [getAllProjects] Fetching all projects (no pagination)...
2026-05-22T06:49:27.906Z [getAllProjects] Found 14 projects. Computing progress...
2026-05-22T06:49:27.908Z [getAllProjects] Success. Returning response.
2026-05-22T06:49:40.831Z [getAllProjects] Start - User: a6f2643a-6e8f-4bf2-bd33-6e86e4236c71, Org: 17674cf9-9aab-470b-98d9-b65820a3436e
2026-05-22T06:49:40.833Z [getAllProjects] Database and Model verified. Testing connection...
2026-05-22T06:49:40.835Z [getAllProjects] Connection Successful
2026-05-22T06:49:40.836Z [getAllProjects] Fetching all projects (no pagination)...
2026-05-22T06:49:40.847Z [getAllProjects] Found 14 projects. Computing progress...
2026-05-22T06:49:40.850Z [getAllProjects] Success. Returning response.
2026-05-22T06:49:46.646Z [getAllProjects] Start - User: a6f2643a-6e8f-4bf2-bd33-6e86e4236c71, Org: 17674cf9-9aab-470b-98d9-b65820a3436e
2026-05-22T06:49:46.648Z [getAllProjects] Database and Model verified. Testing connection...
2026-05-22T06:49:46.650Z [getAllProjects] Connection Successful
2026-05-22T06:49:46.651Z [getAllProjects] Fetching all projects (no pagination)...
2026-05-22T06:49:46.660Z [getAllProjects] Found 14 projects. Computing progress...
2026-05-22T06:49:46.662Z [getAllProjects] Success. Returning response.
2026-05-22T06:49:50.602Z [getAllProjects] Start - User: a6f2643a-6e8f-4bf2-bd33-6e86e4236c71, Org: 17674cf9-9aab-470b-98d9-b65820a3436e
2026-05-22T06:49:50.605Z [getAllProjects] Database and Model verified. Testing connection...
2026-05-22T06:49:50.607Z [getAllProjects] Connection Successful
2026-05-22T06:49:50.608Z [getAllProjects] Fetching paginated projects (page: 1, limit: 10)...
2026-05-22T06:49:50.617Z [getAllProjects] Found 10 projects (Total: 14). Computing progress...
2026-05-22T06:49:50.618Z [getAllProjects] Success. Returning paginated response.
2026-05-22T06:52:58.470Z [getAllProjects] Start - User: a6f2643a-6e8f-4bf2-bd33-6e86e4236c71, Org: 17674cf9-9aab-470b-98d9-b65820a3436e
2026-05-22T06:52:58.472Z [getAllProjects] Database and Model verified. Testing connection...
2026-05-22T06:52:58.474Z [getAllProjects] Connection Successful
2026-05-22T06:52:58.476Z [getAllProjects] Fetching all projects (no pagination)...
2026-05-22T06:52:58.506Z [getAllProjects] Found 14 projects. Computing progress...
2026-05-22T06:52:58.509Z [getAllProjects] Success. Returning response.
2026-05-22T06:53:05.722Z [getAllProjects] Start - User: 454265a3-1777-413b-a49f-8735ef6ffa2a, Org: 17674cf9-9aab-470b-98d9-b65820a3436e
2026-05-22T06:53:05.723Z [getAllProjects] Database and Model verified. Testing connection...
2026-05-22T06:53:05.725Z [getAllProjects] Connection Successful
2026-05-22T06:53:05.726Z [getAllProjects] Fetching all projects (no pagination)...
2026-05-22T06:53:05.746Z [getAllProjects] Found 9 projects. Computing progress...
2026-05-22T06:53:05.755Z [getAllProjects] Success. Returning response.
2026-05-22T06:53:05.793Z [getAllProjects] Start - User: 454265a3-1777-413b-a49f-8735ef6ffa2a, Org: 17674cf9-9aab-470b-98d9-b65820a3436e
2026-05-22T06:53:05.795Z [getAllProjects] Database and Model verified. Testing connection...
2026-05-22T06:53:05.796Z [getAllProjects] Connection Successful
2026-05-22T06:53:05.797Z [getAllProjects] Fetching all projects (no pagination)...
2026-05-22T06:53:05.813Z [getAllProjects] Found 9 projects. Computing progress...
2026-05-22T06:53:05.814Z [getAllProjects] Success. Returning response.
2026-05-22T06:53:08.100Z [getAllProjects] Start - User: 454265a3-1777-413b-a49f-8735ef6ffa2a, Org: 17674cf9-9aab-470b-98d9-b65820a3436e
2026-05-22T06:53:08.102Z [getAllProjects] Database and Model verified. Testing connection...
2026-05-22T06:53:08.103Z [getAllProjects] Connection Successful
2026-05-22T06:53:08.104Z [getAllProjects] Fetching all projects (no pagination)...
2026-05-22T06:53:08.120Z [getAllProjects] Found 9 projects. Computing progress...
2026-05-22T06:53:08.124Z [getAllProjects] Success. Returning response.
2026-05-22T06:54:23.255Z [getAllProjects] Start - User: 454265a3-1777-413b-a49f-8735ef6ffa2a, Org: 17674cf9-9aab-470b-98d9-b65820a3436e
2026-05-22T06:54:23.258Z [getAllProjects] Database and Model verified. Testing connection...
2026-05-22T06:54:23.259Z [getAllProjects] Connection Successful
2026-05-22T06:54:23.260Z [getAllProjects] Fetching all projects (no pagination)...
2026-05-22T06:54:23.268Z [getAllProjects] Found 9 projects. Computing progress...
2026-05-22T06:54:23.270Z [getAllProjects] Success. Returning response.
2026-05-22T06:54:31.945Z [getAllProjects] Start - User: 168ff0b0-b2a7-493e-91a3-59fa595209d8, Org: 17674cf9-9aab-470b-98d9-b65820a3436e
2026-05-22T06:54:31.947Z [getAllProjects] Database and Model verified. Testing connection...
2026-05-22T06:54:31.948Z [getAllProjects] Connection Successful
2026-05-22T06:54:31.949Z [getAllProjects] Fetching all projects (no pagination)...
2026-05-22T06:54:31.961Z [getAllProjects] Found 3 projects. Computing progress...
2026-05-22T06:54:31.963Z [getAllProjects] Success. Returning response.
2026-05-22T06:54:32.005Z [getAllProjects] Start - User: 168ff0b0-b2a7-493e-91a3-59fa595209d8, Org: 17674cf9-9aab-470b-98d9-b65820a3436e
2026-05-22T06:54:32.007Z [getAllProjects] Database and Model verified. Testing connection...
2026-05-22T06:54:32.009Z [getAllProjects] Connection Successful
2026-05-22T06:54:32.010Z [getAllProjects] Fetching all projects (no pagination)...
2026-05-22T06:54:32.028Z [getAllProjects] Found 3 projects. Computing progress...
2026-05-22T06:54:32.029Z [getAllProjects] Success. Returning response.
2026-05-22T06:54:35.738Z [getAllProjects] Start - User: 168ff0b0-b2a7-493e-91a3-59fa595209d8, Org: 17674cf9-9aab-470b-98d9-b65820a3436e
2026-05-22T06:54:35.740Z [getAllProjects] Database and Model verified. Testing connection...
2026-05-22T06:54:35.741Z [getAllProjects] Connection Successful
2026-05-22T06:54:35.742Z [getAllProjects] Fetching paginated projects (page: 1, limit: 10)...
2026-05-22T06:54:35.752Z [getAllProjects] Found 3 projects (Total: 3). Computing progress...
2026-05-22T06:54:35.754Z [getAllProjects] Success. Returning paginated response.
2026-05-22T06:54:39.716Z [getAllProjects] Start - User: 168ff0b0-b2a7-493e-91a3-59fa595209d8, Org: 17674cf9-9aab-470b-98d9-b65820a3436e
2026-05-22T06:54:39.718Z [getAllProjects] Database and Model verified. Testing connection...
2026-05-22T06:54:39.719Z [getAllProjects] Connection Successful
2026-05-22T06:54:39.720Z [getAllProjects] Fetching all projects (no pagination)...
2026-05-22T06:54:39.733Z [getAllProjects] Found 3 projects. Computing progress...
2026-05-22T06:54:39.735Z [getAllProjects] Success. Returning response.
2026-05-22T06:54:46.732Z [getAllProjects] Start - User: 168ff0b0-b2a7-493e-91a3-59fa595209d8, Org: 17674cf9-9aab-470b-98d9-b65820a3436e
2026-05-22T06:54:46.733Z [getAllProjects] Database and Model verified. Testing connection...
2026-05-22T06:54:46.734Z [getAllProjects] Connection Successful
2026-05-22T06:54:46.735Z [getAllProjects] Fetching all projects (no pagination)...
2026-05-22T06:54:46.746Z [getAllProjects] Found 3 projects. Computing progress...
2026-05-22T06:54:46.748Z [getAllProjects] Success. Returning response.
2026-05-22T06:55:40.154Z [getAllProjects] Start - User: 168ff0b0-b2a7-493e-91a3-59fa595209d8, Org: 17674cf9-9aab-470b-98d9-b65820a3436e
2026-05-22T06:55:40.159Z [getAllProjects] Database and Model verified. Testing connection...
2026-05-22T06:55:40.160Z [getAllProjects] Connection Successful
2026-05-22T06:55:40.162Z [getAllProjects] Fetching all projects (no pagination)...
2026-05-22T06:55:40.180Z [getAllProjects] Found 3 projects. Computing progress...
2026-05-22T06:55:40.183Z [getAllProjects] Success. Returning response.
2026-05-22T06:56:07.260Z [getAllProjects] Start - User: 168ff0b0-b2a7-493e-91a3-59fa595209d8, Org: 17674cf9-9aab-470b-98d9-b65820a3436e
2026-05-22T06:56:07.262Z [getAllProjects] Database and Model verified. Testing connection...
2026-05-22T06:56:07.263Z [getAllProjects] Connection Successful
2026-05-22T06:56:07.265Z [getAllProjects] Fetching paginated projects (page: 1, limit: 10)...
2026-05-22T06:56:07.276Z [getAllProjects] Found 3 projects (Total: 3). Computing progress...
2026-05-22T06:56:07.278Z [getAllProjects] Success. Returning paginated response.
2026-05-22T06:56:10.891Z [getAllProjects] Start - User: 168ff0b0-b2a7-493e-91a3-59fa595209d8, Org: 17674cf9-9aab-470b-98d9-b65820a3436e
2026-05-22T06:56:10.892Z [getAllProjects] Database and Model verified. Testing connection...
2026-05-22T06:56:10.894Z [getAllProjects] Connection Successful
2026-05-22T06:56:10.895Z [getAllProjects] Fetching all projects (no pagination)...
2026-05-22T06:56:10.906Z [getAllProjects] Found 3 projects. Computing progress...
2026-05-22T06:56:10.908Z [getAllProjects] Success. Returning response.
2026-05-22T06:56:49.045Z [getAllProjects] Start - User: 168ff0b0-b2a7-493e-91a3-59fa595209d8, Org: 17674cf9-9aab-470b-98d9-b65820a3436e
2026-05-22T06:56:49.047Z [getAllProjects] Database and Model verified. Testing connection...
2026-05-22T06:56:49.048Z [getAllProjects] Connection Successful
2026-05-22T06:56:49.049Z [getAllProjects] Fetching all projects (no pagination)...
2026-05-22T06:56:49.058Z [getAllProjects] Found 3 projects. Computing progress...
2026-05-22T06:56:49.060Z [getAllProjects] Success. Returning response.
2026-05-22T06:56:56.256Z [getAllProjects] Start - User: d81a8320-815e-4639-9e73-8e817908aa29, Org: 17674cf9-9aab-470b-98d9-b65820a3436e
2026-05-22T06:56:56.259Z [getAllProjects] Database and Model verified. Testing connection...
2026-05-22T06:56:56.262Z [getAllProjects] Connection Successful
2026-05-22T06:56:56.264Z [getAllProjects] Fetching all projects (no pagination)...
2026-05-22T06:56:56.272Z [getAllProjects] Found 2 projects. Computing progress...
2026-05-22T06:56:56.274Z [getAllProjects] Success. Returning response.
2026-05-22T06:56:56.314Z [getAllProjects] Start - User: d81a8320-815e-4639-9e73-8e817908aa29, Org: 17674cf9-9aab-470b-98d9-b65820a3436e
2026-05-22T06:56:56.316Z [getAllProjects] Database and Model verified. Testing connection...
2026-05-22T06:56:56.316Z [getAllProjects] Connection Successful
2026-05-22T06:56:56.317Z [getAllProjects] Fetching all projects (no pagination)...
2026-05-22T06:56:56.330Z [getAllProjects] Found 2 projects. Computing progress...
2026-05-22T06:56:56.333Z [getAllProjects] Success. Returning response.
2026-05-22T06:56:58.431Z [getAllProjects] Start - User: d81a8320-815e-4639-9e73-8e817908aa29, Org: 17674cf9-9aab-470b-98d9-b65820a3436e
2026-05-22T06:56:58.433Z [getAllProjects] Database and Model verified. Testing connection...
2026-05-22T06:56:58.434Z [getAllProjects] Connection Successful
2026-05-22T06:56:58.436Z [getAllProjects] Fetching all projects (no pagination)...
2026-05-22T06:56:58.447Z [getAllProjects] Found 2 projects. Computing progress...
2026-05-22T06:56:58.449Z [getAllProjects] Success. Returning response.
2026-05-22T06:57:35.367Z [getAllProjects] Start - User: d81a8320-815e-4639-9e73-8e817908aa29, Org: 17674cf9-9aab-470b-98d9-b65820a3436e
2026-05-22T06:57:35.371Z [getAllProjects] Database and Model verified. Testing connection...
2026-05-22T06:57:35.374Z [getAllProjects] Connection Successful
2026-05-22T06:57:35.379Z [getAllProjects] Fetching all projects (no pagination)...
2026-05-22T06:57:35.446Z [getAllProjects] Found 2 projects. Computing progress...
2026-05-22T06:57:35.447Z [getAllProjects] Success. Returning response.
2026-05-22T06:57:42.530Z [getAllProjects] Start - User: 454265a3-1777-413b-a49f-8735ef6ffa2a, Org: 17674cf9-9aab-470b-98d9-b65820a3436e
2026-05-22T06:57:42.533Z [getAllProjects] Database and Model verified. Testing connection...
2026-05-22T06:57:42.534Z [getAllProjects] Connection Successful
2026-05-22T06:57:42.538Z [getAllProjects] Fetching all projects (no pagination)...
2026-05-22T06:57:42.555Z [getAllProjects] Found 9 projects. Computing progress...
2026-05-22T06:57:42.556Z [getAllProjects] Success. Returning response.
2026-05-22T06:57:42.575Z [getAllProjects] Start - User: 454265a3-1777-413b-a49f-8735ef6ffa2a, Org: 17674cf9-9aab-470b-98d9-b65820a3436e
2026-05-22T06:57:42.577Z [getAllProjects] Database and Model verified. Testing connection...
2026-05-22T06:57:42.579Z [getAllProjects] Connection Successful
2026-05-22T06:57:42.581Z [getAllProjects] Fetching all projects (no pagination)...
2026-05-22T06:57:42.592Z [getAllProjects] Found 9 projects. Computing progress...
2026-05-22T06:57:42.594Z [getAllProjects] Success. Returning response.
2026-05-22T07:00:15.526Z [getAllProjects] Start - User: 454265a3-1777-413b-a49f-8735ef6ffa2a, Org: 17674cf9-9aab-470b-98d9-b65820a3436e
2026-05-22T07:00:15.528Z [getAllProjects] Database and Model verified. Testing connection...
2026-05-22T07:00:15.529Z [getAllProjects] Connection Successful
2026-05-22T07:00:15.530Z [getAllProjects] Fetching all projects (no pagination)...
2026-05-22T07:00:15.550Z [getAllProjects] Found 9 projects. Computing progress...
2026-05-22T07:00:15.552Z [getAllProjects] Success. Returning response.
2026-05-22T07:00:17.246Z [getAllProjects] Start - User: 454265a3-1777-413b-a49f-8735ef6ffa2a, Org: 17674cf9-9aab-470b-98d9-b65820a3436e
2026-05-22T07:00:17.247Z [getAllProjects] Database and Model verified. Testing connection...
2026-05-22T07:00:17.248Z [getAllProjects] Connection Successful
2026-05-22T07:00:17.249Z [getAllProjects] Fetching all projects (no pagination)...
2026-05-22T07:00:17.260Z [getAllProjects] Found 9 projects. Computing progress...
2026-05-22T07:00:17.261Z [getAllProjects] Success. Returning response.
2026-05-22T07:00:22.176Z [getAllProjects] Start - User: 454265a3-1777-413b-a49f-8735ef6ffa2a, Org: 17674cf9-9aab-470b-98d9-b65820a3436e
2026-05-22T07:00:22.181Z [getAllProjects] Database and Model verified. Testing connection...
2026-05-22T07:00:22.183Z [getAllProjects] Connection Successful
2026-05-22T07:00:22.184Z [getAllProjects] Fetching all projects (no pagination)...
2026-05-22T07:00:22.201Z [getAllProjects] Found 9 projects. Computing progress...
2026-05-22T07:00:22.204Z [getAllProjects] Success. Returning response.
2026-05-22T07:02:34.253Z [getAllProjects] Start - User: 454265a3-1777-413b-a49f-8735ef6ffa2a, Org: 17674cf9-9aab-470b-98d9-b65820a3436e
2026-05-22T07:02:34.255Z [getAllProjects] Database and Model verified. Testing connection...
2026-05-22T07:02:34.256Z [getAllProjects] Connection Successful
2026-05-22T07:02:34.257Z [getAllProjects] Fetching paginated projects (page: 1, limit: 10)...
2026-05-22T07:02:34.268Z [getAllProjects] Found 9 projects (Total: 9). Computing progress...
2026-05-22T07:02:34.270Z [getAllProjects] Success. Returning paginated response.
2026-05-22T07:02:34.795Z [getAllProjects] Start - User: 454265a3-1777-413b-a49f-8735ef6ffa2a, Org: 17674cf9-9aab-470b-98d9-b65820a3436e
2026-05-22T07:02:34.797Z [getAllProjects] Database and Model verified. Testing connection...
2026-05-22T07:02:34.798Z [getAllProjects] Connection Successful
2026-05-22T07:02:34.799Z [getAllProjects] Fetching all projects (no pagination)...
2026-05-22T07:02:34.809Z [getAllProjects] Found 9 projects. Computing progress...
2026-05-22T07:02:34.811Z [getAllProjects] Success. Returning response.
2026-05-22T07:02:36.325Z [getAllProjects] Start - User: 454265a3-1777-413b-a49f-8735ef6ffa2a, Org: 17674cf9-9aab-470b-98d9-b65820a3436e
2026-05-22T07:02:36.327Z [getAllProjects] Database and Model verified. Testing connection...
2026-05-22T07:02:36.328Z [getAllProjects] Connection Successful
2026-05-22T07:02:36.329Z [getAllProjects] Fetching all projects (no pagination)...
2026-05-22T07:02:36.337Z [getAllProjects] Found 9 projects. Computing progress...
2026-05-22T07:02:36.340Z [getAllProjects] Success. Returning response.
2026-05-22T07:02:41.638Z [getAllProjects] Start - User: 454265a3-1777-413b-a49f-8735ef6ffa2a, Org: 17674cf9-9aab-470b-98d9-b65820a3436e
2026-05-22T07:02:41.652Z [getAllProjects] Database and Model verified. Testing connection...
2026-05-22T07:02:41.655Z [getAllProjects] Connection Successful
2026-05-22T07:02:41.659Z [getAllProjects] Fetching all projects (no pagination)...
2026-05-22T07:02:41.677Z [getAllProjects] Found 9 projects. Computing progress...
2026-05-22T07:02:41.678Z [getAllProjects] Success. Returning response.
2026-05-22T07:02:48.204Z [getAllProjects] Start - User: d81a8320-815e-4639-9e73-8e817908aa29, Org: 17674cf9-9aab-470b-98d9-b65820a3436e
2026-05-22T07:02:48.208Z [getAllProjects] Database and Model verified. Testing connection...
2026-05-22T07:02:48.211Z [getAllProjects] Connection Successful
2026-05-22T07:02:48.216Z [getAllProjects] Fetching all projects (no pagination)...
2026-05-22T07:02:48.236Z [getAllProjects] Found 2 projects. Computing progress...
2026-05-22T07:02:48.241Z [getAllProjects] Success. Returning response.
2026-05-22T07:02:48.278Z [getAllProjects] Start - User: d81a8320-815e-4639-9e73-8e817908aa29, Org: 17674cf9-9aab-470b-98d9-b65820a3436e
2026-05-22T07:02:48.281Z [getAllProjects] Database and Model verified. Testing connection...
2026-05-22T07:02:48.282Z [getAllProjects] Connection Successful
2026-05-22T07:02:48.284Z [getAllProjects] Fetching all projects (no pagination)...
2026-05-22T07:02:48.325Z [getAllProjects] Found 2 projects. Computing progress...
2026-05-22T07:02:48.332Z [getAllProjects] Success. Returning response.
2026-05-22T07:02:50.543Z [getAllProjects] Start - User: d81a8320-815e-4639-9e73-8e817908aa29, Org: 17674cf9-9aab-470b-98d9-b65820a3436e
2026-05-22T07:02:50.546Z [getAllProjects] Database and Model verified. Testing connection...
2026-05-22T07:02:50.548Z [getAllProjects] Connection Successful
2026-05-22T07:02:50.550Z [getAllProjects] Fetching all projects (no pagination)...
2026-05-22T07:02:50.562Z [getAllProjects] Found 2 projects. Computing progress...
2026-05-22T07:02:50.564Z [getAllProjects] Success. Returning response.
2026-05-22T07:03:59.671Z [getAllProjects] Start - User: d81a8320-815e-4639-9e73-8e817908aa29, Org: 17674cf9-9aab-470b-98d9-b65820a3436e
2026-05-22T07:03:59.673Z [getAllProjects] Database and Model verified. Testing connection...
2026-05-22T07:03:59.676Z [getAllProjects] Connection Successful
2026-05-22T07:03:59.679Z [getAllProjects] Fetching all projects (no pagination)...
2026-05-22T07:03:59.707Z [getAllProjects] Found 2 projects. Computing progress...
2026-05-22T07:03:59.713Z [getAllProjects] Success. Returning response.
2026-05-22T07:04:36.385Z [getAllProjects] Start - User: d81a8320-815e-4639-9e73-8e817908aa29, Org: 17674cf9-9aab-470b-98d9-b65820a3436e
2026-05-22T07:04:36.387Z [getAllProjects] Database and Model verified. Testing connection...
2026-05-22T07:04:36.388Z [getAllProjects] Connection Successful
2026-05-22T07:04:36.389Z [getAllProjects] Fetching all projects (no pagination)...
2026-05-22T07:04:36.403Z [getAllProjects] Found 2 projects. Computing progress...
2026-05-22T07:04:36.405Z [getAllProjects] Success. Returning response.
2026-05-22T07:04:39.919Z [getAllProjects] Start - User: d81a8320-815e-4639-9e73-8e817908aa29, Org: 17674cf9-9aab-470b-98d9-b65820a3436e
2026-05-22T07:04:39.921Z [getAllProjects] Database and Model verified. Testing connection...
2026-05-22T07:04:39.924Z [getAllProjects] Connection Successful
2026-05-22T07:04:39.926Z [getAllProjects] Fetching paginated projects (page: 1, limit: 10)...
2026-05-22T07:04:39.953Z [getAllProjects] Found 2 projects (Total: 2). Computing progress...
2026-05-22T07:04:39.954Z [getAllProjects] Success. Returning paginated response.
2026-05-22T07:05:36.532Z [getAllProjects] Start - User: d81a8320-815e-4639-9e73-8e817908aa29, Org: 17674cf9-9aab-470b-98d9-b65820a3436e
2026-05-22T07:05:36.534Z [getAllProjects] Database and Model verified. Testing connection...
2026-05-22T07:05:36.536Z [getAllProjects] Connection Successful
2026-05-22T07:05:36.537Z [getAllProjects] Fetching all projects (no pagination)...
2026-05-22T07:05:36.552Z [getAllProjects] Found 2 projects. Computing progress...
2026-05-22T07:05:36.554Z [getAllProjects] Success. Returning response.
2026-05-22T07:05:37.198Z [getAllProjects] Start - User: d81a8320-815e-4639-9e73-8e817908aa29, Org: 17674cf9-9aab-470b-98d9-b65820a3436e
2026-05-22T07:05:37.199Z [getAllProjects] Database and Model verified. Testing connection...
2026-05-22T07:05:37.200Z [getAllProjects] Connection Successful
2026-05-22T07:05:37.201Z [getAllProjects] Fetching all projects (no pagination)...
2026-05-22T07:05:37.210Z [getAllProjects] Found 2 projects. Computing progress...
2026-05-22T07:05:37.213Z [getAllProjects] Success. Returning response.
2026-05-22T07:05:46.077Z [getAllProjects] Start - User: d81a8320-815e-4639-9e73-8e817908aa29, Org: 17674cf9-9aab-470b-98d9-b65820a3436e
2026-05-22T07:05:46.079Z [getAllProjects] Database and Model verified. Testing connection...
2026-05-22T07:05:46.081Z [getAllProjects] Connection Successful
2026-05-22T07:05:46.083Z [getAllProjects] Fetching all projects (no pagination)...
2026-05-22T07:05:46.090Z [getAllProjects] Found 2 projects. Computing progress...
2026-05-22T07:05:46.091Z [getAllProjects] Success. Returning response.
2026-05-22T07:06:09.893Z [getAllProjects] Start - User: d81a8320-815e-4639-9e73-8e817908aa29, Org: 17674cf9-9aab-470b-98d9-b65820a3436e
2026-05-22T07:06:09.896Z [getAllProjects] Database and Model verified. Testing connection...
2026-05-22T07:06:09.898Z [getAllProjects] Connection Successful
2026-05-22T07:06:09.900Z [getAllProjects] Fetching all projects (no pagination)...
2026-05-22T07:06:09.919Z [getAllProjects] Found 2 projects. Computing progress...
2026-05-22T07:06:09.921Z [getAllProjects] Success. Returning response.
2026-05-22T07:06:13.783Z [getAllProjects] Start - User: d81a8320-815e-4639-9e73-8e817908aa29, Org: 17674cf9-9aab-470b-98d9-b65820a3436e
2026-05-22T07:06:13.785Z [getAllProjects] Database and Model verified. Testing connection...
2026-05-22T07:06:13.786Z [getAllProjects] Connection Successful
2026-05-22T07:06:13.787Z [getAllProjects] Fetching paginated projects (page: 1, limit: 10)...
2026-05-22T07:06:13.807Z [getAllProjects] Found 2 projects (Total: 2). Computing progress...
2026-05-22T07:06:13.808Z [getAllProjects] Success. Returning paginated response.
2026-05-22T07:06:16.075Z [getAllProjects] Start - User: d81a8320-815e-4639-9e73-8e817908aa29, Org: 17674cf9-9aab-470b-98d9-b65820a3436e
2026-05-22T07:06:16.076Z [getAllProjects] Database and Model verified. Testing connection...
2026-05-22T07:06:16.078Z [getAllProjects] Connection Successful
2026-05-22T07:06:16.079Z [getAllProjects] Fetching all projects (no pagination)...
2026-05-22T07:06:16.102Z [getAllProjects] Found 2 projects. Computing progress...
2026-05-22T07:06:16.103Z [getAllProjects] Success. Returning response.
2026-05-22T07:06:45.552Z [getAllProjects] Start - User: d81a8320-815e-4639-9e73-8e817908aa29, Org: 17674cf9-9aab-470b-98d9-b65820a3436e
2026-05-22T07:06:45.554Z [getAllProjects] Database and Model verified. Testing connection...
2026-05-22T07:06:45.556Z [getAllProjects] Connection Successful
2026-05-22T07:06:45.557Z [getAllProjects] Fetching all projects (no pagination)...
2026-05-22T07:06:45.578Z [getAllProjects] Found 2 projects. Computing progress...
2026-05-22T07:06:45.580Z [getAllProjects] Success. Returning response.
2026-05-22T07:06:55.511Z [getAllProjects] Start - User: 168ff0b0-b2a7-493e-91a3-59fa595209d8, Org: 17674cf9-9aab-470b-98d9-b65820a3436e
2026-05-22T07:06:55.513Z [getAllProjects] Database and Model verified. Testing connection...
2026-05-22T07:06:55.515Z [getAllProjects] Connection Successful
2026-05-22T07:06:55.516Z [getAllProjects] Fetching all projects (no pagination)...
2026-05-22T07:06:55.540Z [getAllProjects] Found 3 projects. Computing progress...
2026-05-22T07:06:55.542Z [getAllProjects] Success. Returning response.
2026-05-22T07:06:55.590Z [getAllProjects] Start - User: 168ff0b0-b2a7-493e-91a3-59fa595209d8, Org: 17674cf9-9aab-470b-98d9-b65820a3436e
2026-05-22T07:06:55.592Z [getAllProjects] Database and Model verified. Testing connection...
2026-05-22T07:06:55.593Z [getAllProjects] Connection Successful
2026-05-22T07:06:55.594Z [getAllProjects] Fetching all projects (no pagination)...
2026-05-22T07:06:55.611Z [getAllProjects] Found 3 projects. Computing progress...
2026-05-22T07:06:55.613Z [getAllProjects] Success. Returning response.
2026-05-22T07:06:57.219Z [getAllProjects] Start - User: 168ff0b0-b2a7-493e-91a3-59fa595209d8, Org: 17674cf9-9aab-470b-98d9-b65820a3436e
2026-05-22T07:06:57.222Z [getAllProjects] Database and Model verified. Testing connection...
2026-05-22T07:06:57.223Z [getAllProjects] Connection Successful
2026-05-22T07:06:57.224Z [getAllProjects] Fetching all projects (no pagination)...
2026-05-22T07:06:57.237Z [getAllProjects] Found 3 projects. Computing progress...
2026-05-22T07:06:57.238Z [getAllProjects] Success. Returning response.
2026-05-22T07:07:02.126Z [getAllProjects] Start - User: 168ff0b0-b2a7-493e-91a3-59fa595209d8, Org: 17674cf9-9aab-470b-98d9-b65820a3436e
2026-05-22T07:07:02.128Z [getAllProjects] Database and Model verified. Testing connection...
2026-05-22T07:07:02.129Z [getAllProjects] Connection Successful
2026-05-22T07:07:02.130Z [getAllProjects] Fetching all projects (no pagination)...
2026-05-22T07:07:02.148Z [getAllProjects] Found 3 projects. Computing progress...
2026-05-22T07:07:02.150Z [getAllProjects] Success. Returning response.
2026-05-22T07:07:07.607Z [getAllProjects] Start - User: 454265a3-1777-413b-a49f-8735ef6ffa2a, Org: 17674cf9-9aab-470b-98d9-b65820a3436e
2026-05-22T07:07:07.609Z [getAllProjects] Database and Model verified. Testing connection...
2026-05-22T07:07:07.611Z [getAllProjects] Connection Successful
2026-05-22T07:07:07.612Z [getAllProjects] Fetching all projects (no pagination)...
2026-05-22T07:07:07.629Z [getAllProjects] Found 9 projects. Computing progress...
2026-05-22T07:07:07.631Z [getAllProjects] Success. Returning response.
2026-05-22T07:07:07.693Z [getAllProjects] Start - User: 454265a3-1777-413b-a49f-8735ef6ffa2a, Org: 17674cf9-9aab-470b-98d9-b65820a3436e
2026-05-22T07:07:07.712Z [getAllProjects] Database and Model verified. Testing connection...
2026-05-22T07:07:07.746Z [getAllProjects] Connection Successful
2026-05-22T07:07:07.761Z [getAllProjects] Fetching all projects (no pagination)...
2026-05-22T07:07:07.799Z [getAllProjects] Found 9 projects. Computing progress...
2026-05-22T07:07:07.801Z [getAllProjects] Success. Returning response.
2026-05-22T07:07:08.984Z [getAllProjects] Start - User: 454265a3-1777-413b-a49f-8735ef6ffa2a, Org: 17674cf9-9aab-470b-98d9-b65820a3436e
2026-05-22T07:07:08.986Z [getAllProjects] Database and Model verified. Testing connection...
2026-05-22T07:07:08.988Z [getAllProjects] Connection Successful
2026-05-22T07:07:08.989Z [getAllProjects] Fetching all projects (no pagination)...
2026-05-22T07:07:09.019Z [getAllProjects] Found 9 projects. Computing progress...
2026-05-22T07:07:09.020Z [getAllProjects] Success. Returning response.
2026-05-22T07:07:10.479Z [getAllProjects] Start - User: 454265a3-1777-413b-a49f-8735ef6ffa2a, Org: 17674cf9-9aab-470b-98d9-b65820a3436e
2026-05-22T07:07:10.482Z [getAllProjects] Database and Model verified. Testing connection...
2026-05-22T07:07:10.483Z [getAllProjects] Connection Successful
2026-05-22T07:07:10.485Z [getAllProjects] Fetching all projects (no pagination)...
2026-05-22T07:07:10.508Z [getAllProjects] Found 9 projects. Computing progress...
2026-05-22T07:07:10.509Z [getAllProjects] Success. Returning response.
2026-05-22T07:07:20.736Z [getAllProjects] Start - User: 454265a3-1777-413b-a49f-8735ef6ffa2a, Org: 17674cf9-9aab-470b-98d9-b65820a3436e
2026-05-22T07:07:20.738Z [getAllProjects] Database and Model verified. Testing connection...
2026-05-22T07:07:20.739Z [getAllProjects] Connection Successful
2026-05-22T07:07:20.740Z [getAllProjects] Fetching paginated projects (page: 1, limit: 10)...
2026-05-22T07:07:20.754Z [getAllProjects] Found 9 projects (Total: 9). Computing progress...
2026-05-22T07:07:20.756Z [getAllProjects] Success. Returning paginated response.
2026-05-22T07:42:41.908Z [getAllProjects] Start - User: 454265a3-1777-413b-a49f-8735ef6ffa2a, Org: 17674cf9-9aab-470b-98d9-b65820a3436e
2026-05-22T07:42:41.913Z [getAllProjects] Database and Model verified. Testing connection...
2026-05-22T07:42:41.918Z [getAllProjects] Connection Successful
2026-05-22T07:42:41.932Z [getAllProjects] Fetching all projects (no pagination)...
2026-05-22T07:42:41.985Z [getAllProjects] Found 9 projects. Computing progress...
2026-05-22T07:42:41.987Z [getAllProjects] Success. Returning response.
2026-05-22T07:42:55.400Z [getAllProjects] Start - User: 168ff0b0-b2a7-493e-91a3-59fa595209d8, Org: 17674cf9-9aab-470b-98d9-b65820a3436e
2026-05-22T07:42:55.402Z [getAllProjects] Database and Model verified. Testing connection...
2026-05-22T07:42:55.404Z [getAllProjects] Connection Successful
2026-05-22T07:42:55.407Z [getAllProjects] Fetching all projects (no pagination)...
2026-05-22T07:42:55.450Z [getAllProjects] Found 3 projects. Computing progress...
2026-05-22T07:42:55.452Z [getAllProjects] Success. Returning response.
2026-05-22T07:42:55.478Z [getAllProjects] Start - User: 168ff0b0-b2a7-493e-91a3-59fa595209d8, Org: 17674cf9-9aab-470b-98d9-b65820a3436e
2026-05-22T07:42:55.480Z [getAllProjects] Database and Model verified. Testing connection...
2026-05-22T07:42:55.481Z [getAllProjects] Connection Successful
2026-05-22T07:42:55.482Z [getAllProjects] Fetching all projects (no pagination)...
2026-05-22T07:42:55.501Z [getAllProjects] Found 3 projects. Computing progress...
2026-05-22T07:42:55.504Z [getAllProjects] Success. Returning response.
2026-05-22T07:43:03.760Z [getAllProjects] Start - User: 168ff0b0-b2a7-493e-91a3-59fa595209d8, Org: 17674cf9-9aab-470b-98d9-b65820a3436e
2026-05-22T07:43:03.762Z [getAllProjects] Database and Model verified. Testing connection...
2026-05-22T07:43:03.763Z [getAllProjects] Connection Successful
2026-05-22T07:43:03.764Z [getAllProjects] Fetching all projects (no pagination)...
2026-05-22T07:43:03.782Z [getAllProjects] Found 3 projects. Computing progress...
2026-05-22T07:43:03.783Z [getAllProjects] Success. Returning response.
2026-05-22T07:49:29.677Z [getAllProjects] Start - User: 168ff0b0-b2a7-493e-91a3-59fa595209d8, Org: 17674cf9-9aab-470b-98d9-b65820a3436e
2026-05-22T07:49:29.679Z [getAllProjects] Database and Model verified. Testing connection...
2026-05-22T07:49:29.680Z [getAllProjects] Connection Successful
2026-05-22T07:49:29.682Z [getAllProjects] Fetching all projects (no pagination)...
2026-05-22T07:49:29.706Z [getAllProjects] Found 3 projects. Computing progress...
2026-05-22T07:49:29.708Z [getAllProjects] Success. Returning response.
2026-05-22T07:50:30.228Z [getAllProjects] Start - User: 168ff0b0-b2a7-493e-91a3-59fa595209d8, Org: 17674cf9-9aab-470b-98d9-b65820a3436e
2026-05-22T07:50:30.230Z [getAllProjects] Database and Model verified. Testing connection...
2026-05-22T07:50:30.231Z [getAllProjects] Connection Successful
2026-05-22T07:50:30.233Z [getAllProjects] Fetching all projects (no pagination)...
2026-05-22T07:50:30.252Z [getAllProjects] Found 3 projects. Computing progress...
2026-05-22T07:50:30.256Z [getAllProjects] Success. Returning response.
2026-05-22T07:50:32.735Z [getAllProjects] Start - User: 168ff0b0-b2a7-493e-91a3-59fa595209d8, Org: 17674cf9-9aab-470b-98d9-b65820a3436e
2026-05-22T07:50:32.737Z [getAllProjects] Database and Model verified. Testing connection...
2026-05-22T07:50:32.738Z [getAllProjects] Connection Successful
2026-05-22T07:50:32.740Z [getAllProjects] Fetching all projects (no pagination)...
2026-05-22T07:50:32.771Z [getAllProjects] Found 3 projects. Computing progress...
2026-05-22T07:50:32.773Z [getAllProjects] Success. Returning response.
2026-05-22T07:51:37.332Z [getAllProjects] Start - User: 168ff0b0-b2a7-493e-91a3-59fa595209d8, Org: 17674cf9-9aab-470b-98d9-b65820a3436e
2026-05-22T07:51:37.335Z [getAllProjects] Database and Model verified. Testing connection...
2026-05-22T07:51:37.337Z [getAllProjects] Connection Successful
2026-05-22T07:51:37.339Z [getAllProjects] Fetching all projects (no pagination)...
2026-05-22T07:51:37.369Z [getAllProjects] Found 3 projects. Computing progress...
2026-05-22T07:51:37.371Z [getAllProjects] Success. Returning response.
2026-05-22T07:54:22.823Z [getAllProjects] Start - User: 168ff0b0-b2a7-493e-91a3-59fa595209d8, Org: 17674cf9-9aab-470b-98d9-b65820a3436e
2026-05-22T07:54:22.825Z [getAllProjects] Database and Model verified. Testing connection...
2026-05-22T07:54:22.827Z [getAllProjects] Connection Successful
2026-05-22T07:54:22.830Z [getAllProjects] Fetching all projects (no pagination)...
2026-05-22T07:54:22.854Z [getAllProjects] Found 3 projects. Computing progress...
2026-05-22T07:54:22.856Z [getAllProjects] Success. Returning response.
2026-05-22T07:54:24.573Z [getAllProjects] Start - User: 168ff0b0-b2a7-493e-91a3-59fa595209d8, Org: 17674cf9-9aab-470b-98d9-b65820a3436e
2026-05-22T07:54:24.575Z [getAllProjects] Database and Model verified. Testing connection...
2026-05-22T07:54:24.576Z [getAllProjects] Connection Successful
2026-05-22T07:54:24.576Z [getAllProjects] Fetching all projects (no pagination)...
2026-05-22T07:54:24.591Z [getAllProjects] Found 3 projects. Computing progress...
2026-05-22T07:54:24.593Z [getAllProjects] Success. Returning response.
2026-05-22T07:54:39.444Z [getAllProjects] Start - User: 168ff0b0-b2a7-493e-91a3-59fa595209d8, Org: 17674cf9-9aab-470b-98d9-b65820a3436e
2026-05-22T07:54:39.445Z [getAllProjects] Database and Model verified. Testing connection...
2026-05-22T07:54:39.446Z [getAllProjects] Connection Successful
2026-05-22T07:54:39.448Z [getAllProjects] Fetching all projects (no pagination)...
2026-05-22T07:54:39.469Z [getAllProjects] Found 3 projects. Computing progress...
2026-05-22T07:54:39.471Z [getAllProjects] Success. Returning response.
2026-05-22T07:55:03.344Z [getAllProjects] Start - User: 168ff0b0-b2a7-493e-91a3-59fa595209d8, Org: 17674cf9-9aab-470b-98d9-b65820a3436e
2026-05-22T07:55:03.345Z [getAllProjects] Database and Model verified. Testing connection...
2026-05-22T07:55:03.347Z [getAllProjects] Connection Successful
2026-05-22T07:55:03.348Z [getAllProjects] Fetching all projects (no pagination)...
2026-05-22T07:55:03.361Z [getAllProjects] Found 3 projects. Computing progress...
2026-05-22T07:55:03.362Z [getAllProjects] Success. Returning response.
2026-05-22T07:55:04.756Z [getAllProjects] Start - User: 168ff0b0-b2a7-493e-91a3-59fa595209d8, Org: 17674cf9-9aab-470b-98d9-b65820a3436e
2026-05-22T07:55:04.757Z [getAllProjects] Database and Model verified. Testing connection...
2026-05-22T07:55:04.758Z [getAllProjects] Connection Successful
2026-05-22T07:55:04.759Z [getAllProjects] Fetching all projects (no pagination)...
2026-05-22T07:55:04.787Z [getAllProjects] Found 3 projects. Computing progress...
2026-05-22T07:55:04.789Z [getAllProjects] Success. Returning response.
2026-05-22T07:55:07.105Z [getAllProjects] Start - User: 168ff0b0-b2a7-493e-91a3-59fa595209d8, Org: 17674cf9-9aab-470b-98d9-b65820a3436e
2026-05-22T07:55:07.107Z [getAllProjects] Database and Model verified. Testing connection...
2026-05-22T07:55:07.108Z [getAllProjects] Connection Successful
2026-05-22T07:55:07.109Z [getAllProjects] Fetching all projects (no pagination)...
2026-05-22T07:55:07.124Z [getAllProjects] Found 3 projects. Computing progress...
2026-05-22T07:55:07.125Z [getAllProjects] Success. Returning response.
2026-05-22T07:55:15.648Z [getAllProjects] Start - User: 168ff0b0-b2a7-493e-91a3-59fa595209d8, Org: 17674cf9-9aab-470b-98d9-b65820a3436e
2026-05-22T07:55:15.650Z [getAllProjects] Database and Model verified. Testing connection...
2026-05-22T07:55:15.651Z [getAllProjects] Connection Successful
2026-05-22T07:55:15.652Z [getAllProjects] Fetching all projects (no pagination)...
2026-05-22T07:55:15.673Z [getAllProjects] Found 3 projects. Computing progress...
2026-05-22T07:55:15.674Z [getAllProjects] Success. Returning response.
2026-05-22T07:57:55.646Z [getAllProjects] Start - User: 168ff0b0-b2a7-493e-91a3-59fa595209d8, Org: 17674cf9-9aab-470b-98d9-b65820a3436e
2026-05-22T07:57:55.648Z [getAllProjects] Database and Model verified. Testing connection...
2026-05-22T07:57:55.650Z [getAllProjects] Connection Successful
2026-05-22T07:57:55.652Z [getAllProjects] Fetching all projects (no pagination)...
2026-05-22T07:57:55.667Z [getAllProjects] Found 3 projects. Computing progress...
2026-05-22T07:57:55.669Z [getAllProjects] Success. Returning response.
2026-05-22T07:58:10.276Z [getAllProjects] Start - User: 168ff0b0-b2a7-493e-91a3-59fa595209d8, Org: 17674cf9-9aab-470b-98d9-b65820a3436e
2026-05-22T07:58:10.277Z [getAllProjects] Database and Model verified. Testing connection...
2026-05-22T07:58:10.278Z [getAllProjects] Connection Successful
2026-05-22T07:58:10.279Z [getAllProjects] Fetching all projects (no pagination)...
2026-05-22T07:58:10.292Z [getAllProjects] Found 3 projects. Computing progress...
2026-05-22T07:58:10.293Z [getAllProjects] Success. Returning response.
2026-05-22T07:58:24.058Z [getAllProjects] Start - User: 168ff0b0-b2a7-493e-91a3-59fa595209d8, Org: 17674cf9-9aab-470b-98d9-b65820a3436e
2026-05-22T07:58:24.062Z [getAllProjects] Database and Model verified. Testing connection...
2026-05-22T07:58:24.063Z [getAllProjects] Connection Successful
2026-05-22T07:58:24.064Z [getAllProjects] Fetching all projects (no pagination)...
2026-05-22T07:58:24.083Z [getAllProjects] Found 3 projects. Computing progress...
2026-05-22T07:58:24.084Z [getAllProjects] Success. Returning response.
2026-05-22T07:59:22.640Z [getAllProjects] Start - User: 168ff0b0-b2a7-493e-91a3-59fa595209d8, Org: 17674cf9-9aab-470b-98d9-b65820a3436e
2026-05-22T07:59:22.642Z [getAllProjects] Database and Model verified. Testing connection...
2026-05-22T07:59:22.645Z [getAllProjects] Connection Successful
2026-05-22T07:59:22.647Z [getAllProjects] Fetching all projects (no pagination)...
2026-05-22T07:59:22.679Z [getAllProjects] Found 3 projects. Computing progress...
2026-05-22T07:59:22.680Z [getAllProjects] Success. Returning response.
2026-05-22T07:59:30.116Z [getAllProjects] Start - User: a6f2643a-6e8f-4bf2-bd33-6e86e4236c71, Org: 17674cf9-9aab-470b-98d9-b65820a3436e
2026-05-22T07:59:30.118Z [getAllProjects] Database and Model verified. Testing connection...
2026-05-22T07:59:30.120Z [getAllProjects] Connection Successful
2026-05-22T07:59:30.121Z [getAllProjects] Fetching all projects (no pagination)...
2026-05-22T07:59:30.138Z [getAllProjects] Found 14 projects. Computing progress...
2026-05-22T07:59:30.141Z [getAllProjects] Success. Returning response.
2026-05-22T07:59:30.235Z [getAllProjects] Start - User: a6f2643a-6e8f-4bf2-bd33-6e86e4236c71, Org: 17674cf9-9aab-470b-98d9-b65820a3436e
2026-05-22T07:59:30.241Z [getAllProjects] Database and Model verified. Testing connection...
2026-05-22T07:59:30.248Z [getAllProjects] Connection Successful
2026-05-22T07:59:30.297Z [getAllProjects] Fetching all projects (no pagination)...
2026-05-22T07:59:30.336Z [getAllProjects] Found 14 projects. Computing progress...
2026-05-22T07:59:30.338Z [getAllProjects] Success. Returning response.
2026-05-22T07:59:34.827Z [getAllProjects] Start - User: a6f2643a-6e8f-4bf2-bd33-6e86e4236c71, Org: 17674cf9-9aab-470b-98d9-b65820a3436e
2026-05-22T07:59:34.829Z [getAllProjects] Database and Model verified. Testing connection...
2026-05-22T07:59:34.830Z [getAllProjects] Connection Successful
2026-05-22T07:59:34.831Z [getAllProjects] Fetching all projects (no pagination)...
2026-05-22T07:59:34.846Z [getAllProjects] Found 14 projects. Computing progress...
2026-05-22T07:59:34.848Z [getAllProjects] Success. Returning response.
2026-05-22T08:01:51.652Z [getAllProjects] Start - User: a6f2643a-6e8f-4bf2-bd33-6e86e4236c71, Org: 17674cf9-9aab-470b-98d9-b65820a3436e
2026-05-22T08:01:51.654Z [getAllProjects] Database and Model verified. Testing connection...
2026-05-22T08:01:51.655Z [getAllProjects] Connection Successful
2026-05-22T08:01:51.656Z [getAllProjects] Fetching all projects (no pagination)...
2026-05-22T08:01:51.667Z [getAllProjects] Found 14 projects. Computing progress...
2026-05-22T08:01:51.668Z [getAllProjects] Success. Returning response.
2026-05-22T08:02:07.590Z [getAllProjects] Start - User: a6f2643a-6e8f-4bf2-bd33-6e86e4236c71, Org: 17674cf9-9aab-470b-98d9-b65820a3436e
2026-05-22T08:02:07.591Z [getAllProjects] Database and Model verified. Testing connection...
2026-05-22T08:02:07.592Z [getAllProjects] Connection Successful
2026-05-22T08:02:07.593Z [getAllProjects] Fetching all projects (no pagination)...
2026-05-22T08:02:07.605Z [getAllProjects] Found 14 projects. Computing progress...
2026-05-22T08:02:07.606Z [getAllProjects] Success. Returning response.
2026-05-22T08:02:50.473Z [getAllProjects] Start - User: a6f2643a-6e8f-4bf2-bd33-6e86e4236c71, Org: 17674cf9-9aab-470b-98d9-b65820a3436e
2026-05-22T08:02:50.475Z [getAllProjects] Database and Model verified. Testing connection...
2026-05-22T08:02:50.476Z [getAllProjects] Connection Successful
2026-05-22T08:02:50.477Z [getAllProjects] Fetching all projects (no pagination)...
2026-05-22T08:02:50.489Z [getAllProjects] Found 14 projects. Computing progress...
2026-05-22T08:02:50.491Z [getAllProjects] Success. Returning response.
2026-05-22T08:02:51.523Z [getAllProjects] Start - User: a6f2643a-6e8f-4bf2-bd33-6e86e4236c71, Org: 17674cf9-9aab-470b-98d9-b65820a3436e
2026-05-22T08:02:51.525Z [getAllProjects] Database and Model verified. Testing connection...
2026-05-22T08:02:51.526Z [getAllProjects] Connection Successful
2026-05-22T08:02:51.527Z [getAllProjects] Fetching all projects (no pagination)...
2026-05-22T08:02:51.540Z [getAllProjects] Found 14 projects. Computing progress...
2026-05-22T08:02:51.542Z [getAllProjects] Success. Returning response.
2026-05-22T08:02:54.244Z [getAllProjects] Start - User: a6f2643a-6e8f-4bf2-bd33-6e86e4236c71, Org: 17674cf9-9aab-470b-98d9-b65820a3436e
2026-05-22T08:02:54.246Z [getAllProjects] Database and Model verified. Testing connection...
2026-05-22T08:02:54.249Z [getAllProjects] Connection Successful
2026-05-22T08:02:54.251Z [getAllProjects] Fetching all projects (no pagination)...
2026-05-22T08:02:54.262Z [getAllProjects] Found 14 projects. Computing progress...
2026-05-22T08:02:54.264Z [getAllProjects] Success. Returning response.
2026-05-22T08:03:05.180Z [getAllProjects] Start - User: 168ff0b0-b2a7-493e-91a3-59fa595209d8, Org: 17674cf9-9aab-470b-98d9-b65820a3436e
2026-05-22T08:03:05.182Z [getAllProjects] Database and Model verified. Testing connection...
2026-05-22T08:03:05.184Z [getAllProjects] Connection Successful
2026-05-22T08:03:05.186Z [getAllProjects] Fetching all projects (no pagination)...
2026-05-22T08:03:05.203Z [getAllProjects] Found 3 projects. Computing progress...
2026-05-22T08:03:05.205Z [getAllProjects] Success. Returning response.
2026-05-22T08:03:05.245Z [getAllProjects] Start - User: 168ff0b0-b2a7-493e-91a3-59fa595209d8, Org: 17674cf9-9aab-470b-98d9-b65820a3436e
2026-05-22T08:03:05.247Z [getAllProjects] Database and Model verified. Testing connection...
2026-05-22T08:03:05.248Z [getAllProjects] Connection Successful
2026-05-22T08:03:05.250Z [getAllProjects] Fetching all projects (no pagination)...
2026-05-22T08:03:05.263Z [getAllProjects] Found 3 projects. Computing progress...
2026-05-22T08:03:05.265Z [getAllProjects] Success. Returning response.
2026-05-22T08:03:07.991Z [getAllProjects] Start - User: 168ff0b0-b2a7-493e-91a3-59fa595209d8, Org: 17674cf9-9aab-470b-98d9-b65820a3436e
2026-05-22T08:03:07.993Z [getAllProjects] Database and Model verified. Testing connection...
2026-05-22T08:03:07.994Z [getAllProjects] Connection Successful
2026-05-22T08:03:07.995Z [getAllProjects] Fetching all projects (no pagination)...
2026-05-22T08:03:08.010Z [getAllProjects] Found 3 projects. Computing progress...
2026-05-22T08:03:08.012Z [getAllProjects] Success. Returning response.
2026-05-22T08:03:15.719Z [getAllProjects] Start - User: 168ff0b0-b2a7-493e-91a3-59fa595209d8, Org: 17674cf9-9aab-470b-98d9-b65820a3436e
2026-05-22T08:03:15.721Z [getAllProjects] Database and Model verified. Testing connection...
2026-05-22T08:03:15.722Z [getAllProjects] Connection Successful
2026-05-22T08:03:15.724Z [getAllProjects] Fetching all projects (no pagination)...
2026-05-22T08:03:15.737Z [getAllProjects] Found 3 projects. Computing progress...
2026-05-22T08:03:15.738Z [getAllProjects] Success. Returning response.
2026-05-22T08:05:24.990Z [getAllProjects] Start - User: 168ff0b0-b2a7-493e-91a3-59fa595209d8, Org: 17674cf9-9aab-470b-98d9-b65820a3436e
2026-05-22T08:05:24.992Z [getAllProjects] Database and Model verified. Testing connection...
2026-05-22T08:05:24.993Z [getAllProjects] Connection Successful
2026-05-22T08:05:24.994Z [getAllProjects] Fetching all projects (no pagination)...
2026-05-22T08:05:25.015Z [getAllProjects] Found 3 projects. Computing progress...
2026-05-22T08:05:25.017Z [getAllProjects] Success. Returning response.
2026-05-22T08:05:31.464Z [getAllProjects] Start - User: 168ff0b0-b2a7-493e-91a3-59fa595209d8, Org: 17674cf9-9aab-470b-98d9-b65820a3436e
2026-05-22T08:05:31.467Z [getAllProjects] Database and Model verified. Testing connection...
2026-05-22T08:05:31.469Z [getAllProjects] Connection Successful
2026-05-22T08:05:31.470Z [getAllProjects] Fetching all projects (no pagination)...
2026-05-22T08:05:31.493Z [getAllProjects] Found 3 projects. Computing progress...
2026-05-22T08:05:31.495Z [getAllProjects] Success. Returning response.
2026-05-22T08:07:50.654Z [getAllProjects] Start - User: 168ff0b0-b2a7-493e-91a3-59fa595209d8, Org: 17674cf9-9aab-470b-98d9-b65820a3436e
2026-05-22T08:07:50.655Z [getAllProjects] Database and Model verified. Testing connection...
2026-05-22T08:07:50.656Z [getAllProjects] Connection Successful
2026-05-22T08:07:50.658Z [getAllProjects] Fetching all projects (no pagination)...
2026-05-22T08:07:50.667Z [getAllProjects] Found 3 projects. Computing progress...
2026-05-22T08:07:50.668Z [getAllProjects] Success. Returning response.
2026-05-22T08:08:21.360Z [getAllProjects] Start - User: 168ff0b0-b2a7-493e-91a3-59fa595209d8, Org: 17674cf9-9aab-470b-98d9-b65820a3436e
2026-05-22T08:08:21.363Z [getAllProjects] Database and Model verified. Testing connection...
2026-05-22T08:08:21.364Z [getAllProjects] Connection Successful
2026-05-22T08:08:21.365Z [getAllProjects] Fetching all projects (no pagination)...
2026-05-22T08:08:21.379Z [getAllProjects] Found 3 projects. Computing progress...
2026-05-22T08:08:21.380Z [getAllProjects] Success. Returning response.
2026-05-22T08:08:22.961Z [getAllProjects] Start - User: 168ff0b0-b2a7-493e-91a3-59fa595209d8, Org: 17674cf9-9aab-470b-98d9-b65820a3436e
2026-05-22T08:08:22.963Z [getAllProjects] Database and Model verified. Testing connection...
2026-05-22T08:08:22.964Z [getAllProjects] Connection Successful
2026-05-22T08:08:22.966Z [getAllProjects] Fetching all projects (no pagination)...
2026-05-22T08:08:22.979Z [getAllProjects] Found 3 projects. Computing progress...
2026-05-22T08:08:22.980Z [getAllProjects] Success. Returning response.
2026-05-22T08:08:58.020Z [getAllProjects] Start - User: 168ff0b0-b2a7-493e-91a3-59fa595209d8, Org: 17674cf9-9aab-470b-98d9-b65820a3436e
2026-05-22T08:08:58.021Z [getAllProjects] Database and Model verified. Testing connection...
2026-05-22T08:08:58.022Z [getAllProjects] Connection Successful
2026-05-22T08:08:58.023Z [getAllProjects] Fetching all projects (no pagination)...
2026-05-22T08:08:58.038Z [getAllProjects] Found 3 projects. Computing progress...
2026-05-22T08:08:58.039Z [getAllProjects] Success. Returning response.
2026-05-22T08:09:23.502Z [getAllProjects] Start - User: 168ff0b0-b2a7-493e-91a3-59fa595209d8, Org: 17674cf9-9aab-470b-98d9-b65820a3436e
2026-05-22T08:09:23.504Z [getAllProjects] Database and Model verified. Testing connection...
2026-05-22T08:09:23.505Z [getAllProjects] Connection Successful
2026-05-22T08:09:23.506Z [getAllProjects] Fetching all projects (no pagination)...
2026-05-22T08:09:23.525Z [getAllProjects] Found 3 projects. Computing progress...
2026-05-22T08:09:23.527Z [getAllProjects] Success. Returning response.
2026-05-22T08:09:26.419Z [getAllProjects] Start - User: 168ff0b0-b2a7-493e-91a3-59fa595209d8, Org: 17674cf9-9aab-470b-98d9-b65820a3436e
2026-05-22T08:09:26.422Z [getAllProjects] Database and Model verified. Testing connection...
2026-05-22T08:09:26.423Z [getAllProjects] Connection Successful
2026-05-22T08:09:26.423Z [getAllProjects] Fetching all projects (no pagination)...
2026-05-22T08:09:26.437Z [getAllProjects] Found 3 projects. Computing progress...
2026-05-22T08:09:26.438Z [getAllProjects] Success. Returning response.
2026-05-22T08:11:12.590Z [getAllProjects] Start - User: 168ff0b0-b2a7-493e-91a3-59fa595209d8, Org: 17674cf9-9aab-470b-98d9-b65820a3436e
2026-05-22T08:11:12.592Z [getAllProjects] Database and Model verified. Testing connection...
2026-05-22T08:11:12.593Z [getAllProjects] Connection Successful
2026-05-22T08:11:12.594Z [getAllProjects] Fetching all projects (no pagination)...
2026-05-22T08:11:12.609Z [getAllProjects] Found 3 projects. Computing progress...
2026-05-22T08:11:12.610Z [getAllProjects] Success. Returning response.
2026-05-22T08:12:07.041Z [getAllProjects] Start - User: 168ff0b0-b2a7-493e-91a3-59fa595209d8, Org: 17674cf9-9aab-470b-98d9-b65820a3436e
2026-05-22T08:12:07.043Z [getAllProjects] Database and Model verified. Testing connection...
2026-05-22T08:12:07.044Z [getAllProjects] Connection Successful
2026-05-22T08:12:07.045Z [getAllProjects] Fetching all projects (no pagination)...
2026-05-22T08:12:07.071Z [getAllProjects] Found 3 projects. Computing progress...
2026-05-22T08:12:07.072Z [getAllProjects] Success. Returning response.
2026-05-22T08:12:08.766Z [getAllProjects] Start - User: 168ff0b0-b2a7-493e-91a3-59fa595209d8, Org: 17674cf9-9aab-470b-98d9-b65820a3436e
2026-05-22T08:12:08.767Z [getAllProjects] Database and Model verified. Testing connection...
2026-05-22T08:12:08.769Z [getAllProjects] Connection Successful
2026-05-22T08:12:08.770Z [getAllProjects] Fetching all projects (no pagination)...
2026-05-22T08:12:08.784Z [getAllProjects] Found 3 projects. Computing progress...
2026-05-22T08:12:08.786Z [getAllProjects] Success. Returning response.
2026-05-22T08:12:31.232Z [getAllProjects] Start - User: 168ff0b0-b2a7-493e-91a3-59fa595209d8, Org: 17674cf9-9aab-470b-98d9-b65820a3436e
2026-05-22T08:12:31.235Z [getAllProjects] Database and Model verified. Testing connection...
2026-05-22T08:12:31.237Z [getAllProjects] Connection Successful
2026-05-22T08:12:31.238Z [getAllProjects] Fetching all projects (no pagination)...
2026-05-22T08:12:31.258Z [getAllProjects] Found 3 projects. Computing progress...
2026-05-22T08:12:31.261Z [getAllProjects] Success. Returning response.
2026-05-22T08:12:46.338Z [getAllProjects] Start - User: 168ff0b0-b2a7-493e-91a3-59fa595209d8, Org: 17674cf9-9aab-470b-98d9-b65820a3436e
2026-05-22T08:12:46.340Z [getAllProjects] Database and Model verified. Testing connection...
2026-05-22T08:12:46.341Z [getAllProjects] Connection Successful
2026-05-22T08:12:46.342Z [getAllProjects] Fetching all projects (no pagination)...
2026-05-22T08:12:46.353Z [getAllProjects] Found 3 projects. Computing progress...
2026-05-22T08:12:46.355Z [getAllProjects] Success. Returning response.
2026-05-22T08:12:47.618Z [getAllProjects] Start - User: 168ff0b0-b2a7-493e-91a3-59fa595209d8, Org: 17674cf9-9aab-470b-98d9-b65820a3436e
2026-05-22T08:12:47.620Z [getAllProjects] Database and Model verified. Testing connection...
2026-05-22T08:12:47.621Z [getAllProjects] Connection Successful
2026-05-22T08:12:47.622Z [getAllProjects] Fetching all projects (no pagination)...
2026-05-22T08:12:47.634Z [getAllProjects] Found 3 projects. Computing progress...
2026-05-22T08:12:47.635Z [getAllProjects] Success. Returning response.
2026-05-22T08:12:57.763Z [getAllProjects] Start - User: 168ff0b0-b2a7-493e-91a3-59fa595209d8, Org: 17674cf9-9aab-470b-98d9-b65820a3436e
2026-05-22T08:12:57.765Z [getAllProjects] Database and Model verified. Testing connection...
2026-05-22T08:12:57.766Z [getAllProjects] Connection Successful
2026-05-22T08:12:57.768Z [getAllProjects] Fetching all projects (no pagination)...
2026-05-22T08:12:57.777Z [getAllProjects] Found 3 projects. Computing progress...
2026-05-22T08:12:57.778Z [getAllProjects] Success. Returning response.
2026-05-22T08:12:58.988Z [getAllProjects] Start - User: 168ff0b0-b2a7-493e-91a3-59fa595209d8, Org: 17674cf9-9aab-470b-98d9-b65820a3436e
2026-05-22T08:12:58.990Z [getAllProjects] Database and Model verified. Testing connection...
2026-05-22T08:12:58.991Z [getAllProjects] Connection Successful
2026-05-22T08:12:58.992Z [getAllProjects] Fetching all projects (no pagination)...
2026-05-22T08:12:59.006Z [getAllProjects] Found 3 projects. Computing progress...
2026-05-22T08:12:59.007Z [getAllProjects] Success. Returning response.
2026-05-22T08:13:35.363Z [getAllProjects] Start - User: 168ff0b0-b2a7-493e-91a3-59fa595209d8, Org: 17674cf9-9aab-470b-98d9-b65820a3436e
2026-05-22T08:13:35.365Z [getAllProjects] Database and Model verified. Testing connection...
2026-05-22T08:13:35.367Z [getAllProjects] Connection Successful
2026-05-22T08:13:35.367Z [getAllProjects] Fetching all projects (no pagination)...
2026-05-22T08:13:35.381Z [getAllProjects] Found 3 projects. Computing progress...
2026-05-22T08:13:35.383Z [getAllProjects] Success. Returning response.
2026-05-22T08:13:43.638Z [getAllProjects] Start - User: 168ff0b0-b2a7-493e-91a3-59fa595209d8, Org: 17674cf9-9aab-470b-98d9-b65820a3436e
2026-05-22T08:13:43.641Z [getAllProjects] Database and Model verified. Testing connection...
2026-05-22T08:13:43.643Z [getAllProjects] Connection Successful
2026-05-22T08:13:43.644Z [getAllProjects] Fetching all projects (no pagination)...
2026-05-22T08:13:43.661Z [getAllProjects] Found 3 projects. Computing progress...
2026-05-22T08:13:43.664Z [getAllProjects] Success. Returning response.
2026-05-22T08:13:56.377Z [getAllProjects] Start - User: 168ff0b0-b2a7-493e-91a3-59fa595209d8, Org: 17674cf9-9aab-470b-98d9-b65820a3436e
2026-05-22T08:13:56.379Z [getAllProjects] Database and Model verified. Testing connection...
2026-05-22T08:13:56.380Z [getAllProjects] Connection Successful
2026-05-22T08:13:56.381Z [getAllProjects] Fetching all projects (no pagination)...
2026-05-22T08:13:56.398Z [getAllProjects] Found 3 projects. Computing progress...
2026-05-22T08:13:56.400Z [getAllProjects] Success. Returning response.
2026-05-22T08:13:58.352Z [getAllProjects] Start - User: 168ff0b0-b2a7-493e-91a3-59fa595209d8, Org: 17674cf9-9aab-470b-98d9-b65820a3436e
2026-05-22T08:13:58.354Z [getAllProjects] Database and Model verified. Testing connection...
2026-05-22T08:13:58.356Z [getAllProjects] Connection Successful
2026-05-22T08:13:58.357Z [getAllProjects] Fetching all projects (no pagination)...
2026-05-22T08:13:58.371Z [getAllProjects] Found 3 projects. Computing progress...
2026-05-22T08:13:58.372Z [getAllProjects] Success. Returning response.
2026-05-22T08:15:23.141Z [getAllProjects] Start - User: 168ff0b0-b2a7-493e-91a3-59fa595209d8, Org: 17674cf9-9aab-470b-98d9-b65820a3436e
2026-05-22T08:15:23.143Z [getAllProjects] Database and Model verified. Testing connection...
2026-05-22T08:15:23.144Z [getAllProjects] Connection Successful
2026-05-22T08:15:23.146Z [getAllProjects] Fetching all projects (no pagination)...
2026-05-22T08:15:23.159Z [getAllProjects] Found 3 projects. Computing progress...
2026-05-22T08:15:23.161Z [getAllProjects] Success. Returning response.
2026-05-22T08:15:26.141Z [getAllProjects] Start - User: 168ff0b0-b2a7-493e-91a3-59fa595209d8, Org: 17674cf9-9aab-470b-98d9-b65820a3436e
2026-05-22T08:15:26.143Z [getAllProjects] Database and Model verified. Testing connection...
2026-05-22T08:15:26.145Z [getAllProjects] Connection Successful
2026-05-22T08:15:26.145Z [getAllProjects] Fetching all projects (no pagination)...
2026-05-22T08:15:26.166Z [getAllProjects] Found 3 projects. Computing progress...
2026-05-22T08:15:26.167Z [getAllProjects] Success. Returning response.
2026-05-22T08:15:43.771Z [getAllProjects] Start - User: 168ff0b0-b2a7-493e-91a3-59fa595209d8, Org: 17674cf9-9aab-470b-98d9-b65820a3436e
2026-05-22T08:15:43.773Z [getAllProjects] Database and Model verified. Testing connection...
2026-05-22T08:15:43.776Z [getAllProjects] Connection Successful
2026-05-22T08:15:43.777Z [getAllProjects] Fetching all projects (no pagination)...
2026-05-22T08:15:43.793Z [getAllProjects] Found 3 projects. Computing progress...
2026-05-22T08:15:43.798Z [getAllProjects] Success. Returning response.
2026-05-22T08:15:46.009Z [getAllProjects] Start - User: 168ff0b0-b2a7-493e-91a3-59fa595209d8, Org: 17674cf9-9aab-470b-98d9-b65820a3436e
2026-05-22T08:15:46.012Z [getAllProjects] Database and Model verified. Testing connection...
2026-05-22T08:15:46.014Z [getAllProjects] Connection Successful
2026-05-22T08:15:46.015Z [getAllProjects] Fetching all projects (no pagination)...
2026-05-22T08:15:46.031Z [getAllProjects] Found 3 projects. Computing progress...
2026-05-22T08:15:46.034Z [getAllProjects] Success. Returning response.
2026-05-22T08:15:49.470Z [getAllProjects] Start - User: 168ff0b0-b2a7-493e-91a3-59fa595209d8, Org: 17674cf9-9aab-470b-98d9-b65820a3436e
2026-05-22T08:15:49.473Z [getAllProjects] Database and Model verified. Testing connection...
2026-05-22T08:15:49.475Z [getAllProjects] Connection Successful
2026-05-22T08:15:49.475Z [getAllProjects] Fetching all projects (no pagination)...
2026-05-22T08:15:49.493Z [getAllProjects] Found 3 projects. Computing progress...
2026-05-22T08:15:49.494Z [getAllProjects] Success. Returning response.
2026-05-22T08:16:36.584Z [getAllProjects] Start - User: 168ff0b0-b2a7-493e-91a3-59fa595209d8, Org: 17674cf9-9aab-470b-98d9-b65820a3436e
2026-05-22T08:16:36.586Z [getAllProjects] Database and Model verified. Testing connection...
2026-05-22T08:16:36.587Z [getAllProjects] Connection Successful
2026-05-22T08:16:36.589Z [getAllProjects] Fetching all projects (no pagination)...
2026-05-22T08:16:36.612Z [getAllProjects] Found 3 projects. Computing progress...
2026-05-22T08:16:36.616Z [getAllProjects] Success. Returning response.
2026-05-22T08:19:02.682Z [getAllProjects] Start - User: 168ff0b0-b2a7-493e-91a3-59fa595209d8, Org: 17674cf9-9aab-470b-98d9-b65820a3436e
2026-05-22T08:19:02.683Z [getAllProjects] Database and Model verified. Testing connection...
2026-05-22T08:19:02.685Z [getAllProjects] Connection Successful
2026-05-22T08:19:02.686Z [getAllProjects] Fetching all projects (no pagination)...
2026-05-22T08:19:02.713Z [getAllProjects] Found 3 projects. Computing progress...
2026-05-22T08:19:02.716Z [getAllProjects] Success. Returning response.
2026-05-22T08:19:18.339Z [getAllProjects] Start - User: 168ff0b0-b2a7-493e-91a3-59fa595209d8, Org: 17674cf9-9aab-470b-98d9-b65820a3436e
2026-05-22T08:19:18.341Z [getAllProjects] Database and Model verified. Testing connection...
2026-05-22T08:19:18.343Z [getAllProjects] Connection Successful
2026-05-22T08:19:18.344Z [getAllProjects] Fetching all projects (no pagination)...
2026-05-22T08:19:18.361Z [getAllProjects] Found 3 projects. Computing progress...
2026-05-22T08:19:18.362Z [getAllProjects] Success. Returning response.
2026-05-22T08:19:44.786Z [getAllProjects] Start - User: 168ff0b0-b2a7-493e-91a3-59fa595209d8, Org: 17674cf9-9aab-470b-98d9-b65820a3436e
2026-05-22T08:19:44.787Z [getAllProjects] Database and Model verified. Testing connection...
2026-05-22T08:19:44.789Z [getAllProjects] Connection Successful
2026-05-22T08:19:44.790Z [getAllProjects] Fetching all projects (no pagination)...
2026-05-22T08:19:44.805Z [getAllProjects] Found 3 projects. Computing progress...
2026-05-22T08:19:44.807Z [getAllProjects] Success. Returning response.
2026-05-22T08:20:25.113Z [getAllProjects] Start - User: 168ff0b0-b2a7-493e-91a3-59fa595209d8, Org: 17674cf9-9aab-470b-98d9-b65820a3436e
2026-05-22T08:20:25.115Z [getAllProjects] Database and Model verified. Testing connection...
2026-05-22T08:20:25.117Z [getAllProjects] Connection Successful
2026-05-22T08:20:25.119Z [getAllProjects] Fetching all projects (no pagination)...
2026-05-22T08:20:25.141Z [getAllProjects] Found 3 projects. Computing progress...
2026-05-22T08:20:25.142Z [getAllProjects] Success. Returning response.
2026-05-22T08:20:34.355Z [getAllProjects] Start - User: 168ff0b0-b2a7-493e-91a3-59fa595209d8, Org: 17674cf9-9aab-470b-98d9-b65820a3436e
2026-05-22T08:20:34.357Z [getAllProjects] Database and Model verified. Testing connection...
2026-05-22T08:20:34.358Z [getAllProjects] Connection Successful
2026-05-22T08:20:34.359Z [getAllProjects] Fetching all projects (no pagination)...
2026-05-22T08:20:34.378Z [getAllProjects] Found 3 projects. Computing progress...
2026-05-22T08:20:34.379Z [getAllProjects] Success. Returning response.
2026-05-22T08:20:36.979Z [getAllProjects] Start - User: 168ff0b0-b2a7-493e-91a3-59fa595209d8, Org: 17674cf9-9aab-470b-98d9-b65820a3436e
2026-05-22T08:20:36.980Z [getAllProjects] Database and Model verified. Testing connection...
2026-05-22T08:20:36.982Z [getAllProjects] Connection Successful
2026-05-22T08:20:36.983Z [getAllProjects] Fetching all projects (no pagination)...
2026-05-22T08:20:36.993Z [getAllProjects] Found 3 projects. Computing progress...
2026-05-22T08:20:36.994Z [getAllProjects] Success. Returning response.
2026-05-22T08:22:09.609Z [getAllProjects] Start - User: 168ff0b0-b2a7-493e-91a3-59fa595209d8, Org: 17674cf9-9aab-470b-98d9-b65820a3436e
2026-05-22T08:22:09.611Z [getAllProjects] Database and Model verified. Testing connection...
2026-05-22T08:22:09.613Z [getAllProjects] Connection Successful
2026-05-22T08:22:09.619Z [getAllProjects] Fetching all projects (no pagination)...
2026-05-22T08:22:09.637Z [getAllProjects] Found 3 projects. Computing progress...
2026-05-22T08:22:09.638Z [getAllProjects] Success. Returning response.
2026-05-22T09:34:05.626Z [getAllProjects] Start - User: 168ff0b0-b2a7-493e-91a3-59fa595209d8, Org: 17674cf9-9aab-470b-98d9-b65820a3436e
2026-05-22T09:34:05.631Z [getAllProjects] Database and Model verified. Testing connection...
2026-05-22T09:34:05.633Z [getAllProjects] Connection Successful
2026-05-22T09:34:05.634Z [getAllProjects] Fetching all projects (no pagination)...
2026-05-22T09:34:05.715Z [getAllProjects] Found 3 projects. Computing progress...
2026-05-22T09:34:05.716Z [getAllProjects] Success. Returning response.
2026-05-22T09:34:13.487Z [getAllProjects] Start - User: 454265a3-1777-413b-a49f-8735ef6ffa2a, Org: 17674cf9-9aab-470b-98d9-b65820a3436e
2026-05-22T09:34:13.489Z [getAllProjects] Database and Model verified. Testing connection...
2026-05-22T09:34:13.491Z [getAllProjects] Connection Successful
2026-05-22T09:34:13.493Z [getAllProjects] Fetching all projects (no pagination)...
2026-05-22T09:34:13.513Z [getAllProjects] Found 9 projects. Computing progress...
2026-05-22T09:34:13.515Z [getAllProjects] Success. Returning response.
2026-05-22T09:34:13.544Z [getAllProjects] Start - User: 454265a3-1777-413b-a49f-8735ef6ffa2a, Org: 17674cf9-9aab-470b-98d9-b65820a3436e
2026-05-22T09:34:13.591Z [getAllProjects] Database and Model verified. Testing connection...
2026-05-22T09:34:13.599Z [getAllProjects] Connection Successful
2026-05-22T09:34:13.646Z [getAllProjects] Fetching all projects (no pagination)...
2026-05-22T09:34:13.707Z [getAllProjects] Found 9 projects. Computing progress...
2026-05-22T09:34:13.711Z [getAllProjects] Success. Returning response.
2026-05-22T09:34:26.153Z [getAllProjects] Start - User: 454265a3-1777-413b-a49f-8735ef6ffa2a, Org: 17674cf9-9aab-470b-98d9-b65820a3436e
2026-05-22T09:34:26.156Z [getAllProjects] Database and Model verified. Testing connection...
2026-05-22T09:34:26.157Z [getAllProjects] Connection Successful
2026-05-22T09:34:26.159Z [getAllProjects] Fetching all projects (no pagination)...
2026-05-22T09:34:26.188Z [getAllProjects] Found 9 projects. Computing progress...
2026-05-22T09:34:26.190Z [getAllProjects] Success. Returning response.
2026-05-22T09:41:38.747Z [getAllProjects] Start - User: 454265a3-1777-413b-a49f-8735ef6ffa2a, Org: 17674cf9-9aab-470b-98d9-b65820a3436e
2026-05-22T09:41:38.749Z [getAllProjects] Database and Model verified. Testing connection...
2026-05-22T09:41:38.751Z [getAllProjects] Connection Successful
2026-05-22T09:41:38.752Z [getAllProjects] Fetching all projects (no pagination)...
2026-05-22T09:41:38.791Z [getAllProjects] Found 9 projects. Computing progress...
2026-05-22T09:41:38.794Z [getAllProjects] Success. Returning response.
2026-05-22T09:41:49.733Z [getAllProjects] Start - User: 454265a3-1777-413b-a49f-8735ef6ffa2a, Org: 17674cf9-9aab-470b-98d9-b65820a3436e
2026-05-22T09:41:49.735Z [getAllProjects] Database and Model verified. Testing connection...
2026-05-22T09:41:49.739Z [getAllProjects] Connection Successful
2026-05-22T09:41:49.742Z [getAllProjects] Fetching all projects (no pagination)...
2026-05-22T09:41:49.764Z [getAllProjects] Found 9 projects. Computing progress...
2026-05-22T09:41:49.766Z [getAllProjects] Success. Returning response.
2026-05-22T09:42:07.111Z [getAllProjects] Start - User: 168ff0b0-b2a7-493e-91a3-59fa595209d8, Org: 17674cf9-9aab-470b-98d9-b65820a3436e
2026-05-22T09:42:07.113Z [getAllProjects] Database and Model verified. Testing connection...
2026-05-22T09:42:07.114Z [getAllProjects] Connection Successful
2026-05-22T09:42:07.116Z [getAllProjects] Fetching all projects (no pagination)...
2026-05-22T09:42:07.134Z [getAllProjects] Found 3 projects. Computing progress...
2026-05-22T09:42:07.135Z [getAllProjects] Success. Returning response.
2026-05-22T09:42:07.168Z [getAllProjects] Start - User: 168ff0b0-b2a7-493e-91a3-59fa595209d8, Org: 17674cf9-9aab-470b-98d9-b65820a3436e
2026-05-22T09:42:07.169Z [getAllProjects] Database and Model verified. Testing connection...
2026-05-22T09:42:07.170Z [getAllProjects] Connection Successful
2026-05-22T09:42:07.172Z [getAllProjects] Fetching all projects (no pagination)...
2026-05-22T09:42:07.191Z [getAllProjects] Found 3 projects. Computing progress...
2026-05-22T09:42:07.193Z [getAllProjects] Success. Returning response.
2026-05-22T09:42:10.095Z [getAllProjects] Start - User: 168ff0b0-b2a7-493e-91a3-59fa595209d8, Org: 17674cf9-9aab-470b-98d9-b65820a3436e
2026-05-22T09:42:10.097Z [getAllProjects] Database and Model verified. Testing connection...
2026-05-22T09:42:10.099Z [getAllProjects] Connection Successful
2026-05-22T09:42:10.100Z [getAllProjects] Fetching all projects (no pagination)...
2026-05-22T09:42:10.114Z [getAllProjects] Found 3 projects. Computing progress...
2026-05-22T09:42:10.115Z [getAllProjects] Success. Returning response.
2026-05-22T09:42:31.000Z [getAllProjects] Start - User: 168ff0b0-b2a7-493e-91a3-59fa595209d8, Org: 17674cf9-9aab-470b-98d9-b65820a3436e
2026-05-22T09:42:31.001Z [getAllProjects] Database and Model verified. Testing connection...
2026-05-22T09:42:31.003Z [getAllProjects] Connection Successful
2026-05-22T09:42:31.004Z [getAllProjects] Fetching paginated projects (page: 1, limit: 10)...
2026-05-22T09:42:31.026Z [getAllProjects] Found 3 projects (Total: 3). Computing progress...
2026-05-22T09:42:31.028Z [getAllProjects] Success. Returning paginated response.
2026-05-22T09:42:58.516Z [getAllProjects] Start - User: 168ff0b0-b2a7-493e-91a3-59fa595209d8, Org: 17674cf9-9aab-470b-98d9-b65820a3436e
2026-05-22T09:42:58.518Z [getAllProjects] Database and Model verified. Testing connection...
2026-05-22T09:42:58.520Z [getAllProjects] Connection Successful
2026-05-22T09:42:58.521Z [getAllProjects] Fetching all projects (no pagination)...
2026-05-22T09:42:58.536Z [getAllProjects] Found 3 projects. Computing progress...
2026-05-22T09:42:58.537Z [getAllProjects] Success. Returning response.
2026-05-22T09:43:03.280Z [getAllProjects] Start - User: a6f2643a-6e8f-4bf2-bd33-6e86e4236c71, Org: 17674cf9-9aab-470b-98d9-b65820a3436e
2026-05-22T09:43:03.284Z [getAllProjects] Database and Model verified. Testing connection...
2026-05-22T09:43:03.288Z [getAllProjects] Connection Successful
2026-05-22T09:43:03.290Z [getAllProjects] Fetching all projects (no pagination)...
2026-05-22T09:43:03.318Z [getAllProjects] Found 14 projects. Computing progress...
2026-05-22T09:43:03.320Z [getAllProjects] Success. Returning response.
2026-05-22T09:43:03.366Z [getAllProjects] Start - User: a6f2643a-6e8f-4bf2-bd33-6e86e4236c71, Org: 17674cf9-9aab-470b-98d9-b65820a3436e
2026-05-22T09:43:03.367Z [getAllProjects] Database and Model verified. Testing connection...
2026-05-22T09:43:03.368Z [getAllProjects] Connection Successful
2026-05-22T09:43:03.370Z [getAllProjects] Fetching all projects (no pagination)...
2026-05-22T09:43:03.393Z [getAllProjects] Found 14 projects. Computing progress...
2026-05-22T09:43:03.396Z [getAllProjects] Success. Returning response.
2026-05-22T09:43:04.954Z [getAllProjects] Start - User: a6f2643a-6e8f-4bf2-bd33-6e86e4236c71, Org: 17674cf9-9aab-470b-98d9-b65820a3436e
2026-05-22T09:43:04.956Z [getAllProjects] Database and Model verified. Testing connection...
2026-05-22T09:43:04.957Z [getAllProjects] Connection Successful
2026-05-22T09:43:04.958Z [getAllProjects] Fetching paginated projects (page: 1, limit: 10)...
2026-05-22T09:43:04.968Z [getAllProjects] Found 10 projects (Total: 14). Computing progress...
2026-05-22T09:43:04.970Z [getAllProjects] Success. Returning paginated response.
2026-05-22T09:43:06.188Z [getAllProjects] Start - User: a6f2643a-6e8f-4bf2-bd33-6e86e4236c71, Org: 17674cf9-9aab-470b-98d9-b65820a3436e
2026-05-22T09:43:06.190Z [getAllProjects] Database and Model verified. Testing connection...
2026-05-22T09:43:06.192Z [getAllProjects] Connection Successful
2026-05-22T09:43:06.193Z [getAllProjects] Fetching all projects (no pagination)...
2026-05-22T09:43:06.205Z [getAllProjects] Found 14 projects. Computing progress...
2026-05-22T09:43:06.206Z [getAllProjects] Success. Returning response.
2026-05-22T09:43:13.358Z [getAllProjects] Start - User: a6f2643a-6e8f-4bf2-bd33-6e86e4236c71, Org: 17674cf9-9aab-470b-98d9-b65820a3436e
2026-05-22T09:43:13.359Z [getAllProjects] Database and Model verified. Testing connection...
2026-05-22T09:43:13.361Z [getAllProjects] Connection Successful
2026-05-22T09:43:13.362Z [getAllProjects] Fetching all projects (no pagination)...
2026-05-22T09:43:13.374Z [getAllProjects] Found 14 projects. Computing progress...
2026-05-22T09:43:13.376Z [getAllProjects] Success. Returning response.
2026-05-22T09:43:23.048Z [getAllProjects] Start - User: a6f2643a-6e8f-4bf2-bd33-6e86e4236c71, Org: 17674cf9-9aab-470b-98d9-b65820a3436e
2026-05-22T09:43:23.050Z [getAllProjects] Database and Model verified. Testing connection...
2026-05-22T09:43:23.051Z [getAllProjects] Connection Successful
2026-05-22T09:43:23.052Z [getAllProjects] Fetching all projects (no pagination)...
2026-05-22T09:43:23.067Z [getAllProjects] Found 14 projects. Computing progress...
2026-05-22T09:43:23.068Z [getAllProjects] Success. Returning response.
2026-05-22T09:43:46.903Z [getAllProjects] Start - User: 168ff0b0-b2a7-493e-91a3-59fa595209d8, Org: 17674cf9-9aab-470b-98d9-b65820a3436e
2026-05-22T09:43:46.906Z [getAllProjects] Database and Model verified. Testing connection...
2026-05-22T09:43:46.908Z [getAllProjects] Connection Successful
2026-05-22T09:43:46.909Z [getAllProjects] Fetching all projects (no pagination)...
2026-05-22T09:43:46.921Z [getAllProjects] Found 3 projects. Computing progress...
2026-05-22T09:43:46.923Z [getAllProjects] Success. Returning response.
2026-05-22T09:43:46.970Z [getAllProjects] Start - User: 168ff0b0-b2a7-493e-91a3-59fa595209d8, Org: 17674cf9-9aab-470b-98d9-b65820a3436e
2026-05-22T09:43:46.972Z [getAllProjects] Database and Model verified. Testing connection...
2026-05-22T09:43:46.973Z [getAllProjects] Connection Successful
2026-05-22T09:43:46.974Z [getAllProjects] Fetching all projects (no pagination)...
2026-05-22T09:43:46.992Z [getAllProjects] Found 3 projects. Computing progress...
2026-05-22T09:43:46.997Z [getAllProjects] Success. Returning response.
2026-05-22T09:43:49.428Z [getAllProjects] Start - User: 168ff0b0-b2a7-493e-91a3-59fa595209d8, Org: 17674cf9-9aab-470b-98d9-b65820a3436e
2026-05-22T09:43:49.430Z [getAllProjects] Database and Model verified. Testing connection...
2026-05-22T09:43:49.431Z [getAllProjects] Connection Successful
2026-05-22T09:43:49.432Z [getAllProjects] Fetching all projects (no pagination)...
2026-05-22T09:43:49.450Z [getAllProjects] Found 3 projects. Computing progress...
2026-05-22T09:43:49.452Z [getAllProjects] Success. Returning response.
2026-05-22T09:44:45.173Z [getAllProjects] Start - User: 168ff0b0-b2a7-493e-91a3-59fa595209d8, Org: 17674cf9-9aab-470b-98d9-b65820a3436e
2026-05-22T09:44:45.175Z [getAllProjects] Database and Model verified. Testing connection...
2026-05-22T09:44:45.176Z [getAllProjects] Connection Successful
2026-05-22T09:44:45.176Z [getAllProjects] Fetching paginated projects (page: 1, limit: 10)...
2026-05-22T09:44:45.191Z [getAllProjects] Found 3 projects (Total: 3). Computing progress...
2026-05-22T09:44:45.192Z [getAllProjects] Success. Returning paginated response.
2026-05-22T09:45:30.890Z [getAllProjects] Start - User: 168ff0b0-b2a7-493e-91a3-59fa595209d8, Org: 17674cf9-9aab-470b-98d9-b65820a3436e
2026-05-22T09:45:30.891Z [getAllProjects] Database and Model verified. Testing connection...
2026-05-22T09:45:30.892Z [getAllProjects] Connection Successful
2026-05-22T09:45:30.893Z [getAllProjects] Fetching all projects (no pagination)...
2026-05-22T09:45:30.977Z [getAllProjects] Found 3 projects. Computing progress...
2026-05-22T09:45:30.978Z [getAllProjects] Success. Returning response.
2026-05-22T09:45:32.344Z [getAllProjects] Start - User: 168ff0b0-b2a7-493e-91a3-59fa595209d8, Org: 17674cf9-9aab-470b-98d9-b65820a3436e
2026-05-22T09:45:32.346Z [getAllProjects] Database and Model verified. Testing connection...
2026-05-22T09:45:32.348Z [getAllProjects] Connection Successful
2026-05-22T09:45:32.349Z [getAllProjects] Fetching all projects (no pagination)...
2026-05-22T09:45:32.367Z [getAllProjects] Found 3 projects. Computing progress...
2026-05-22T09:45:32.368Z [getAllProjects] Success. Returning response.
2026-05-22T09:45:48.395Z [getAllProjects] Start - User: 168ff0b0-b2a7-493e-91a3-59fa595209d8, Org: 17674cf9-9aab-470b-98d9-b65820a3436e
2026-05-22T09:45:48.397Z [getAllProjects] Database and Model verified. Testing connection...
2026-05-22T09:45:48.399Z [getAllProjects] Connection Successful
2026-05-22T09:45:48.400Z [getAllProjects] Fetching paginated projects (page: 1, limit: 10)...
2026-05-22T09:45:48.416Z [getAllProjects] Found 3 projects (Total: 3). Computing progress...
2026-05-22T09:45:48.418Z [getAllProjects] Success. Returning paginated response.
2026-05-22T09:46:01.124Z [getAllProjects] Start - User: 168ff0b0-b2a7-493e-91a3-59fa595209d8, Org: 17674cf9-9aab-470b-98d9-b65820a3436e
2026-05-22T09:46:01.126Z [getAllProjects] Database and Model verified. Testing connection...
2026-05-22T09:46:01.129Z [getAllProjects] Connection Successful
2026-05-22T09:46:01.132Z [getAllProjects] Fetching all projects (no pagination)...
2026-05-22T09:46:01.147Z [getAllProjects] Found 3 projects. Computing progress...
2026-05-22T09:46:01.149Z [getAllProjects] Success. Returning response.
2026-05-22T09:46:06.746Z [getAllProjects] Start - User: a6f2643a-6e8f-4bf2-bd33-6e86e4236c71, Org: 17674cf9-9aab-470b-98d9-b65820a3436e
2026-05-22T09:46:06.750Z [getAllProjects] Database and Model verified. Testing connection...
2026-05-22T09:46:06.752Z [getAllProjects] Connection Successful
2026-05-22T09:46:06.754Z [getAllProjects] Fetching all projects (no pagination)...
2026-05-22T09:46:06.770Z [getAllProjects] Found 14 projects. Computing progress...
2026-05-22T09:46:06.772Z [getAllProjects] Success. Returning response.
2026-05-22T09:46:06.840Z [getAllProjects] Start - User: a6f2643a-6e8f-4bf2-bd33-6e86e4236c71, Org: 17674cf9-9aab-470b-98d9-b65820a3436e
2026-05-22T09:46:06.851Z [getAllProjects] Database and Model verified. Testing connection...
2026-05-22T09:46:06.885Z [getAllProjects] Connection Successful
2026-05-22T09:46:06.903Z [getAllProjects] Fetching all projects (no pagination)...
2026-05-22T09:46:06.949Z [getAllProjects] Found 14 projects. Computing progress...
2026-05-22T09:46:06.950Z [getAllProjects] Success. Returning response.
2026-05-22T09:46:09.538Z [getAllProjects] Start - User: a6f2643a-6e8f-4bf2-bd33-6e86e4236c71, Org: 17674cf9-9aab-470b-98d9-b65820a3436e
2026-05-22T09:46:09.539Z [getAllProjects] Database and Model verified. Testing connection...
2026-05-22T09:46:09.541Z [getAllProjects] Connection Successful
2026-05-22T09:46:09.542Z [getAllProjects] Fetching paginated projects (page: 1, limit: 10)...
2026-05-22T09:46:09.561Z [getAllProjects] Found 10 projects (Total: 14). Computing progress...
2026-05-22T09:46:09.565Z [getAllProjects] Success. Returning paginated response.
2026-05-22T09:46:47.121Z [getAllProjects] Start - User: a6f2643a-6e8f-4bf2-bd33-6e86e4236c71, Org: 17674cf9-9aab-470b-98d9-b65820a3436e
2026-05-22T09:46:47.123Z [getAllProjects] Database and Model verified. Testing connection...
2026-05-22T09:46:47.124Z [getAllProjects] Connection Successful
2026-05-22T09:46:47.125Z [getAllProjects] Fetching all projects (no pagination)...
2026-05-22T09:46:47.135Z [getAllProjects] Found 14 projects. Computing progress...
2026-05-22T09:46:47.136Z [getAllProjects] Success. Returning response.
2026-05-22T09:54:53.074Z [getAllProjects] Start - User: a6f2643a-6e8f-4bf2-bd33-6e86e4236c71, Org: 17674cf9-9aab-470b-98d9-b65820a3436e
2026-05-22T09:54:53.076Z [getAllProjects] Database and Model verified. Testing connection...
2026-05-22T09:54:53.077Z [getAllProjects] Connection Successful
2026-05-22T09:54:53.078Z [getAllProjects] Fetching paginated projects (page: 1, limit: 10)...
2026-05-22T09:54:53.095Z [getAllProjects] Found 10 projects (Total: 14). Computing progress...
2026-05-22T09:54:53.097Z [getAllProjects] Success. Returning paginated response.
2026-05-22T09:55:17.046Z [getAllProjects] Start - User: a6f2643a-6e8f-4bf2-bd33-6e86e4236c71, Org: 17674cf9-9aab-470b-98d9-b65820a3436e
2026-05-22T09:55:17.051Z [getAllProjects] Database and Model verified. Testing connection...
2026-05-22T09:55:17.054Z [getAllProjects] Connection Successful
2026-05-22T09:55:17.055Z [getAllProjects] Fetching paginated projects (page: 1, limit: 10)...
2026-05-22T09:55:17.077Z [getAllProjects] Found 10 projects (Total: 14). Computing progress...
2026-05-22T09:55:17.078Z [getAllProjects] Success. Returning paginated response.
2026-05-22T09:56:09.093Z [getAllProjects] Start - User: a6f2643a-6e8f-4bf2-bd33-6e86e4236c71, Org: 17674cf9-9aab-470b-98d9-b65820a3436e
2026-05-22T09:56:09.094Z [getAllProjects] Database and Model verified. Testing connection...
2026-05-22T09:56:09.096Z [getAllProjects] Connection Successful
2026-05-22T09:56:09.097Z [getAllProjects] Fetching paginated projects (page: 1, limit: 10)...
2026-05-22T09:56:09.109Z [getAllProjects] Found 10 projects (Total: 14). Computing progress...
2026-05-22T09:56:09.110Z [getAllProjects] Success. Returning paginated response.
2026-05-22T09:56:23.173Z [getAllProjects] Start - User: 454265a3-1777-413b-a49f-8735ef6ffa2a, Org: 17674cf9-9aab-470b-98d9-b65820a3436e
2026-05-22T09:56:23.176Z [getAllProjects] Database and Model verified. Testing connection...
2026-05-22T09:56:23.178Z [getAllProjects] Connection Successful
2026-05-22T09:56:23.179Z [getAllProjects] Fetching all projects (no pagination)...
2026-05-22T09:56:23.208Z [getAllProjects] Found 10 projects. Computing progress...
2026-05-22T09:56:23.210Z [getAllProjects] Success. Returning response.
2026-05-22T09:56:23.231Z [getAllProjects] Start - User: 454265a3-1777-413b-a49f-8735ef6ffa2a, Org: 17674cf9-9aab-470b-98d9-b65820a3436e
2026-05-22T09:56:23.232Z [getAllProjects] Database and Model verified. Testing connection...
2026-05-22T09:56:23.234Z [getAllProjects] Connection Successful
2026-05-22T09:56:23.236Z [getAllProjects] Fetching all projects (no pagination)...
2026-05-22T09:56:23.256Z [getAllProjects] Found 10 projects. Computing progress...
2026-05-22T09:56:23.258Z [getAllProjects] Success. Returning response.
2026-05-22T09:56:25.271Z [getAllProjects] Start - User: 454265a3-1777-413b-a49f-8735ef6ffa2a, Org: 17674cf9-9aab-470b-98d9-b65820a3436e
2026-05-22T09:56:25.272Z [getAllProjects] Database and Model verified. Testing connection...
2026-05-22T09:56:25.274Z [getAllProjects] Connection Successful
2026-05-22T09:56:25.276Z [getAllProjects] Fetching paginated projects (page: 1, limit: 10)...
2026-05-22T09:56:25.288Z [getAllProjects] Found 10 projects (Total: 10). Computing progress...
2026-05-22T09:56:25.290Z [getAllProjects] Success. Returning paginated response.
2026-05-22T09:56:43.785Z [getAllProjects] Start - User: 454265a3-1777-413b-a49f-8735ef6ffa2a, Org: 17674cf9-9aab-470b-98d9-b65820a3436e
2026-05-22T09:56:43.787Z [getAllProjects] Database and Model verified. Testing connection...
2026-05-22T09:56:43.789Z [getAllProjects] Connection Successful
2026-05-22T09:56:43.790Z [getAllProjects] Fetching all projects (no pagination)...
2026-05-22T09:56:43.809Z [getAllProjects] Found 10 projects. Computing progress...
2026-05-22T09:56:43.810Z [getAllProjects] Success. Returning response.
2026-05-22T09:57:02.862Z [getAllProjects] Start - User: 454265a3-1777-413b-a49f-8735ef6ffa2a, Org: 17674cf9-9aab-470b-98d9-b65820a3436e
2026-05-22T09:57:02.864Z [getAllProjects] Database and Model verified. Testing connection...
2026-05-22T09:57:02.865Z [getAllProjects] Connection Successful
2026-05-22T09:57:02.867Z [getAllProjects] Fetching all projects (no pagination)...
2026-05-22T09:57:02.890Z [getAllProjects] Found 10 projects. Computing progress...
2026-05-22T09:57:02.892Z [getAllProjects] Success. Returning response.
2026-05-22T09:57:02.926Z [getAllProjects] Start - User: 454265a3-1777-413b-a49f-8735ef6ffa2a, Org: 17674cf9-9aab-470b-98d9-b65820a3436e
2026-05-22T09:57:02.928Z [getAllProjects] Database and Model verified. Testing connection...
2026-05-22T09:57:02.929Z [getAllProjects] Connection Successful
2026-05-22T09:57:02.930Z [getAllProjects] Fetching all projects (no pagination)...
2026-05-22T09:57:02.947Z [getAllProjects] Found 10 projects. Computing progress...
2026-05-22T09:57:02.949Z [getAllProjects] Success. Returning response.
2026-05-22T09:57:05.070Z [getAllProjects] Start - User: 454265a3-1777-413b-a49f-8735ef6ffa2a, Org: 17674cf9-9aab-470b-98d9-b65820a3436e
2026-05-22T09:57:05.072Z [getAllProjects] Database and Model verified. Testing connection...
2026-05-22T09:57:05.073Z [getAllProjects] Connection Successful
2026-05-22T09:57:05.074Z [getAllProjects] Fetching paginated projects (page: 1, limit: 10)...
2026-05-22T09:57:05.100Z [getAllProjects] Found 10 projects (Total: 10). Computing progress...
2026-05-22T09:57:05.102Z [getAllProjects] Success. Returning paginated response.
2026-05-22T09:57:14.959Z [getAllProjects] Start - User: 454265a3-1777-413b-a49f-8735ef6ffa2a, Org: 17674cf9-9aab-470b-98d9-b65820a3436e
2026-05-22T09:57:14.960Z [getAllProjects] Database and Model verified. Testing connection...
2026-05-22T09:57:14.961Z [getAllProjects] Connection Successful
2026-05-22T09:57:14.962Z [getAllProjects] Fetching paginated projects (page: 1, limit: 10)...
2026-05-22T09:57:14.977Z [getAllProjects] Found 10 projects (Total: 10). Computing progress...
2026-05-22T09:57:14.985Z [getAllProjects] Success. Returning paginated response.
2026-05-22T09:57:29.224Z [getAllProjects] Start - User: 454265a3-1777-413b-a49f-8735ef6ffa2a, Org: 17674cf9-9aab-470b-98d9-b65820a3436e
2026-05-22T09:57:29.225Z [getAllProjects] Database and Model verified. Testing connection...
2026-05-22T09:57:29.227Z [getAllProjects] Connection Successful
2026-05-22T09:57:29.228Z [getAllProjects] Fetching all projects (no pagination)...
2026-05-22T09:57:29.241Z [getAllProjects] Found 10 projects. Computing progress...
2026-05-22T09:57:29.242Z [getAllProjects] Success. Returning response.
2026-05-22T09:57:34.640Z [getAllProjects] Start - User: 168ff0b0-b2a7-493e-91a3-59fa595209d8, Org: 17674cf9-9aab-470b-98d9-b65820a3436e
2026-05-22T09:57:34.642Z [getAllProjects] Database and Model verified. Testing connection...
2026-05-22T09:57:34.643Z [getAllProjects] Connection Successful
2026-05-22T09:57:34.644Z [getAllProjects] Fetching all projects (no pagination)...
2026-05-22T09:57:34.662Z [getAllProjects] Found 4 projects. Computing progress...
2026-05-22T09:57:34.664Z [getAllProjects] Success. Returning response.
2026-05-22T09:57:34.702Z [getAllProjects] Start - User: 168ff0b0-b2a7-493e-91a3-59fa595209d8, Org: 17674cf9-9aab-470b-98d9-b65820a3436e
2026-05-22T09:57:34.705Z [getAllProjects] Database and Model verified. Testing connection...
2026-05-22T09:57:34.706Z [getAllProjects] Connection Successful
2026-05-22T09:57:34.707Z [getAllProjects] Fetching all projects (no pagination)...
2026-05-22T09:57:34.734Z [getAllProjects] Found 4 projects. Computing progress...
2026-05-22T09:57:34.738Z [getAllProjects] Success. Returning response.
2026-05-22T09:57:38.863Z [getAllProjects] Start - User: 168ff0b0-b2a7-493e-91a3-59fa595209d8, Org: 17674cf9-9aab-470b-98d9-b65820a3436e
2026-05-22T09:57:38.865Z [getAllProjects] Database and Model verified. Testing connection...
2026-05-22T09:57:38.867Z [getAllProjects] Connection Successful
2026-05-22T09:57:38.868Z [getAllProjects] Fetching paginated projects (page: 1, limit: 10)...
2026-05-22T09:57:38.886Z [getAllProjects] Found 4 projects (Total: 4). Computing progress...
2026-05-22T09:57:38.888Z [getAllProjects] Success. Returning paginated response.
2026-05-22T09:57:43.160Z [getAllProjects] Start - User: 168ff0b0-b2a7-493e-91a3-59fa595209d8, Org: 17674cf9-9aab-470b-98d9-b65820a3436e
2026-05-22T09:57:43.161Z [getAllProjects] Database and Model verified. Testing connection...
2026-05-22T09:57:43.163Z [getAllProjects] Connection Successful
2026-05-22T09:57:43.164Z [getAllProjects] Fetching all projects (no pagination)...
2026-05-22T09:57:43.179Z [getAllProjects] Found 4 projects. Computing progress...
2026-05-22T09:57:43.181Z [getAllProjects] Success. Returning response.
2026-05-22T09:57:55.806Z [getAllProjects] Start - User: 168ff0b0-b2a7-493e-91a3-59fa595209d8, Org: 17674cf9-9aab-470b-98d9-b65820a3436e
2026-05-22T09:57:55.808Z [getAllProjects] Database and Model verified. Testing connection...
2026-05-22T09:57:55.809Z [getAllProjects] Connection Successful
2026-05-22T09:57:55.810Z [getAllProjects] Fetching all projects (no pagination)...
2026-05-22T09:57:55.821Z [getAllProjects] Found 4 projects. Computing progress...
2026-05-22T09:57:55.823Z [getAllProjects] Success. Returning response.
2026-05-22T09:58:03.499Z [getAllProjects] Start - User: 168ff0b0-b2a7-493e-91a3-59fa595209d8, Org: 17674cf9-9aab-470b-98d9-b65820a3436e
2026-05-22T09:58:03.500Z [getAllProjects] Database and Model verified. Testing connection...
2026-05-22T09:58:03.502Z [getAllProjects] Connection Successful
2026-05-22T09:58:03.503Z [getAllProjects] Fetching all projects (no pagination)...
2026-05-22T09:58:03.521Z [getAllProjects] Found 4 projects. Computing progress...
2026-05-22T09:58:03.523Z [getAllProjects] Success. Returning response.
2026-05-22T09:58:10.616Z [getAllProjects] Start - User: 454265a3-1777-413b-a49f-8735ef6ffa2a, Org: 17674cf9-9aab-470b-98d9-b65820a3436e
2026-05-22T09:58:10.618Z [getAllProjects] Database and Model verified. Testing connection...
2026-05-22T09:58:10.620Z [getAllProjects] Connection Successful
2026-05-22T09:58:10.621Z [getAllProjects] Fetching all projects (no pagination)...
2026-05-22T09:58:10.647Z [getAllProjects] Found 10 projects. Computing progress...
2026-05-22T09:58:10.649Z [getAllProjects] Success. Returning response.
2026-05-22T09:58:10.675Z [getAllProjects] Start - User: 454265a3-1777-413b-a49f-8735ef6ffa2a, Org: 17674cf9-9aab-470b-98d9-b65820a3436e
2026-05-22T09:58:10.676Z [getAllProjects] Database and Model verified. Testing connection...
2026-05-22T09:58:10.677Z [getAllProjects] Connection Successful
2026-05-22T09:58:10.678Z [getAllProjects] Fetching all projects (no pagination)...
2026-05-22T09:58:10.702Z [getAllProjects] Found 10 projects. Computing progress...
2026-05-22T09:58:10.704Z [getAllProjects] Success. Returning response.
2026-05-22T09:58:13.533Z [getAllProjects] Start - User: 454265a3-1777-413b-a49f-8735ef6ffa2a, Org: 17674cf9-9aab-470b-98d9-b65820a3436e
2026-05-22T09:58:13.534Z [getAllProjects] Database and Model verified. Testing connection...
2026-05-22T09:58:13.536Z [getAllProjects] Connection Successful
2026-05-22T09:58:13.537Z [getAllProjects] Fetching paginated projects (page: 1, limit: 10)...
2026-05-22T09:58:13.551Z [getAllProjects] Found 10 projects (Total: 10). Computing progress...
2026-05-22T09:58:13.552Z [getAllProjects] Success. Returning paginated response.
2026-05-22T09:58:13.645Z [getAllProjects] Start - User: 454265a3-1777-413b-a49f-8735ef6ffa2a, Org: 17674cf9-9aab-470b-98d9-b65820a3436e
2026-05-22T09:58:13.646Z [getAllProjects] Database and Model verified. Testing connection...
2026-05-22T09:58:13.648Z [getAllProjects] Connection Successful
2026-05-22T09:58:13.650Z [getAllProjects] Fetching all projects (no pagination)...
2026-05-22T09:58:13.664Z [getAllProjects] Found 10 projects. Computing progress...
2026-05-22T09:58:13.665Z [getAllProjects] Success. Returning response.
2026-05-22T09:58:47.901Z [getAllProjects] Start - User: 454265a3-1777-413b-a49f-8735ef6ffa2a, Org: 17674cf9-9aab-470b-98d9-b65820a3436e
2026-05-22T09:58:47.902Z [getAllProjects] Database and Model verified. Testing connection...
2026-05-22T09:58:47.903Z [getAllProjects] Connection Successful
2026-05-22T09:58:47.904Z [getAllProjects] Fetching paginated projects (page: 1, limit: 10)...
2026-05-22T09:58:47.916Z [getAllProjects] Found 10 projects (Total: 11). Computing progress...
2026-05-22T09:58:47.918Z [getAllProjects] Success. Returning paginated response.
2026-05-22T09:58:58.134Z [getAllProjects] Start - User: 454265a3-1777-413b-a49f-8735ef6ffa2a, Org: 17674cf9-9aab-470b-98d9-b65820a3436e
2026-05-22T09:58:58.135Z [getAllProjects] Database and Model verified. Testing connection...
2026-05-22T09:58:58.138Z [getAllProjects] Connection Successful
2026-05-22T09:58:58.139Z [getAllProjects] Fetching paginated projects (page: 1, limit: 10)...
2026-05-22T09:58:58.156Z [getAllProjects] Found 10 projects (Total: 11). Computing progress...
2026-05-22T09:58:58.159Z [getAllProjects] Success. Returning paginated response.
2026-05-22T09:59:05.647Z [getAllProjects] Start - User: 454265a3-1777-413b-a49f-8735ef6ffa2a, Org: 17674cf9-9aab-470b-98d9-b65820a3436e
2026-05-22T09:59:05.649Z [getAllProjects] Database and Model verified. Testing connection...
2026-05-22T09:59:05.650Z [getAllProjects] Connection Successful
2026-05-22T09:59:05.651Z [getAllProjects] Fetching all projects (no pagination)...
2026-05-22T09:59:05.663Z [getAllProjects] Found 11 projects. Computing progress...
2026-05-22T09:59:05.665Z [getAllProjects] Success. Returning response.
2026-05-22T09:59:11.355Z [getAllProjects] Start - User: 168ff0b0-b2a7-493e-91a3-59fa595209d8, Org: 17674cf9-9aab-470b-98d9-b65820a3436e
2026-05-22T09:59:11.357Z [getAllProjects] Database and Model verified. Testing connection...
2026-05-22T09:59:11.359Z [getAllProjects] Connection Successful
2026-05-22T09:59:11.360Z [getAllProjects] Fetching all projects (no pagination)...
2026-05-22T09:59:11.376Z [getAllProjects] Found 5 projects. Computing progress...
2026-05-22T09:59:11.378Z [getAllProjects] Success. Returning response.
2026-05-22T09:59:11.418Z [getAllProjects] Start - User: 168ff0b0-b2a7-493e-91a3-59fa595209d8, Org: 17674cf9-9aab-470b-98d9-b65820a3436e
2026-05-22T09:59:11.419Z [getAllProjects] Database and Model verified. Testing connection...
2026-05-22T09:59:11.420Z [getAllProjects] Connection Successful
2026-05-22T09:59:11.421Z [getAllProjects] Fetching all projects (no pagination)...
2026-05-22T09:59:11.449Z [getAllProjects] Found 5 projects. Computing progress...
2026-05-22T09:59:11.450Z [getAllProjects] Success. Returning response.
2026-05-22T09:59:14.420Z [getAllProjects] Start - User: 168ff0b0-b2a7-493e-91a3-59fa595209d8, Org: 17674cf9-9aab-470b-98d9-b65820a3436e
2026-05-22T09:59:14.421Z [getAllProjects] Database and Model verified. Testing connection...
2026-05-22T09:59:14.423Z [getAllProjects] Connection Successful
2026-05-22T09:59:14.425Z [getAllProjects] Fetching paginated projects (page: 1, limit: 10)...
2026-05-22T09:59:14.440Z [getAllProjects] Found 5 projects (Total: 5). Computing progress...
2026-05-22T09:59:14.442Z [getAllProjects] Success. Returning paginated response.
2026-05-22T09:59:23.348Z [getAllProjects] Start - User: 168ff0b0-b2a7-493e-91a3-59fa595209d8, Org: 17674cf9-9aab-470b-98d9-b65820a3436e
2026-05-22T09:59:23.349Z [getAllProjects] Database and Model verified. Testing connection...
2026-05-22T09:59:23.350Z [getAllProjects] Connection Successful
2026-05-22T09:59:23.351Z [getAllProjects] Fetching all projects (no pagination)...
2026-05-22T09:59:23.363Z [getAllProjects] Found 5 projects. Computing progress...
2026-05-22T09:59:23.364Z [getAllProjects] Success. Returning response.
2026-05-22T09:59:49.771Z [getAllProjects] Start - User: 168ff0b0-b2a7-493e-91a3-59fa595209d8, Org: 17674cf9-9aab-470b-98d9-b65820a3436e
2026-05-22T09:59:49.772Z [getAllProjects] Database and Model verified. Testing connection...
2026-05-22T09:59:49.774Z [getAllProjects] Connection Successful
2026-05-22T09:59:49.776Z [getAllProjects] Fetching all projects (no pagination)...
2026-05-22T09:59:49.797Z [getAllProjects] Found 5 projects. Computing progress...
2026-05-22T09:59:49.800Z [getAllProjects] Success. Returning response.
2026-05-22T09:59:53.279Z [getAllProjects] Start - User: 168ff0b0-b2a7-493e-91a3-59fa595209d8, Org: 17674cf9-9aab-470b-98d9-b65820a3436e
2026-05-22T09:59:53.281Z [getAllProjects] Database and Model verified. Testing connection...
2026-05-22T09:59:53.282Z [getAllProjects] Connection Successful
2026-05-22T09:59:53.283Z [getAllProjects] Fetching paginated projects (page: 1, limit: 10)...
2026-05-22T09:59:53.310Z [getAllProjects] Found 5 projects (Total: 5). Computing progress...
2026-05-22T09:59:53.311Z [getAllProjects] Success. Returning paginated response.
2026-05-22T09:59:56.938Z [getAllProjects] Start - User: 168ff0b0-b2a7-493e-91a3-59fa595209d8, Org: 17674cf9-9aab-470b-98d9-b65820a3436e
2026-05-22T09:59:56.940Z [getAllProjects] Database and Model verified. Testing connection...
2026-05-22T09:59:56.942Z [getAllProjects] Connection Successful
2026-05-22T09:59:56.943Z [getAllProjects] Fetching all projects (no pagination)...
2026-05-22T09:59:56.954Z [getAllProjects] Found 5 projects. Computing progress...
2026-05-22T09:59:56.956Z [getAllProjects] Success. Returning response.
2026-05-22T10:00:03.578Z [getAllProjects] Start - User: 454265a3-1777-413b-a49f-8735ef6ffa2a, Org: 17674cf9-9aab-470b-98d9-b65820a3436e
2026-05-22T10:00:03.581Z [getAllProjects] Database and Model verified. Testing connection...
2026-05-22T10:00:03.582Z [getAllProjects] Connection Successful
2026-05-22T10:00:03.583Z [getAllProjects] Fetching all projects (no pagination)...
2026-05-22T10:00:03.605Z [getAllProjects] Found 11 projects. Computing progress...
2026-05-22T10:00:03.607Z [getAllProjects] Success. Returning response.
2026-05-22T10:00:03.646Z [getAllProjects] Start - User: 454265a3-1777-413b-a49f-8735ef6ffa2a, Org: 17674cf9-9aab-470b-98d9-b65820a3436e
2026-05-22T10:00:03.654Z [getAllProjects] Database and Model verified. Testing connection...
2026-05-22T10:00:03.670Z [getAllProjects] Connection Successful
2026-05-22T10:00:03.677Z [getAllProjects] Fetching all projects (no pagination)...
2026-05-22T10:00:03.719Z [getAllProjects] Found 11 projects. Computing progress...
2026-05-22T10:00:03.745Z [getAllProjects] Success. Returning response.
2026-05-22T10:00:06.031Z [getAllProjects] Start - User: 454265a3-1777-413b-a49f-8735ef6ffa2a, Org: 17674cf9-9aab-470b-98d9-b65820a3436e
2026-05-22T10:00:06.032Z [getAllProjects] Database and Model verified. Testing connection...
2026-05-22T10:00:06.033Z [getAllProjects] Connection Successful
2026-05-22T10:00:06.034Z [getAllProjects] Fetching paginated projects (page: 1, limit: 10)...
2026-05-22T10:00:06.049Z [getAllProjects] Found 10 projects (Total: 11). Computing progress...
2026-05-22T10:00:06.052Z [getAllProjects] Success. Returning paginated response.
2026-05-22T10:03:40.831Z [getAllProjects] Start - User: 454265a3-1777-413b-a49f-8735ef6ffa2a, Org: 17674cf9-9aab-470b-98d9-b65820a3436e
2026-05-22T10:03:40.833Z [getAllProjects] Database and Model verified. Testing connection...
2026-05-22T10:03:40.835Z [getAllProjects] Connection Successful
2026-05-22T10:03:40.836Z [getAllProjects] Fetching paginated projects (page: 1, limit: 10)...
2026-05-22T10:03:40.850Z [getAllProjects] Found 10 projects (Total: 10). Computing progress...
2026-05-22T10:03:40.852Z [getAllProjects] Success. Returning paginated response.
2026-05-22T10:04:46.058Z [getAllProjects] Start - User: 454265a3-1777-413b-a49f-8735ef6ffa2a, Org: 17674cf9-9aab-470b-98d9-b65820a3436e
2026-05-22T10:04:46.061Z [getAllProjects] Database and Model verified. Testing connection...
2026-05-22T10:04:46.063Z [getAllProjects] Connection Successful
2026-05-22T10:04:46.066Z [getAllProjects] Fetching all projects (no pagination)...
2026-05-22T10:04:46.094Z [getAllProjects] Found 10 projects. Computing progress...
2026-05-22T10:04:46.097Z [getAllProjects] Success. Returning response.
2026-05-22T10:04:49.955Z [getAllProjects] Start - User: 454265a3-1777-413b-a49f-8735ef6ffa2a, Org: 17674cf9-9aab-470b-98d9-b65820a3436e
2026-05-22T10:04:49.956Z [getAllProjects] Database and Model verified. Testing connection...
2026-05-22T10:04:49.958Z [getAllProjects] Connection Successful
2026-05-22T10:04:49.959Z [getAllProjects] Fetching paginated projects (page: 1, limit: 10)...
2026-05-22T10:04:49.999Z [getAllProjects] Found 10 projects (Total: 10). Computing progress...
2026-05-22T10:04:50.001Z [getAllProjects] Success. Returning paginated response.
2026-05-22T10:04:51.289Z [getAllProjects] Start - User: 454265a3-1777-413b-a49f-8735ef6ffa2a, Org: 17674cf9-9aab-470b-98d9-b65820a3436e
2026-05-22T10:04:51.291Z [getAllProjects] Database and Model verified. Testing connection...
2026-05-22T10:04:51.293Z [getAllProjects] Connection Successful
2026-05-22T10:04:51.294Z [getAllProjects] Fetching all projects (no pagination)...
2026-05-22T10:04:51.323Z [getAllProjects] Found 10 projects. Computing progress...
2026-05-22T10:04:51.325Z [getAllProjects] Success. Returning response.
2026-05-22T10:05:27.159Z [getAllProjects] Start - User: 454265a3-1777-413b-a49f-8735ef6ffa2a, Org: 17674cf9-9aab-470b-98d9-b65820a3436e
2026-05-22T10:05:27.162Z [getAllProjects] Database and Model verified. Testing connection...
2026-05-22T10:05:27.165Z [getAllProjects] Connection Successful
2026-05-22T10:05:27.170Z [getAllProjects] Fetching all projects (no pagination)...
2026-05-22T10:05:27.198Z [getAllProjects] Found 10 projects. Computing progress...
2026-05-22T10:05:27.203Z [getAllProjects] Success. Returning response.
2026-05-22T10:05:55.943Z [getAllProjects] Start - User: 454265a3-1777-413b-a49f-8735ef6ffa2a, Org: 17674cf9-9aab-470b-98d9-b65820a3436e
2026-05-22T10:05:55.944Z [getAllProjects] Database and Model verified. Testing connection...
2026-05-22T10:05:55.946Z [getAllProjects] Connection Successful
2026-05-22T10:05:55.948Z [getAllProjects] Fetching paginated projects (page: 1, limit: 10)...
2026-05-22T10:05:55.968Z [getAllProjects] Found 10 projects (Total: 11). Computing progress...
2026-05-22T10:05:55.972Z [getAllProjects] Success. Returning paginated response.
2026-05-22T10:06:07.529Z [getAllProjects] Start - User: 454265a3-1777-413b-a49f-8735ef6ffa2a, Org: 17674cf9-9aab-470b-98d9-b65820a3436e
2026-05-22T10:06:07.531Z [getAllProjects] Database and Model verified. Testing connection...
2026-05-22T10:06:07.532Z [getAllProjects] Connection Successful
2026-05-22T10:06:07.533Z [getAllProjects] Fetching paginated projects (page: 1, limit: 10)...
2026-05-22T10:06:07.549Z [getAllProjects] Found 10 projects (Total: 11). Computing progress...
2026-05-22T10:06:07.550Z [getAllProjects] Success. Returning paginated response.
2026-05-22T10:06:35.607Z [getAllProjects] Start - User: 168ff0b0-b2a7-493e-91a3-59fa595209d8, Org: 17674cf9-9aab-470b-98d9-b65820a3436e
2026-05-22T10:06:35.609Z [getAllProjects] Database and Model verified. Testing connection...
2026-05-22T10:06:35.611Z [getAllProjects] Connection Successful
2026-05-22T10:06:35.613Z [getAllProjects] Fetching all projects (no pagination)...
2026-05-22T10:06:35.643Z [getAllProjects] Found 5 projects. Computing progress...
2026-05-22T10:06:35.645Z [getAllProjects] Success. Returning response.
2026-05-22T10:06:35.742Z [getAllProjects] Start - User: 168ff0b0-b2a7-493e-91a3-59fa595209d8, Org: 17674cf9-9aab-470b-98d9-b65820a3436e
2026-05-22T10:06:35.743Z [getAllProjects] Database and Model verified. Testing connection...
2026-05-22T10:06:35.745Z [getAllProjects] Connection Successful
2026-05-22T10:06:35.746Z [getAllProjects] Fetching all projects (no pagination)...
2026-05-22T10:06:35.775Z [getAllProjects] Found 5 projects. Computing progress...
2026-05-22T10:06:35.776Z [getAllProjects] Success. Returning response.
2026-05-22T10:06:39.056Z [getAllProjects] Start - User: 168ff0b0-b2a7-493e-91a3-59fa595209d8, Org: 17674cf9-9aab-470b-98d9-b65820a3436e
2026-05-22T10:06:39.059Z [getAllProjects] Database and Model verified. Testing connection...
2026-05-22T10:06:39.061Z [getAllProjects] Connection Successful
2026-05-22T10:06:39.063Z [getAllProjects] Fetching paginated projects (page: 1, limit: 10)...
2026-05-22T10:06:39.079Z [getAllProjects] Found 5 projects (Total: 5). Computing progress...
2026-05-22T10:06:39.081Z [getAllProjects] Success. Returning paginated response.
2026-05-22T10:06:43.134Z [getAllProjects] Start - User: 168ff0b0-b2a7-493e-91a3-59fa595209d8, Org: 17674cf9-9aab-470b-98d9-b65820a3436e
2026-05-22T10:06:43.136Z [getAllProjects] Database and Model verified. Testing connection...
2026-05-22T10:06:43.139Z [getAllProjects] Connection Successful
2026-05-22T10:06:43.141Z [getAllProjects] Fetching all projects (no pagination)...
2026-05-22T10:06:43.167Z [getAllProjects] Found 5 projects. Computing progress...
2026-05-22T10:06:43.172Z [getAllProjects] Success. Returning response.
2026-05-22T10:07:01.284Z [getAllProjects] Start - User: 168ff0b0-b2a7-493e-91a3-59fa595209d8, Org: 17674cf9-9aab-470b-98d9-b65820a3436e
2026-05-22T10:07:01.286Z [getAllProjects] Database and Model verified. Testing connection...
2026-05-22T10:07:01.289Z [getAllProjects] Connection Successful
2026-05-22T10:07:01.292Z [getAllProjects] Fetching all projects (no pagination)...
2026-05-22T10:07:01.311Z [getAllProjects] Found 5 projects. Computing progress...
2026-05-22T10:07:01.313Z [getAllProjects] Success. Returning response.
2026-05-22T10:07:20.414Z [getAllProjects] Start - User: 454265a3-1777-413b-a49f-8735ef6ffa2a, Org: 17674cf9-9aab-470b-98d9-b65820a3436e
2026-05-22T10:07:20.417Z [getAllProjects] Database and Model verified. Testing connection...
2026-05-22T10:07:20.418Z [getAllProjects] Connection Successful
2026-05-22T10:07:20.420Z [getAllProjects] Fetching all projects (no pagination)...
2026-05-22T10:07:20.434Z [getAllProjects] Found 11 projects. Computing progress...
2026-05-22T10:07:20.436Z [getAllProjects] Success. Returning response.
2026-05-22T10:07:20.479Z [getAllProjects] Start - User: 454265a3-1777-413b-a49f-8735ef6ffa2a, Org: 17674cf9-9aab-470b-98d9-b65820a3436e
2026-05-22T10:07:20.480Z [getAllProjects] Database and Model verified. Testing connection...
2026-05-22T10:07:20.482Z [getAllProjects] Connection Successful
2026-05-22T10:07:20.483Z [getAllProjects] Fetching all projects (no pagination)...
2026-05-22T10:07:20.502Z [getAllProjects] Found 11 projects. Computing progress...
2026-05-22T10:07:20.504Z [getAllProjects] Success. Returning response.
2026-05-22T10:07:23.302Z [getAllProjects] Start - User: 454265a3-1777-413b-a49f-8735ef6ffa2a, Org: 17674cf9-9aab-470b-98d9-b65820a3436e
2026-05-22T10:07:23.303Z [getAllProjects] Database and Model verified. Testing connection...
2026-05-22T10:07:23.305Z [getAllProjects] Connection Successful
2026-05-22T10:07:23.306Z [getAllProjects] Fetching paginated projects (page: 1, limit: 10)...
2026-05-22T10:07:23.330Z [getAllProjects] Found 10 projects (Total: 11). Computing progress...
2026-05-22T10:07:23.331Z [getAllProjects] Success. Returning paginated response.
2026-05-22T10:09:47.632Z [getAllProjects] Start - User: 454265a3-1777-413b-a49f-8735ef6ffa2a, Org: 17674cf9-9aab-470b-98d9-b65820a3436e
2026-05-22T10:09:47.633Z [getAllProjects] Database and Model verified. Testing connection...
2026-05-22T10:09:47.635Z [getAllProjects] Connection Successful
2026-05-22T10:09:47.636Z [getAllProjects] Fetching paginated projects (page: 1, limit: 10)...
2026-05-22T10:09:47.706Z [getAllProjects] Found 10 projects (Total: 11). Computing progress...
2026-05-22T10:09:47.707Z [getAllProjects] Success. Returning paginated response.
2026-05-22T10:09:50.035Z [getAllProjects] Start - User: 454265a3-1777-413b-a49f-8735ef6ffa2a, Org: 17674cf9-9aab-470b-98d9-b65820a3436e
2026-05-22T10:09:50.037Z [getAllProjects] Database and Model verified. Testing connection...
2026-05-22T10:09:50.039Z [getAllProjects] Connection Successful
2026-05-22T10:09:50.040Z [getAllProjects] Fetching all projects (no pagination)...
2026-05-22T10:09:50.053Z [getAllProjects] Found 11 projects. Computing progress...
2026-05-22T10:09:50.055Z [getAllProjects] Success. Returning response.
2026-05-22T10:09:55.864Z [getAllProjects] Start - User: 168ff0b0-b2a7-493e-91a3-59fa595209d8, Org: 17674cf9-9aab-470b-98d9-b65820a3436e
2026-05-22T10:09:55.865Z [getAllProjects] Database and Model verified. Testing connection...
2026-05-22T10:09:55.867Z [getAllProjects] Connection Successful
2026-05-22T10:09:55.869Z [getAllProjects] Fetching all projects (no pagination)...
2026-05-22T10:09:55.889Z [getAllProjects] Found 5 projects. Computing progress...
2026-05-22T10:09:55.891Z [getAllProjects] Success. Returning response.
2026-05-22T10:09:55.936Z [getAllProjects] Start - User: 168ff0b0-b2a7-493e-91a3-59fa595209d8, Org: 17674cf9-9aab-470b-98d9-b65820a3436e
2026-05-22T10:09:55.938Z [getAllProjects] Database and Model verified. Testing connection...
2026-05-22T10:09:55.940Z [getAllProjects] Connection Successful
2026-05-22T10:09:55.948Z [getAllProjects] Fetching all projects (no pagination)...
2026-05-22T10:09:55.972Z [getAllProjects] Found 5 projects. Computing progress...
2026-05-22T10:09:55.977Z [getAllProjects] Success. Returning response.
2026-05-22T10:10:01.330Z [getAllProjects] Start - User: 168ff0b0-b2a7-493e-91a3-59fa595209d8, Org: 17674cf9-9aab-470b-98d9-b65820a3436e
2026-05-22T10:10:01.332Z [getAllProjects] Database and Model verified. Testing connection...
2026-05-22T10:10:01.333Z [getAllProjects] Connection Successful
2026-05-22T10:10:01.335Z [getAllProjects] Fetching all projects (no pagination)...
2026-05-22T10:10:01.362Z [getAllProjects] Found 5 projects. Computing progress...
2026-05-22T10:10:01.364Z [getAllProjects] Success. Returning response.
2026-05-22T10:18:16.041Z [getAllProjects] Start - User: 168ff0b0-b2a7-493e-91a3-59fa595209d8, Org: 17674cf9-9aab-470b-98d9-b65820a3436e
2026-05-22T10:18:16.044Z [getAllProjects] Database and Model verified. Testing connection...
2026-05-22T10:18:16.046Z [getAllProjects] Connection Successful
2026-05-22T10:18:16.048Z [getAllProjects] Fetching all projects (no pagination)...
2026-05-22T10:18:16.131Z [getAllProjects] Found 5 projects. Computing progress...
2026-05-22T10:18:16.132Z [getAllProjects] Success. Returning response.
2026-05-22T10:18:47.141Z [getAllProjects] Start - User: 168ff0b0-b2a7-493e-91a3-59fa595209d8, Org: 17674cf9-9aab-470b-98d9-b65820a3436e
2026-05-22T10:18:47.144Z [getAllProjects] Database and Model verified. Testing connection...
2026-05-22T10:18:47.145Z [getAllProjects] Connection Successful
2026-05-22T10:18:47.147Z [getAllProjects] Fetching all projects (no pagination)...
2026-05-22T10:18:47.166Z [getAllProjects] Found 5 projects. Computing progress...
2026-05-22T10:18:47.168Z [getAllProjects] Success. Returning response.
2026-05-22T10:19:01.222Z [getAllProjects] Start - User: 168ff0b0-b2a7-493e-91a3-59fa595209d8, Org: 17674cf9-9aab-470b-98d9-b65820a3436e
2026-05-22T10:19:01.224Z [getAllProjects] Database and Model verified. Testing connection...
2026-05-22T10:19:01.225Z [getAllProjects] Connection Successful
2026-05-22T10:19:01.227Z [getAllProjects] Fetching all projects (no pagination)...
2026-05-22T10:19:01.251Z [getAllProjects] Found 5 projects. Computing progress...
2026-05-22T10:19:01.253Z [getAllProjects] Success. Returning response.
2026-05-22T10:20:36.466Z [getAllProjects] Start - User: 168ff0b0-b2a7-493e-91a3-59fa595209d8, Org: 17674cf9-9aab-470b-98d9-b65820a3436e
2026-05-22T10:20:36.468Z [getAllProjects] Database and Model verified. Testing connection...
2026-05-22T10:20:36.470Z [getAllProjects] Connection Successful
2026-05-22T10:20:36.471Z [getAllProjects] Fetching all projects (no pagination)...
2026-05-22T10:20:36.487Z [getAllProjects] Found 5 projects. Computing progress...
2026-05-22T10:20:36.489Z [getAllProjects] Success. Returning response.
2026-05-22T10:20:47.530Z [getAllProjects] Start - User: 454265a3-1777-413b-a49f-8735ef6ffa2a, Org: 17674cf9-9aab-470b-98d9-b65820a3436e
2026-05-22T10:20:47.532Z [getAllProjects] Database and Model verified. Testing connection...
2026-05-22T10:20:47.533Z [getAllProjects] Connection Successful
2026-05-22T10:20:47.535Z [getAllProjects] Fetching all projects (no pagination)...
2026-05-22T10:20:47.556Z [getAllProjects] Found 11 projects. Computing progress...
2026-05-22T10:20:47.558Z [getAllProjects] Success. Returning response.
2026-05-22T10:20:47.598Z [getAllProjects] Start - User: 454265a3-1777-413b-a49f-8735ef6ffa2a, Org: 17674cf9-9aab-470b-98d9-b65820a3436e
2026-05-22T10:20:47.604Z [getAllProjects] Database and Model verified. Testing connection...
2026-05-22T10:20:47.605Z [getAllProjects] Connection Successful
2026-05-22T10:20:47.607Z [getAllProjects] Fetching all projects (no pagination)...
2026-05-22T10:20:47.632Z [getAllProjects] Found 11 projects. Computing progress...
2026-05-22T10:20:47.639Z [getAllProjects] Success. Returning response.
2026-05-22T10:20:50.736Z [getAllProjects] Start - User: 454265a3-1777-413b-a49f-8735ef6ffa2a, Org: 17674cf9-9aab-470b-98d9-b65820a3436e
2026-05-22T10:20:50.738Z [getAllProjects] Database and Model verified. Testing connection...
2026-05-22T10:20:50.739Z [getAllProjects] Connection Successful
2026-05-22T10:20:50.740Z [getAllProjects] Fetching all projects (no pagination)...
2026-05-22T10:20:50.756Z [getAllProjects] Found 11 projects. Computing progress...
2026-05-22T10:20:50.757Z [getAllProjects] Success. Returning response.
2026-05-22T10:20:53.094Z [getAllProjects] Start - User: 454265a3-1777-413b-a49f-8735ef6ffa2a, Org: 17674cf9-9aab-470b-98d9-b65820a3436e
2026-05-22T10:20:53.096Z [getAllProjects] Database and Model verified. Testing connection...
2026-05-22T10:20:53.099Z [getAllProjects] Connection Successful
2026-05-22T10:20:53.100Z [getAllProjects] Fetching paginated projects (page: 1, limit: 10)...
2026-05-22T10:20:53.116Z [getAllProjects] Found 10 projects (Total: 11). Computing progress...
2026-05-22T10:20:53.118Z [getAllProjects] Success. Returning paginated response.
2026-05-22T10:20:58.092Z [getAllProjects] Start - User: 454265a3-1777-413b-a49f-8735ef6ffa2a, Org: 17674cf9-9aab-470b-98d9-b65820a3436e
2026-05-22T10:20:58.093Z [getAllProjects] Database and Model verified. Testing connection...
2026-05-22T10:20:58.094Z [getAllProjects] Connection Successful
2026-05-22T10:20:58.095Z [getAllProjects] Fetching paginated projects (page: 1, limit: 10)...
2026-05-22T10:20:58.107Z [getAllProjects] Found 10 projects (Total: 11). Computing progress...
2026-05-22T10:20:58.109Z [getAllProjects] Success. Returning paginated response.
2026-05-22T10:20:59.740Z [getAllProjects] Start - User: 454265a3-1777-413b-a49f-8735ef6ffa2a, Org: 17674cf9-9aab-470b-98d9-b65820a3436e
2026-05-22T10:20:59.742Z [getAllProjects] Database and Model verified. Testing connection...
2026-05-22T10:20:59.743Z [getAllProjects] Connection Successful
2026-05-22T10:20:59.744Z [getAllProjects] Fetching all projects (no pagination)...
2026-05-22T10:20:59.757Z [getAllProjects] Found 11 projects. Computing progress...
2026-05-22T10:20:59.759Z [getAllProjects] Success. Returning response.
2026-05-22T10:21:05.237Z [getAllProjects] Start - User: 168ff0b0-b2a7-493e-91a3-59fa595209d8, Org: 17674cf9-9aab-470b-98d9-b65820a3436e
2026-05-22T10:21:05.239Z [getAllProjects] Database and Model verified. Testing connection...
2026-05-22T10:21:05.241Z [getAllProjects] Connection Successful
2026-05-22T10:21:05.243Z [getAllProjects] Fetching all projects (no pagination)...
2026-05-22T10:21:05.260Z [getAllProjects] Found 5 projects. Computing progress...
2026-05-22T10:21:05.261Z [getAllProjects] Success. Returning response.
2026-05-22T10:21:05.296Z [getAllProjects] Start - User: 168ff0b0-b2a7-493e-91a3-59fa595209d8, Org: 17674cf9-9aab-470b-98d9-b65820a3436e
2026-05-22T10:21:05.297Z [getAllProjects] Database and Model verified. Testing connection...
2026-05-22T10:21:05.300Z [getAllProjects] Connection Successful
2026-05-22T10:21:05.301Z [getAllProjects] Fetching all projects (no pagination)...
2026-05-22T10:21:05.327Z [getAllProjects] Found 5 projects. Computing progress...
2026-05-22T10:21:05.328Z [getAllProjects] Success. Returning response.
2026-05-22T10:21:07.352Z [getAllProjects] Start - User: 168ff0b0-b2a7-493e-91a3-59fa595209d8, Org: 17674cf9-9aab-470b-98d9-b65820a3436e
2026-05-22T10:21:07.354Z [getAllProjects] Database and Model verified. Testing connection...
2026-05-22T10:21:07.355Z [getAllProjects] Connection Successful
2026-05-22T10:21:07.356Z [getAllProjects] Fetching all projects (no pagination)...
2026-05-22T10:21:07.375Z [getAllProjects] Found 5 projects. Computing progress...
2026-05-22T10:21:07.376Z [getAllProjects] Success. Returning response.
2026-05-22T10:21:35.041Z [getAllProjects] Start - User: 168ff0b0-b2a7-493e-91a3-59fa595209d8, Org: 17674cf9-9aab-470b-98d9-b65820a3436e
2026-05-22T10:21:35.043Z [getAllProjects] Database and Model verified. Testing connection...
2026-05-22T10:21:35.044Z [getAllProjects] Connection Successful
2026-05-22T10:21:35.045Z [getAllProjects] Fetching all projects (no pagination)...
2026-05-22T10:21:35.059Z [getAllProjects] Found 5 projects. Computing progress...
2026-05-22T10:21:35.061Z [getAllProjects] Success. Returning response.
2026-05-22T10:22:04.123Z [getAllProjects] Start - User: 168ff0b0-b2a7-493e-91a3-59fa595209d8, Org: 17674cf9-9aab-470b-98d9-b65820a3436e
2026-05-22T10:22:04.124Z [getAllProjects] Database and Model verified. Testing connection...
2026-05-22T10:22:04.125Z [getAllProjects] Connection Successful
2026-05-22T10:22:04.126Z [getAllProjects] Fetching all projects (no pagination)...
2026-05-22T10:22:04.141Z [getAllProjects] Found 5 projects. Computing progress...
2026-05-22T10:22:04.143Z [getAllProjects] Success. Returning response.
2026-05-22T10:22:04.886Z [getAllProjects] Start - User: 168ff0b0-b2a7-493e-91a3-59fa595209d8, Org: 17674cf9-9aab-470b-98d9-b65820a3436e
2026-05-22T10:22:04.890Z [getAllProjects] Database and Model verified. Testing connection...
2026-05-22T10:22:04.892Z [getAllProjects] Connection Successful
2026-05-22T10:22:04.893Z [getAllProjects] Fetching all projects (no pagination)...
2026-05-22T10:22:04.915Z [getAllProjects] Found 5 projects. Computing progress...
2026-05-22T10:22:04.917Z [getAllProjects] Success. Returning response.
2026-05-22T10:22:10.827Z [getAllProjects] Start - User: 168ff0b0-b2a7-493e-91a3-59fa595209d8, Org: 17674cf9-9aab-470b-98d9-b65820a3436e
2026-05-22T10:22:10.829Z [getAllProjects] Database and Model verified. Testing connection...
2026-05-22T10:22:10.830Z [getAllProjects] Connection Successful
2026-05-22T10:22:10.832Z [getAllProjects] Fetching paginated projects (page: 1, limit: 10)...
2026-05-22T10:22:10.851Z [getAllProjects] Found 5 projects (Total: 5). Computing progress...
2026-05-22T10:22:10.852Z [getAllProjects] Success. Returning paginated response.
2026-05-22T10:23:32.041Z [getAllProjects] Start - User: 454265a3-1777-413b-a49f-8735ef6ffa2a, Org: 17674cf9-9aab-470b-98d9-b65820a3436e
2026-05-22T10:23:32.045Z [getAllProjects] Database and Model verified. Testing connection...
2026-05-22T10:23:32.048Z [getAllProjects] Connection Successful
2026-05-22T10:23:32.050Z [getAllProjects] Fetching all projects (no pagination)...
2026-05-22T10:23:32.072Z [getAllProjects] Found 11 projects. Computing progress...
2026-05-22T10:23:32.073Z [getAllProjects] Success. Returning response.
2026-05-22T10:23:32.193Z [getAllProjects] Start - User: 454265a3-1777-413b-a49f-8735ef6ffa2a, Org: 17674cf9-9aab-470b-98d9-b65820a3436e
2026-05-22T10:23:32.194Z [getAllProjects] Database and Model verified. Testing connection...
2026-05-22T10:23:32.195Z [getAllProjects] Connection Successful
2026-05-22T10:23:32.196Z [getAllProjects] Fetching all projects (no pagination)...
2026-05-22T10:23:32.216Z [getAllProjects] Found 11 projects. Computing progress...
2026-05-22T10:23:32.219Z [getAllProjects] Success. Returning response.
2026-05-22T10:23:34.480Z [getAllProjects] Start - User: 454265a3-1777-413b-a49f-8735ef6ffa2a, Org: 17674cf9-9aab-470b-98d9-b65820a3436e
2026-05-22T10:23:34.481Z [getAllProjects] Database and Model verified. Testing connection...
2026-05-22T10:23:34.484Z [getAllProjects] Connection Successful
2026-05-22T10:23:34.485Z [getAllProjects] Fetching paginated projects (page: 1, limit: 10)...
2026-05-22T10:23:34.507Z [getAllProjects] Found 10 projects (Total: 11). Computing progress...
2026-05-22T10:23:34.509Z [getAllProjects] Success. Returning paginated response.
2026-05-22T10:23:41.038Z [getAllProjects] Start - User: 454265a3-1777-413b-a49f-8735ef6ffa2a, Org: 17674cf9-9aab-470b-98d9-b65820a3436e
2026-05-22T10:23:41.040Z [getAllProjects] Database and Model verified. Testing connection...
2026-05-22T10:23:41.041Z [getAllProjects] Connection Successful
2026-05-22T10:23:41.043Z [getAllProjects] Fetching paginated projects (page: 1, limit: 10)...
2026-05-22T10:23:41.054Z [getAllProjects] Found 10 projects (Total: 10). Computing progress...
2026-05-22T10:23:41.056Z [getAllProjects] Success. Returning paginated response.
2026-05-22T10:23:43.947Z [getAllProjects] Start - User: 454265a3-1777-413b-a49f-8735ef6ffa2a, Org: 17674cf9-9aab-470b-98d9-b65820a3436e
2026-05-22T10:23:43.948Z [getAllProjects] Database and Model verified. Testing connection...
2026-05-22T10:23:43.950Z [getAllProjects] Connection Successful
2026-05-22T10:23:43.951Z [getAllProjects] Fetching all projects (no pagination)...
2026-05-22T10:23:43.963Z [getAllProjects] Found 10 projects. Computing progress...
2026-05-22T10:23:43.965Z [getAllProjects] Success. Returning response.
2026-05-22T10:24:03.302Z [getAllProjects] Start - User: 454265a3-1777-413b-a49f-8735ef6ffa2a, Org: 17674cf9-9aab-470b-98d9-b65820a3436e
2026-05-22T10:24:03.304Z [getAllProjects] Database and Model verified. Testing connection...
2026-05-22T10:24:03.305Z [getAllProjects] Connection Successful
2026-05-22T10:24:03.306Z [getAllProjects] Fetching paginated projects (page: 1, limit: 10)...
2026-05-22T10:24:03.330Z [getAllProjects] Found 10 projects (Total: 11). Computing progress...
2026-05-22T10:24:03.332Z [getAllProjects] Success. Returning paginated response.
2026-05-22T10:24:11.342Z [getAllProjects] Start - User: 454265a3-1777-413b-a49f-8735ef6ffa2a, Org: 17674cf9-9aab-470b-98d9-b65820a3436e
2026-05-22T10:24:11.343Z [getAllProjects] Database and Model verified. Testing connection...
2026-05-22T10:24:11.345Z [getAllProjects] Connection Successful
2026-05-22T10:24:11.345Z [getAllProjects] Fetching paginated projects (page: 1, limit: 10)...
2026-05-22T10:24:11.361Z [getAllProjects] Found 10 projects (Total: 11). Computing progress...
2026-05-22T10:24:11.363Z [getAllProjects] Success. Returning paginated response.
2026-05-22T10:24:13.763Z [getAllProjects] Start - User: 454265a3-1777-413b-a49f-8735ef6ffa2a, Org: 17674cf9-9aab-470b-98d9-b65820a3436e
2026-05-22T10:24:13.765Z [getAllProjects] Database and Model verified. Testing connection...
2026-05-22T10:24:13.766Z [getAllProjects] Connection Successful
2026-05-22T10:24:13.767Z [getAllProjects] Fetching all projects (no pagination)...
2026-05-22T10:24:13.780Z [getAllProjects] Found 11 projects. Computing progress...
2026-05-22T10:24:13.781Z [getAllProjects] Success. Returning response.
2026-05-22T10:24:23.624Z [getAllProjects] Start - User: 168ff0b0-b2a7-493e-91a3-59fa595209d8, Org: 17674cf9-9aab-470b-98d9-b65820a3436e
2026-05-22T10:24:23.627Z [getAllProjects] Database and Model verified. Testing connection...
2026-05-22T10:24:23.630Z [getAllProjects] Connection Successful
2026-05-22T10:24:23.634Z [getAllProjects] Fetching all projects (no pagination)...
2026-05-22T10:24:23.657Z [getAllProjects] Found 5 projects. Computing progress...
2026-05-22T10:24:23.661Z [getAllProjects] Success. Returning response.
2026-05-22T10:24:23.733Z [getAllProjects] Start - User: 168ff0b0-b2a7-493e-91a3-59fa595209d8, Org: 17674cf9-9aab-470b-98d9-b65820a3436e
2026-05-22T10:24:23.735Z [getAllProjects] Database and Model verified. Testing connection...
2026-05-22T10:24:23.743Z [getAllProjects] Connection Successful
2026-05-22T10:24:23.751Z [getAllProjects] Fetching all projects (no pagination)...
2026-05-22T10:24:23.779Z [getAllProjects] Found 5 projects. Computing progress...
2026-05-22T10:24:23.780Z [getAllProjects] Success. Returning response.
2026-05-22T10:24:25.652Z [getAllProjects] Start - User: 168ff0b0-b2a7-493e-91a3-59fa595209d8, Org: 17674cf9-9aab-470b-98d9-b65820a3436e
2026-05-22T10:24:25.655Z [getAllProjects] Database and Model verified. Testing connection...
2026-05-22T10:24:25.656Z [getAllProjects] Connection Successful
2026-05-22T10:24:25.657Z [getAllProjects] Fetching paginated projects (page: 1, limit: 10)...
2026-05-22T10:24:25.668Z [getAllProjects] Found 5 projects (Total: 5). Computing progress...
2026-05-22T10:24:25.670Z [getAllProjects] Success. Returning paginated response.
2026-05-22T10:24:28.038Z [getAllProjects] Start - User: 168ff0b0-b2a7-493e-91a3-59fa595209d8, Org: 17674cf9-9aab-470b-98d9-b65820a3436e
2026-05-22T10:24:28.040Z [getAllProjects] Database and Model verified. Testing connection...
2026-05-22T10:24:28.041Z [getAllProjects] Connection Successful
2026-05-22T10:24:28.042Z [getAllProjects] Fetching all projects (no pagination)...
2026-05-22T10:24:28.060Z [getAllProjects] Found 5 projects. Computing progress...
2026-05-22T10:24:28.061Z [getAllProjects] Success. Returning response.
2026-05-22T10:24:35.568Z [getAllProjects] Start - User: 168ff0b0-b2a7-493e-91a3-59fa595209d8, Org: 17674cf9-9aab-470b-98d9-b65820a3436e
2026-05-22T10:24:35.570Z [getAllProjects] Database and Model verified. Testing connection...
2026-05-22T10:24:35.572Z [getAllProjects] Connection Successful
2026-05-22T10:24:35.574Z [getAllProjects] Fetching paginated projects (page: 1, limit: 10)...
2026-05-22T10:24:35.590Z [getAllProjects] Found 5 projects (Total: 5). Computing progress...
2026-05-22T10:24:35.591Z [getAllProjects] Success. Returning paginated response.
2026-05-22T10:24:40.879Z [getAllProjects] Start - User: 168ff0b0-b2a7-493e-91a3-59fa595209d8, Org: 17674cf9-9aab-470b-98d9-b65820a3436e
2026-05-22T10:24:40.881Z [getAllProjects] Database and Model verified. Testing connection...
2026-05-22T10:24:40.882Z [getAllProjects] Connection Successful
2026-05-22T10:24:40.882Z [getAllProjects] Fetching all projects (no pagination)...
2026-05-22T10:24:40.897Z [getAllProjects] Found 5 projects. Computing progress...
2026-05-22T10:24:40.899Z [getAllProjects] Success. Returning response.
2026-05-22T10:24:48.296Z [getAllProjects] Start - User: 168ff0b0-b2a7-493e-91a3-59fa595209d8, Org: 17674cf9-9aab-470b-98d9-b65820a3436e
2026-05-22T10:24:48.298Z [getAllProjects] Database and Model verified. Testing connection...
2026-05-22T10:24:48.300Z [getAllProjects] Connection Successful
2026-05-22T10:24:48.301Z [getAllProjects] Fetching paginated projects (page: 1, limit: 10)...
2026-05-22T10:24:48.316Z [getAllProjects] Found 5 projects (Total: 5). Computing progress...
2026-05-22T10:24:48.319Z [getAllProjects] Success. Returning paginated response.
2026-05-22T10:24:49.574Z [getAllProjects] Start - User: 168ff0b0-b2a7-493e-91a3-59fa595209d8, Org: 17674cf9-9aab-470b-98d9-b65820a3436e
2026-05-22T10:24:49.577Z [getAllProjects] Database and Model verified. Testing connection...
2026-05-22T10:24:49.579Z [getAllProjects] Connection Successful
2026-05-22T10:24:49.583Z [getAllProjects] Fetching all projects (no pagination)...
2026-05-22T10:24:49.600Z [getAllProjects] Found 5 projects. Computing progress...
2026-05-22T10:24:49.602Z [getAllProjects] Success. Returning response.
2026-05-22T10:35:21.998Z [getAllProjects] Start - User: 168ff0b0-b2a7-493e-91a3-59fa595209d8, Org: 17674cf9-9aab-470b-98d9-b65820a3436e
2026-05-22T10:35:22.001Z [getAllProjects] Database and Model verified. Testing connection...
2026-05-22T10:35:22.002Z [getAllProjects] Connection Successful
2026-05-22T10:35:22.004Z [getAllProjects] Fetching all projects (no pagination)...
2026-05-22T10:35:22.034Z [getAllProjects] Found 5 projects. Computing progress...
2026-05-22T10:35:22.036Z [getAllProjects] Success. Returning response.
2026-05-22T10:37:32.135Z [getAllProjects] Start - User: 168ff0b0-b2a7-493e-91a3-59fa595209d8, Org: 17674cf9-9aab-470b-98d9-b65820a3436e
2026-05-22T10:37:32.136Z [getAllProjects] Database and Model verified. Testing connection...
2026-05-22T10:37:32.137Z [getAllProjects] Connection Successful
2026-05-22T10:37:32.138Z [getAllProjects] Fetching paginated projects (page: 1, limit: 10)...
2026-05-22T10:37:32.166Z [getAllProjects] Found 5 projects (Total: 5). Computing progress...
2026-05-22T10:37:32.167Z [getAllProjects] Success. Returning paginated response.
2026-05-22T10:37:34.375Z [getAllProjects] Start - User: 168ff0b0-b2a7-493e-91a3-59fa595209d8, Org: 17674cf9-9aab-470b-98d9-b65820a3436e
2026-05-22T10:37:34.377Z [getAllProjects] Database and Model verified. Testing connection...
2026-05-22T10:37:34.380Z [getAllProjects] Connection Successful
2026-05-22T10:37:34.381Z [getAllProjects] Fetching all projects (no pagination)...
2026-05-22T10:37:34.396Z [getAllProjects] Found 5 projects. Computing progress...
2026-05-22T10:37:34.398Z [getAllProjects] Success. Returning response.
2026-05-22T10:38:15.997Z [getAllProjects] Start - User: 168ff0b0-b2a7-493e-91a3-59fa595209d8, Org: 17674cf9-9aab-470b-98d9-b65820a3436e
2026-05-22T10:38:16.000Z [getAllProjects] Database and Model verified. Testing connection...
2026-05-22T10:38:16.002Z [getAllProjects] Connection Successful
2026-05-22T10:38:16.003Z [getAllProjects] Fetching all projects (no pagination)...
2026-05-22T10:38:16.023Z [getAllProjects] Found 5 projects. Computing progress...
2026-05-22T10:38:16.026Z [getAllProjects] Success. Returning response.
2026-05-22T10:38:32.657Z [getAllProjects] Start - User: 168ff0b0-b2a7-493e-91a3-59fa595209d8, Org: 17674cf9-9aab-470b-98d9-b65820a3436e
2026-05-22T10:38:32.659Z [getAllProjects] Database and Model verified. Testing connection...
2026-05-22T10:38:32.660Z [getAllProjects] Connection Successful
2026-05-22T10:38:32.662Z [getAllProjects] Fetching all projects (no pagination)...
2026-05-22T10:38:32.675Z [getAllProjects] Found 5 projects. Computing progress...
2026-05-22T10:38:32.677Z [getAllProjects] Success. Returning response.
2026-05-22T10:38:54.897Z [getAllProjects] Start - User: 168ff0b0-b2a7-493e-91a3-59fa595209d8, Org: 17674cf9-9aab-470b-98d9-b65820a3436e
2026-05-22T10:38:54.901Z [getAllProjects] Database and Model verified. Testing connection...
2026-05-22T10:38:54.903Z [getAllProjects] Connection Successful
2026-05-22T10:38:54.905Z [getAllProjects] Fetching all projects (no pagination)...
2026-05-22T10:38:54.927Z [getAllProjects] Found 5 projects. Computing progress...
2026-05-22T10:38:54.929Z [getAllProjects] Success. Returning response.
2026-05-22T10:40:21.672Z [getAllProjects] Start - User: 168ff0b0-b2a7-493e-91a3-59fa595209d8, Org: 17674cf9-9aab-470b-98d9-b65820a3436e
2026-05-22T10:40:21.674Z [getAllProjects] Database and Model verified. Testing connection...
2026-05-22T10:40:21.676Z [getAllProjects] Connection Successful
2026-05-22T10:40:21.679Z [getAllProjects] Fetching all projects (no pagination)...
2026-05-22T10:40:21.704Z [getAllProjects] Found 5 projects. Computing progress...
2026-05-22T10:40:21.705Z [getAllProjects] Success. Returning response.
2026-05-22T10:40:26.607Z [getAllProjects] Start - User: 168ff0b0-b2a7-493e-91a3-59fa595209d8, Org: 17674cf9-9aab-470b-98d9-b65820a3436e
2026-05-22T10:40:26.608Z [getAllProjects] Database and Model verified. Testing connection...
2026-05-22T10:40:26.609Z [getAllProjects] Connection Successful
2026-05-22T10:40:26.610Z [getAllProjects] Fetching all projects (no pagination)...
2026-05-22T10:40:26.636Z [getAllProjects] Found 5 projects. Computing progress...
2026-05-22T10:40:26.638Z [getAllProjects] Success. Returning response.
2026-05-22T10:40:29.489Z [getAllProjects] Start - User: 168ff0b0-b2a7-493e-91a3-59fa595209d8, Org: 17674cf9-9aab-470b-98d9-b65820a3436e
2026-05-22T10:40:29.492Z [getAllProjects] Database and Model verified. Testing connection...
2026-05-22T10:40:29.495Z [getAllProjects] Connection Successful
2026-05-22T10:40:29.497Z [getAllProjects] Fetching all projects (no pagination)...
2026-05-22T10:40:29.512Z [getAllProjects] Found 5 projects. Computing progress...
2026-05-22T10:40:29.513Z [getAllProjects] Success. Returning response.
2026-05-22T10:40:38.948Z [getAllProjects] Start - User: 454265a3-1777-413b-a49f-8735ef6ffa2a, Org: 17674cf9-9aab-470b-98d9-b65820a3436e
2026-05-22T10:40:38.950Z [getAllProjects] Database and Model verified. Testing connection...
2026-05-22T10:40:38.952Z [getAllProjects] Connection Successful
2026-05-22T10:40:38.955Z [getAllProjects] Fetching all projects (no pagination)...
2026-05-22T10:40:38.968Z [getAllProjects] Found 11 projects. Computing progress...
2026-05-22T10:40:38.971Z [getAllProjects] Success. Returning response.
2026-05-22T10:40:39.016Z [getAllProjects] Start - User: 454265a3-1777-413b-a49f-8735ef6ffa2a, Org: 17674cf9-9aab-470b-98d9-b65820a3436e
2026-05-22T10:40:39.026Z [getAllProjects] Database and Model verified. Testing connection...
2026-05-22T10:40:39.054Z [getAllProjects] Connection Successful
2026-05-22T10:40:39.061Z [getAllProjects] Fetching all projects (no pagination)...
2026-05-22T10:40:39.109Z [getAllProjects] Found 11 projects. Computing progress...
2026-05-22T10:40:39.111Z [getAllProjects] Success. Returning response.
2026-05-22T10:40:41.425Z [getAllProjects] Start - User: 454265a3-1777-413b-a49f-8735ef6ffa2a, Org: 17674cf9-9aab-470b-98d9-b65820a3436e
2026-05-22T10:40:41.426Z [getAllProjects] Database and Model verified. Testing connection...
2026-05-22T10:40:41.428Z [getAllProjects] Connection Successful
2026-05-22T10:40:41.430Z [getAllProjects] Fetching paginated projects (page: 1, limit: 10)...
2026-05-22T10:40:41.457Z [getAllProjects] Found 10 projects (Total: 11). Computing progress...
2026-05-22T10:40:41.459Z [getAllProjects] Success. Returning paginated response.
2026-05-22T10:40:45.444Z [getAllProjects] Start - User: 454265a3-1777-413b-a49f-8735ef6ffa2a, Org: 17674cf9-9aab-470b-98d9-b65820a3436e
2026-05-22T10:40:45.446Z [getAllProjects] Database and Model verified. Testing connection...
2026-05-22T10:40:45.447Z [getAllProjects] Connection Successful
2026-05-22T10:40:45.448Z [getAllProjects] Fetching paginated projects (page: 1, limit: 10)...
2026-05-22T10:40:45.464Z [getAllProjects] Found 10 projects (Total: 10). Computing progress...
2026-05-22T10:40:45.466Z [getAllProjects] Success. Returning paginated response.
2026-05-22T10:40:47.578Z [getAllProjects] Start - User: 454265a3-1777-413b-a49f-8735ef6ffa2a, Org: 17674cf9-9aab-470b-98d9-b65820a3436e
2026-05-22T10:40:47.579Z [getAllProjects] Database and Model verified. Testing connection...
2026-05-22T10:40:47.581Z [getAllProjects] Connection Successful
2026-05-22T10:40:47.582Z [getAllProjects] Fetching all projects (no pagination)...
2026-05-22T10:40:47.594Z [getAllProjects] Found 10 projects. Computing progress...
2026-05-22T10:40:47.596Z [getAllProjects] Success. Returning response.
2026-05-22T10:41:05.556Z [getAllProjects] Start - User: 454265a3-1777-413b-a49f-8735ef6ffa2a, Org: 17674cf9-9aab-470b-98d9-b65820a3436e
2026-05-22T10:41:05.558Z [getAllProjects] Database and Model verified. Testing connection...
2026-05-22T10:41:05.559Z [getAllProjects] Connection Successful
2026-05-22T10:41:05.561Z [getAllProjects] Fetching paginated projects (page: 1, limit: 10)...
2026-05-22T10:41:05.573Z [getAllProjects] Found 10 projects (Total: 11). Computing progress...
2026-05-22T10:41:05.575Z [getAllProjects] Success. Returning paginated response.
2026-05-22T10:41:37.853Z [getAllProjects] Start - User: 454265a3-1777-413b-a49f-8735ef6ffa2a, Org: 17674cf9-9aab-470b-98d9-b65820a3436e
2026-05-22T10:41:37.855Z [getAllProjects] Database and Model verified. Testing connection...
2026-05-22T10:41:37.857Z [getAllProjects] Connection Successful
2026-05-22T10:41:37.859Z [getAllProjects] Fetching paginated projects (page: 1, limit: 10)...
2026-05-22T10:41:37.875Z [getAllProjects] Found 10 projects (Total: 11). Computing progress...
2026-05-22T10:41:37.876Z [getAllProjects] Success. Returning paginated response.
2026-05-22T10:41:40.603Z [getAllProjects] Start - User: 454265a3-1777-413b-a49f-8735ef6ffa2a, Org: 17674cf9-9aab-470b-98d9-b65820a3436e
2026-05-22T10:41:40.606Z [getAllProjects] Database and Model verified. Testing connection...
2026-05-22T10:41:40.608Z [getAllProjects] Connection Successful
2026-05-22T10:41:40.611Z [getAllProjects] Fetching all projects (no pagination)...
2026-05-22T10:41:40.632Z [getAllProjects] Found 11 projects. Computing progress...
2026-05-22T10:41:40.636Z [getAllProjects] Success. Returning response.
2026-05-22T10:41:47.991Z [getAllProjects] Start - User: 168ff0b0-b2a7-493e-91a3-59fa595209d8, Org: 17674cf9-9aab-470b-98d9-b65820a3436e
2026-05-22T10:41:47.993Z [getAllProjects] Database and Model verified. Testing connection...
2026-05-22T10:41:47.994Z [getAllProjects] Connection Successful
2026-05-22T10:41:47.997Z [getAllProjects] Fetching all projects (no pagination)...
2026-05-22T10:41:48.018Z [getAllProjects] Found 5 projects. Computing progress...
2026-05-22T10:41:48.021Z [getAllProjects] Success. Returning response.
2026-05-22T10:41:48.052Z [getAllProjects] Start - User: 168ff0b0-b2a7-493e-91a3-59fa595209d8, Org: 17674cf9-9aab-470b-98d9-b65820a3436e
2026-05-22T10:41:48.053Z [getAllProjects] Database and Model verified. Testing connection...
2026-05-22T10:41:48.056Z [getAllProjects] Connection Successful
2026-05-22T10:41:48.057Z [getAllProjects] Fetching all projects (no pagination)...
2026-05-22T10:41:48.081Z [getAllProjects] Found 5 projects. Computing progress...
2026-05-22T10:41:48.083Z [getAllProjects] Success. Returning response.
2026-05-22T10:41:49.681Z [getAllProjects] Start - User: 168ff0b0-b2a7-493e-91a3-59fa595209d8, Org: 17674cf9-9aab-470b-98d9-b65820a3436e
2026-05-22T10:41:49.682Z [getAllProjects] Database and Model verified. Testing connection...
2026-05-22T10:41:49.684Z [getAllProjects] Connection Successful
2026-05-22T10:41:49.685Z [getAllProjects] Fetching paginated projects (page: 1, limit: 10)...
2026-05-22T10:41:49.699Z [getAllProjects] Found 5 projects (Total: 5). Computing progress...
2026-05-22T10:41:49.701Z [getAllProjects] Success. Returning paginated response.
2026-05-22T10:41:50.724Z [getAllProjects] Start - User: 168ff0b0-b2a7-493e-91a3-59fa595209d8, Org: 17674cf9-9aab-470b-98d9-b65820a3436e
2026-05-22T10:41:50.726Z [getAllProjects] Database and Model verified. Testing connection...
2026-05-22T10:41:50.727Z [getAllProjects] Connection Successful
2026-05-22T10:41:50.728Z [getAllProjects] Fetching all projects (no pagination)...
2026-05-22T10:41:50.743Z [getAllProjects] Found 5 projects. Computing progress...
2026-05-22T10:41:50.744Z [getAllProjects] Success. Returning response.
2026-05-22T10:47:48.996Z [getAllProjects] Start - User: 168ff0b0-b2a7-493e-91a3-59fa595209d8, Org: 17674cf9-9aab-470b-98d9-b65820a3436e
2026-05-22T10:47:48.998Z [getAllProjects] Database and Model verified. Testing connection...
2026-05-22T10:47:49.011Z [getAllProjects] Connection Successful
2026-05-22T10:47:49.014Z [getAllProjects] Fetching all projects (no pagination)...
2026-05-22T10:47:49.043Z [getAllProjects] Found 5 projects. Computing progress...
2026-05-22T10:47:49.045Z [getAllProjects] Success. Returning response.
2026-05-22T10:48:00.897Z [getAllProjects] Start - User: 168ff0b0-b2a7-493e-91a3-59fa595209d8, Org: 17674cf9-9aab-470b-98d9-b65820a3436e
2026-05-22T10:48:00.900Z [getAllProjects] Database and Model verified. Testing connection...
2026-05-22T10:48:00.901Z [getAllProjects] Connection Successful
2026-05-22T10:48:00.903Z [getAllProjects] Fetching all projects (no pagination)...
2026-05-22T10:48:00.929Z [getAllProjects] Found 5 projects. Computing progress...
2026-05-22T10:48:00.931Z [getAllProjects] Success. Returning response.
2026-05-22T10:48:11.960Z [getAllProjects] Start - User: 454265a3-1777-413b-a49f-8735ef6ffa2a, Org: 17674cf9-9aab-470b-98d9-b65820a3436e
2026-05-22T10:48:11.963Z [getAllProjects] Database and Model verified. Testing connection...
2026-05-22T10:48:11.965Z [getAllProjects] Connection Successful
2026-05-22T10:48:11.969Z [getAllProjects] Fetching all projects (no pagination)...
2026-05-22T10:48:11.993Z [getAllProjects] Found 11 projects. Computing progress...
2026-05-22T10:48:11.995Z [getAllProjects] Success. Returning response.
2026-05-22T10:48:12.181Z [getAllProjects] Start - User: 454265a3-1777-413b-a49f-8735ef6ffa2a, Org: 17674cf9-9aab-470b-98d9-b65820a3436e
2026-05-22T10:48:12.183Z [getAllProjects] Database and Model verified. Testing connection...
2026-05-22T10:48:12.187Z [getAllProjects] Connection Successful
2026-05-22T10:48:12.189Z [getAllProjects] Fetching all projects (no pagination)...
2026-05-22T10:48:12.220Z [getAllProjects] Found 11 projects. Computing progress...
2026-05-22T10:48:12.222Z [getAllProjects] Success. Returning response.
2026-05-22T10:48:14.580Z [getAllProjects] Start - User: 454265a3-1777-413b-a49f-8735ef6ffa2a, Org: 17674cf9-9aab-470b-98d9-b65820a3436e
2026-05-22T10:48:14.582Z [getAllProjects] Database and Model verified. Testing connection...
2026-05-22T10:48:14.584Z [getAllProjects] Connection Successful
2026-05-22T10:48:14.585Z [getAllProjects] Fetching paginated projects (page: 1, limit: 10)...
2026-05-22T10:48:14.608Z [getAllProjects] Found 10 projects (Total: 11). Computing progress...
2026-05-22T10:48:14.610Z [getAllProjects] Success. Returning paginated response.
2026-05-22T10:48:48.849Z [getAllProjects] Start - User: 454265a3-1777-413b-a49f-8735ef6ffa2a, Org: 17674cf9-9aab-470b-98d9-b65820a3436e
2026-05-22T10:48:48.851Z [getAllProjects] Database and Model verified. Testing connection...
2026-05-22T10:48:48.852Z [getAllProjects] Connection Successful
2026-05-22T10:48:48.854Z [getAllProjects] Fetching paginated projects (page: 1, limit: 10)...
2026-05-22T10:48:48.872Z [getAllProjects] Found 10 projects (Total: 11). Computing progress...
2026-05-22T10:48:48.875Z [getAllProjects] Success. Returning paginated response.
2026-05-22T10:48:51.437Z [getAllProjects] Start - User: 454265a3-1777-413b-a49f-8735ef6ffa2a, Org: 17674cf9-9aab-470b-98d9-b65820a3436e
2026-05-22T10:48:51.439Z [getAllProjects] Database and Model verified. Testing connection...
2026-05-22T10:48:51.440Z [getAllProjects] Connection Successful
2026-05-22T10:48:51.441Z [getAllProjects] Fetching all projects (no pagination)...
2026-05-22T10:48:51.459Z [getAllProjects] Found 11 projects. Computing progress...
2026-05-22T10:48:51.461Z [getAllProjects] Success. Returning response.
2026-05-22T10:48:59.862Z [getAllProjects] Start - User: 168ff0b0-b2a7-493e-91a3-59fa595209d8, Org: 17674cf9-9aab-470b-98d9-b65820a3436e
2026-05-22T10:48:59.865Z [getAllProjects] Database and Model verified. Testing connection...
2026-05-22T10:48:59.867Z [getAllProjects] Connection Successful
2026-05-22T10:48:59.871Z [getAllProjects] Fetching all projects (no pagination)...
2026-05-22T10:48:59.896Z [getAllProjects] Found 5 projects. Computing progress...
2026-05-22T10:48:59.897Z [getAllProjects] Success. Returning response.
2026-05-22T10:48:59.948Z [getAllProjects] Start - User: 168ff0b0-b2a7-493e-91a3-59fa595209d8, Org: 17674cf9-9aab-470b-98d9-b65820a3436e
2026-05-22T10:48:59.951Z [getAllProjects] Database and Model verified. Testing connection...
2026-05-22T10:48:59.953Z [getAllProjects] Connection Successful
2026-05-22T10:48:59.955Z [getAllProjects] Fetching all projects (no pagination)...
2026-05-22T10:48:59.979Z [getAllProjects] Found 5 projects. Computing progress...
2026-05-22T10:48:59.981Z [getAllProjects] Success. Returning response.
2026-05-22T10:49:02.436Z [getAllProjects] Start - User: 168ff0b0-b2a7-493e-91a3-59fa595209d8, Org: 17674cf9-9aab-470b-98d9-b65820a3436e
2026-05-22T10:49:02.439Z [getAllProjects] Database and Model verified. Testing connection...
2026-05-22T10:49:02.442Z [getAllProjects] Connection Successful
2026-05-22T10:49:02.444Z [getAllProjects] Fetching all projects (no pagination)...
2026-05-22T10:49:02.463Z [getAllProjects] Found 5 projects. Computing progress...
2026-05-22T10:49:02.465Z [getAllProjects] Success. Returning response.
2026-05-22T10:49:05.708Z [getAllProjects] Start - User: 168ff0b0-b2a7-493e-91a3-59fa595209d8, Org: 17674cf9-9aab-470b-98d9-b65820a3436e
2026-05-22T10:49:05.709Z [getAllProjects] Database and Model verified. Testing connection...
2026-05-22T10:49:05.710Z [getAllProjects] Connection Successful
2026-05-22T10:49:05.711Z [getAllProjects] Fetching all projects (no pagination)...
2026-05-22T10:49:05.730Z [getAllProjects] Found 5 projects. Computing progress...
2026-05-22T10:49:05.732Z [getAllProjects] Success. Returning response.
2026-05-22T10:50:03.860Z [getAllProjects] Start - User: 168ff0b0-b2a7-493e-91a3-59fa595209d8, Org: 17674cf9-9aab-470b-98d9-b65820a3436e
2026-05-22T10:50:03.861Z [getAllProjects] Database and Model verified. Testing connection...
2026-05-22T10:50:03.863Z [getAllProjects] Connection Successful
2026-05-22T10:50:03.864Z [getAllProjects] Fetching all projects (no pagination)...
2026-05-22T10:50:03.877Z [getAllProjects] Found 5 projects. Computing progress...
2026-05-22T10:50:03.878Z [getAllProjects] Success. Returning response.
2026-05-22T10:50:13.461Z [getAllProjects] Start - User: 454265a3-1777-413b-a49f-8735ef6ffa2a, Org: 17674cf9-9aab-470b-98d9-b65820a3436e
2026-05-22T10:50:13.464Z [getAllProjects] Database and Model verified. Testing connection...
2026-05-22T10:50:13.466Z [getAllProjects] Connection Successful
2026-05-22T10:50:13.467Z [getAllProjects] Fetching all projects (no pagination)...
2026-05-22T10:50:13.502Z [getAllProjects] Found 11 projects. Computing progress...
2026-05-22T10:50:13.504Z [getAllProjects] Success. Returning response.
2026-05-22T10:50:13.530Z [getAllProjects] Start - User: 454265a3-1777-413b-a49f-8735ef6ffa2a, Org: 17674cf9-9aab-470b-98d9-b65820a3436e
2026-05-22T10:50:13.531Z [getAllProjects] Database and Model verified. Testing connection...
2026-05-22T10:50:13.532Z [getAllProjects] Connection Successful
2026-05-22T10:50:13.533Z [getAllProjects] Fetching all projects (no pagination)...
2026-05-22T10:50:13.545Z [getAllProjects] Found 11 projects. Computing progress...
2026-05-22T10:50:13.547Z [getAllProjects] Success. Returning response.
2026-05-22T10:50:15.269Z [getAllProjects] Start - User: 454265a3-1777-413b-a49f-8735ef6ffa2a, Org: 17674cf9-9aab-470b-98d9-b65820a3436e
2026-05-22T10:50:15.271Z [getAllProjects] Database and Model verified. Testing connection...
2026-05-22T10:50:15.272Z [getAllProjects] Connection Successful
2026-05-22T10:50:15.273Z [getAllProjects] Fetching paginated projects (page: 1, limit: 10)...
2026-05-22T10:50:15.287Z [getAllProjects] Found 10 projects (Total: 11). Computing progress...
2026-05-22T10:50:15.288Z [getAllProjects] Success. Returning paginated response.
2026-05-22T10:50:15.864Z [getAllProjects] Start - User: 454265a3-1777-413b-a49f-8735ef6ffa2a, Org: 17674cf9-9aab-470b-98d9-b65820a3436e
2026-05-22T10:50:15.866Z [getAllProjects] Database and Model verified. Testing connection...
2026-05-22T10:50:15.867Z [getAllProjects] Connection Successful
2026-05-22T10:50:15.868Z [getAllProjects] Fetching all projects (no pagination)...
2026-05-22T10:50:15.884Z [getAllProjects] Found 11 projects. Computing progress...
2026-05-22T10:50:15.886Z [getAllProjects] Success. Returning response.
2026-05-22T10:50:17.744Z [getAllProjects] Start - User: 454265a3-1777-413b-a49f-8735ef6ffa2a, Org: 17674cf9-9aab-470b-98d9-b65820a3436e
2026-05-22T10:50:17.746Z [getAllProjects] Database and Model verified. Testing connection...
2026-05-22T10:50:17.747Z [getAllProjects] Connection Successful
2026-05-22T10:50:17.748Z [getAllProjects] Fetching paginated projects (page: 1, limit: 10)...
2026-05-22T10:50:17.763Z [getAllProjects] Found 10 projects (Total: 11). Computing progress...
2026-05-22T10:50:17.765Z [getAllProjects] Success. Returning paginated response.
2026-05-22T10:50:25.747Z [getAllProjects] Start - User: 454265a3-1777-413b-a49f-8735ef6ffa2a, Org: 17674cf9-9aab-470b-98d9-b65820a3436e
2026-05-22T10:50:25.748Z [getAllProjects] Database and Model verified. Testing connection...
2026-05-22T10:50:25.749Z [getAllProjects] Connection Successful
2026-05-22T10:50:25.750Z [getAllProjects] Fetching paginated projects (page: 1, limit: 10)...
2026-05-22T10:50:25.763Z [getAllProjects] Found 10 projects (Total: 11). Computing progress...
2026-05-22T10:50:25.764Z [getAllProjects] Success. Returning paginated response.
2026-05-22T10:50:32.915Z [getAllProjects] Start - User: 454265a3-1777-413b-a49f-8735ef6ffa2a, Org: 17674cf9-9aab-470b-98d9-b65820a3436e
2026-05-22T10:50:32.916Z [getAllProjects] Database and Model verified. Testing connection...
2026-05-22T10:50:32.918Z [getAllProjects] Connection Successful
2026-05-22T10:50:32.919Z [getAllProjects] Fetching paginated projects (page: 1, limit: 10)...
2026-05-22T10:50:32.931Z [getAllProjects] Found 10 projects (Total: 11). Computing progress...
2026-05-22T10:50:32.932Z [getAllProjects] Success. Returning paginated response.
2026-05-22T10:50:40.039Z [getAllProjects] Start - User: 454265a3-1777-413b-a49f-8735ef6ffa2a, Org: 17674cf9-9aab-470b-98d9-b65820a3436e
2026-05-22T10:50:40.041Z [getAllProjects] Database and Model verified. Testing connection...
2026-05-22T10:50:40.043Z [getAllProjects] Connection Successful
2026-05-22T10:50:40.044Z [getAllProjects] Fetching paginated projects (page: 1, limit: 10)...
2026-05-22T10:50:40.056Z [getAllProjects] Found 10 projects (Total: 11). Computing progress...
2026-05-22T10:50:40.059Z [getAllProjects] Success. Returning paginated response.
2026-05-22T10:50:51.579Z [getAllProjects] Start - User: 454265a3-1777-413b-a49f-8735ef6ffa2a, Org: 17674cf9-9aab-470b-98d9-b65820a3436e
2026-05-22T10:50:51.581Z [getAllProjects] Database and Model verified. Testing connection...
2026-05-22T10:50:51.582Z [getAllProjects] Connection Successful
2026-05-22T10:50:51.584Z [getAllProjects] Fetching all projects (no pagination)...
2026-05-22T10:50:51.598Z [getAllProjects] Found 11 projects. Computing progress...
2026-05-22T10:50:51.599Z [getAllProjects] Success. Returning response.
2026-05-22T10:50:57.271Z [getAllProjects] Start - User: 168ff0b0-b2a7-493e-91a3-59fa595209d8, Org: 17674cf9-9aab-470b-98d9-b65820a3436e
2026-05-22T10:50:57.273Z [getAllProjects] Database and Model verified. Testing connection...
2026-05-22T10:50:57.275Z [getAllProjects] Connection Successful
2026-05-22T10:50:57.277Z [getAllProjects] Fetching all projects (no pagination)...
2026-05-22T10:50:57.298Z [getAllProjects] Found 5 projects. Computing progress...
2026-05-22T10:50:57.300Z [getAllProjects] Success. Returning response.
2026-05-22T10:50:57.332Z [getAllProjects] Start - User: 168ff0b0-b2a7-493e-91a3-59fa595209d8, Org: 17674cf9-9aab-470b-98d9-b65820a3436e
2026-05-22T10:50:57.333Z [getAllProjects] Database and Model verified. Testing connection...
2026-05-22T10:50:57.334Z [getAllProjects] Connection Successful
2026-05-22T10:50:57.335Z [getAllProjects] Fetching all projects (no pagination)...
2026-05-22T10:50:57.365Z [getAllProjects] Found 5 projects. Computing progress...
2026-05-22T10:50:57.367Z [getAllProjects] Success. Returning response.
2026-05-22T10:51:00.616Z [getAllProjects] Start - User: 168ff0b0-b2a7-493e-91a3-59fa595209d8, Org: 17674cf9-9aab-470b-98d9-b65820a3436e
2026-05-22T10:51:00.618Z [getAllProjects] Database and Model verified. Testing connection...
2026-05-22T10:51:00.619Z [getAllProjects] Connection Successful
2026-05-22T10:51:00.621Z [getAllProjects] Fetching all projects (no pagination)...
2026-05-22T10:51:00.641Z [getAllProjects] Found 5 projects. Computing progress...
2026-05-22T10:51:00.643Z [getAllProjects] Success. Returning response.
2026-05-22T10:51:14.917Z [getAllProjects] Start - User: 168ff0b0-b2a7-493e-91a3-59fa595209d8, Org: 17674cf9-9aab-470b-98d9-b65820a3436e
2026-05-22T10:51:14.919Z [getAllProjects] Database and Model verified. Testing connection...
2026-05-22T10:51:14.920Z [getAllProjects] Connection Successful
2026-05-22T10:51:14.921Z [getAllProjects] Fetching all projects (no pagination)...
2026-05-22T10:51:14.937Z [getAllProjects] Found 5 projects. Computing progress...
2026-05-22T10:51:14.940Z [getAllProjects] Success. Returning response.
2026-05-22T10:51:21.342Z [getAllProjects] Start - User: 168ff0b0-b2a7-493e-91a3-59fa595209d8, Org: 17674cf9-9aab-470b-98d9-b65820a3436e
2026-05-22T10:51:21.344Z [getAllProjects] Database and Model verified. Testing connection...
2026-05-22T10:51:21.345Z [getAllProjects] Connection Successful
2026-05-22T10:51:21.346Z [getAllProjects] Fetching all projects (no pagination)...
2026-05-22T10:51:21.369Z [getAllProjects] Found 5 projects. Computing progress...
2026-05-22T10:51:21.372Z [getAllProjects] Success. Returning response.
2026-05-22T11:02:08.788Z [getAllProjects] Start - User: 454265a3-1777-413b-a49f-8735ef6ffa2a, Org: 17674cf9-9aab-470b-98d9-b65820a3436e
2026-05-22T11:02:08.790Z [getAllProjects] Database and Model verified. Testing connection...
2026-05-22T11:02:08.791Z [getAllProjects] Connection Successful
2026-05-22T11:02:08.793Z [getAllProjects] Fetching all projects (no pagination)...
2026-05-22T11:02:08.815Z [getAllProjects] Found 11 projects. Computing progress...
2026-05-22T11:02:08.817Z [getAllProjects] Success. Returning response.
2026-05-22T11:02:13.274Z [getAllProjects] Start - User: 454265a3-1777-413b-a49f-8735ef6ffa2a, Org: 17674cf9-9aab-470b-98d9-b65820a3436e
2026-05-22T11:02:13.278Z [getAllProjects] Database and Model verified. Testing connection...
2026-05-22T11:02:13.280Z [getAllProjects] Connection Successful
2026-05-22T11:02:13.284Z [getAllProjects] Fetching all projects (no pagination)...
2026-05-22T11:02:13.307Z [getAllProjects] Found 11 projects. Computing progress...
2026-05-22T11:02:13.310Z [getAllProjects] Success. Returning response.
2026-05-22T11:02:23.570Z [getAllProjects] Start - User: 454265a3-1777-413b-a49f-8735ef6ffa2a, Org: 17674cf9-9aab-470b-98d9-b65820a3436e
2026-05-22T11:02:23.572Z [getAllProjects] Database and Model verified. Testing connection...
2026-05-22T11:02:23.573Z [getAllProjects] Connection Successful
2026-05-22T11:02:23.575Z [getAllProjects] Fetching all projects (no pagination)...
2026-05-22T11:02:23.586Z [getAllProjects] Found 11 projects. Computing progress...
2026-05-22T11:02:23.588Z [getAllProjects] Success. Returning response.
2026-05-22T11:02:29.599Z [getAllProjects] Start - User: 454265a3-1777-413b-a49f-8735ef6ffa2a, Org: 17674cf9-9aab-470b-98d9-b65820a3436e
2026-05-22T11:02:29.601Z [getAllProjects] Database and Model verified. Testing connection...
2026-05-22T11:02:29.603Z [getAllProjects] Connection Successful
2026-05-22T11:02:29.605Z [getAllProjects] Fetching paginated projects (page: 1, limit: 10)...
2026-05-22T11:02:29.621Z [getAllProjects] Found 10 projects (Total: 11). Computing progress...
2026-05-22T11:02:29.622Z [getAllProjects] Success. Returning paginated response.
2026-05-22T11:02:35.104Z [getAllProjects] Start - User: 454265a3-1777-413b-a49f-8735ef6ffa2a, Org: 17674cf9-9aab-470b-98d9-b65820a3436e
2026-05-22T11:02:35.105Z [getAllProjects] Database and Model verified. Testing connection...
2026-05-22T11:02:35.107Z [getAllProjects] Connection Successful
2026-05-22T11:02:35.108Z [getAllProjects] Fetching all projects (no pagination)...
2026-05-22T11:02:35.125Z [getAllProjects] Found 11 projects. Computing progress...
2026-05-22T11:02:35.127Z [getAllProjects] Success. Returning response.
2026-05-22T11:04:38.577Z [getAllProjects] Start - User: 454265a3-1777-413b-a49f-8735ef6ffa2a, Org: 17674cf9-9aab-470b-98d9-b65820a3436e
2026-05-22T11:04:38.578Z [getAllProjects] Database and Model verified. Testing connection...
2026-05-22T11:04:38.579Z [getAllProjects] Connection Successful
2026-05-22T11:04:38.581Z [getAllProjects] Fetching all projects (no pagination)...
2026-05-22T11:04:38.593Z [getAllProjects] Found 11 projects. Computing progress...
2026-05-22T11:04:38.594Z [getAllProjects] Success. Returning response.
2026-05-22T11:04:54.658Z [getAllProjects] Start - User: 454265a3-1777-413b-a49f-8735ef6ffa2a, Org: 17674cf9-9aab-470b-98d9-b65820a3436e
2026-05-22T11:04:54.660Z [getAllProjects] Database and Model verified. Testing connection...
2026-05-22T11:04:54.662Z [getAllProjects] Connection Successful
2026-05-22T11:04:54.663Z [getAllProjects] Fetching paginated projects (page: 1, limit: 10)...
2026-05-22T11:04:54.674Z [getAllProjects] Found 10 projects (Total: 11). Computing progress...
2026-05-22T11:04:54.675Z [getAllProjects] Success. Returning paginated response.
2026-05-22T11:05:29.942Z [getAllProjects] Start - User: 454265a3-1777-413b-a49f-8735ef6ffa2a, Org: 17674cf9-9aab-470b-98d9-b65820a3436e
2026-05-22T11:05:29.943Z [getAllProjects] Database and Model verified. Testing connection...
2026-05-22T11:05:29.944Z [getAllProjects] Connection Successful
2026-05-22T11:05:29.945Z [getAllProjects] Fetching paginated projects (page: 1, limit: 10)...
2026-05-22T11:05:29.963Z [getAllProjects] Found 10 projects (Total: 11). Computing progress...
2026-05-22T11:05:29.965Z [getAllProjects] Success. Returning paginated response.
2026-05-22T11:13:09.454Z [getAllProjects] Start - User: 454265a3-1777-413b-a49f-8735ef6ffa2a, Org: 17674cf9-9aab-470b-98d9-b65820a3436e
2026-05-22T11:13:09.456Z [getAllProjects] Database and Model verified. Testing connection...
2026-05-22T11:13:09.457Z [getAllProjects] Connection Successful
2026-05-22T11:13:09.458Z [getAllProjects] Fetching all projects (no pagination)...
2026-05-22T11:13:09.473Z [getAllProjects] Found 11 projects. Computing progress...
2026-05-22T11:13:09.475Z [getAllProjects] Success. Returning response.
2026-05-22T11:13:39.211Z [getAllProjects] Start - User: 454265a3-1777-413b-a49f-8735ef6ffa2a, Org: 17674cf9-9aab-470b-98d9-b65820a3436e
2026-05-22T11:13:39.212Z [getAllProjects] Database and Model verified. Testing connection...
2026-05-22T11:13:39.214Z [getAllProjects] Connection Successful
2026-05-22T11:13:39.215Z [getAllProjects] Fetching paginated projects (page: 1, limit: 10)...
2026-05-22T11:13:39.228Z [getAllProjects] Found 10 projects (Total: 12). Computing progress...
2026-05-22T11:13:39.231Z [getAllProjects] Success. Returning paginated response.
2026-05-22T11:13:48.076Z [getAllProjects] Start - User: 454265a3-1777-413b-a49f-8735ef6ffa2a, Org: 17674cf9-9aab-470b-98d9-b65820a3436e
2026-05-22T11:13:48.078Z [getAllProjects] Database and Model verified. Testing connection...
2026-05-22T11:13:48.079Z [getAllProjects] Connection Successful
2026-05-22T11:13:48.080Z [getAllProjects] Fetching paginated projects (page: 1, limit: 10)...
2026-05-22T11:13:48.098Z [getAllProjects] Found 10 projects (Total: 11). Computing progress...
2026-05-22T11:13:48.101Z [getAllProjects] Success. Returning paginated response.
2026-05-22T11:16:59.356Z [getAllProjects] Start - User: a6f2643a-6e8f-4bf2-bd33-6e86e4236c71, Org: 17674cf9-9aab-470b-98d9-b65820a3436e
2026-05-22T11:16:59.359Z [getAllProjects] Database and Model verified. Testing connection...
2026-05-22T11:16:59.361Z [getAllProjects] Connection Successful
2026-05-22T11:16:59.363Z [getAllProjects] Fetching all projects (no pagination)...
2026-05-22T11:16:59.390Z [getAllProjects] Found 15 projects. Computing progress...
2026-05-22T11:16:59.392Z [getAllProjects] Success. Returning response.
2026-05-22T11:18:05.472Z [getAllProjects] Start - User: a6f2643a-6e8f-4bf2-bd33-6e86e4236c71, Org: 17674cf9-9aab-470b-98d9-b65820a3436e
2026-05-22T11:18:05.474Z [getAllProjects] Database and Model verified. Testing connection...
2026-05-22T11:18:05.476Z [getAllProjects] Connection Successful
2026-05-22T11:18:05.477Z [getAllProjects] Fetching paginated projects (page: 1, limit: 10)...
2026-05-22T11:18:05.500Z [getAllProjects] Found 10 projects (Total: 15). Computing progress...
2026-05-22T11:18:05.502Z [getAllProjects] Success. Returning paginated response.
2026-05-22T11:18:09.057Z [getAllProjects] Start - User: a6f2643a-6e8f-4bf2-bd33-6e86e4236c71, Org: 17674cf9-9aab-470b-98d9-b65820a3436e
2026-05-22T11:18:09.061Z [getAllProjects] Database and Model verified. Testing connection...
2026-05-22T11:18:09.063Z [getAllProjects] Connection Successful
2026-05-22T11:18:09.065Z [getAllProjects] Fetching all projects (no pagination)...
2026-05-22T11:18:09.081Z [getAllProjects] Found 15 projects. Computing progress...
2026-05-22T11:18:09.085Z [getAllProjects] Success. Returning response.
2026-05-22T11:18:30.126Z [getAllProjects] Start - User: a6f2643a-6e8f-4bf2-bd33-6e86e4236c71, Org: 17674cf9-9aab-470b-98d9-b65820a3436e
2026-05-22T11:18:30.128Z [getAllProjects] Database and Model verified. Testing connection...
2026-05-22T11:18:30.130Z [getAllProjects] Connection Successful
2026-05-22T11:18:30.131Z [getAllProjects] Fetching all projects (no pagination)...
2026-05-22T11:18:30.152Z [getAllProjects] Found 15 projects. Computing progress...
2026-05-22T11:18:30.154Z [getAllProjects] Success. Returning response.
2026-05-22T11:18:42.196Z [getAllProjects] Start - User: a6f2643a-6e8f-4bf2-bd33-6e86e4236c71, Org: 17674cf9-9aab-470b-98d9-b65820a3436e
2026-05-22T11:18:42.199Z [getAllProjects] Database and Model verified. Testing connection...
2026-05-22T11:18:42.201Z [getAllProjects] Connection Successful
2026-05-22T11:18:42.203Z [getAllProjects] Fetching all projects (no pagination)...
2026-05-22T11:18:42.233Z [getAllProjects] Found 15 projects. Computing progress...
2026-05-22T11:18:42.235Z [getAllProjects] Success. Returning response.
2026-05-22T11:19:03.661Z [getAllProjects] Start - User: a6f2643a-6e8f-4bf2-bd33-6e86e4236c71, Org: 17674cf9-9aab-470b-98d9-b65820a3436e
2026-05-22T11:19:03.663Z [getAllProjects] Database and Model verified. Testing connection...
2026-05-22T11:19:03.665Z [getAllProjects] Connection Successful
2026-05-22T11:19:03.666Z [getAllProjects] Fetching all projects (no pagination)...
2026-05-22T11:19:03.679Z [getAllProjects] Found 15 projects. Computing progress...
2026-05-22T11:19:03.682Z [getAllProjects] Success. Returning response.
2026-05-22T11:19:05.925Z [getAllProjects] Start - User: a6f2643a-6e8f-4bf2-bd33-6e86e4236c71, Org: 17674cf9-9aab-470b-98d9-b65820a3436e
2026-05-22T11:19:05.927Z [getAllProjects] Database and Model verified. Testing connection...
2026-05-22T11:19:05.929Z [getAllProjects] Connection Successful
2026-05-22T11:19:05.931Z [getAllProjects] Fetching paginated projects (page: 1, limit: 10)...
2026-05-22T11:19:05.943Z [getAllProjects] Found 10 projects (Total: 15). Computing progress...
2026-05-22T11:19:05.946Z [getAllProjects] Success. Returning paginated response.
2026-05-22T11:19:55.184Z [getAllProjects] Start - User: a6f2643a-6e8f-4bf2-bd33-6e86e4236c71, Org: 17674cf9-9aab-470b-98d9-b65820a3436e
2026-05-22T11:19:55.186Z [getAllProjects] Database and Model verified. Testing connection...
2026-05-22T11:19:55.188Z [getAllProjects] Connection Successful
2026-05-22T11:19:55.189Z [getAllProjects] Fetching all projects (no pagination)...
2026-05-22T11:19:55.203Z [getAllProjects] Found 15 projects. Computing progress...
2026-05-22T11:19:55.204Z [getAllProjects] Success. Returning response.
2026-05-22T11:21:03.734Z [getAllProjects] Start - User: a6f2643a-6e8f-4bf2-bd33-6e86e4236c71, Org: 17674cf9-9aab-470b-98d9-b65820a3436e
2026-05-22T11:21:03.736Z [getAllProjects] Database and Model verified. Testing connection...
2026-05-22T11:21:03.737Z [getAllProjects] Connection Successful
2026-05-22T11:21:03.738Z [getAllProjects] Fetching all projects (no pagination)...
2026-05-22T11:21:03.748Z [getAllProjects] Found 15 projects. Computing progress...
2026-05-22T11:21:03.749Z [getAllProjects] Success. Returning response.
2026-05-22T11:21:04.239Z [getAllProjects] Start - User: a6f2643a-6e8f-4bf2-bd33-6e86e4236c71, Org: 17674cf9-9aab-470b-98d9-b65820a3436e
2026-05-22T11:21:04.240Z [getAllProjects] Database and Model verified. Testing connection...
2026-05-22T11:21:04.242Z [getAllProjects] Connection Successful
2026-05-22T11:21:04.243Z [getAllProjects] Fetching paginated projects (page: 1, limit: 10)...
2026-05-22T11:21:04.255Z [getAllProjects] Found 10 projects (Total: 15). Computing progress...
2026-05-22T11:21:04.256Z [getAllProjects] Success. Returning paginated response.
2026-05-22T11:21:24.791Z [getAllProjects] Start - User: a6f2643a-6e8f-4bf2-bd33-6e86e4236c71, Org: 17674cf9-9aab-470b-98d9-b65820a3436e
2026-05-22T11:21:24.793Z [getAllProjects] Database and Model verified. Testing connection...
2026-05-22T11:21:24.795Z [getAllProjects] Connection Successful
2026-05-22T11:21:24.797Z [getAllProjects] Fetching paginated projects (page: 1, limit: 10)...
2026-05-22T11:21:24.823Z [getAllProjects] Found 10 projects (Total: 15). Computing progress...
2026-05-22T11:21:24.825Z [getAllProjects] Success. Returning paginated response.
2026-05-22T11:21:39.222Z [getAllProjects] Start - User: a6f2643a-6e8f-4bf2-bd33-6e86e4236c71, Org: 17674cf9-9aab-470b-98d9-b65820a3436e
2026-05-22T11:21:39.226Z [getAllProjects] Database and Model verified. Testing connection...
2026-05-22T11:21:39.228Z [getAllProjects] Connection Successful
2026-05-22T11:21:39.230Z [getAllProjects] Fetching paginated projects (page: 2, limit: 10)...
2026-05-22T11:21:39.241Z [getAllProjects] Found 5 projects (Total: 15). Computing progress...
2026-05-22T11:21:39.243Z [getAllProjects] Success. Returning paginated response.
2026-05-22T11:22:21.849Z [getAllProjects] Start - User: a6f2643a-6e8f-4bf2-bd33-6e86e4236c71, Org: 17674cf9-9aab-470b-98d9-b65820a3436e
2026-05-22T11:22:21.851Z [getAllProjects] Database and Model verified. Testing connection...
2026-05-22T11:22:21.852Z [getAllProjects] Connection Successful
2026-05-22T11:22:21.853Z [getAllProjects] Fetching all projects (no pagination)...
2026-05-22T11:22:21.863Z [getAllProjects] Found 15 projects. Computing progress...
2026-05-22T11:22:21.865Z [getAllProjects] Success. Returning response.
2026-05-22T11:22:27.646Z [getAllProjects] Start - User: a6f2643a-6e8f-4bf2-bd33-6e86e4236c71, Org: 17674cf9-9aab-470b-98d9-b65820a3436e
2026-05-22T11:22:27.650Z [getAllProjects] Database and Model verified. Testing connection...
2026-05-22T11:22:27.652Z [getAllProjects] Connection Successful
2026-05-22T11:22:27.654Z [getAllProjects] Fetching all projects (no pagination)...
2026-05-22T11:22:27.670Z [getAllProjects] Found 15 projects. Computing progress...
2026-05-22T11:22:27.672Z [getAllProjects] Success. Returning response.
2026-05-22T11:22:28.193Z [getAllProjects] Start - User: a6f2643a-6e8f-4bf2-bd33-6e86e4236c71, Org: 17674cf9-9aab-470b-98d9-b65820a3436e
2026-05-22T11:22:28.195Z [getAllProjects] Database and Model verified. Testing connection...
2026-05-22T11:22:28.198Z [getAllProjects] Connection Successful
2026-05-22T11:22:28.200Z [getAllProjects] Fetching all projects (no pagination)...
2026-05-22T11:22:28.211Z [getAllProjects] Found 15 projects. Computing progress...
2026-05-22T11:22:28.213Z [getAllProjects] Success. Returning response.
2026-05-22T11:23:04.639Z [getAllProjects] Start - User: a6f2643a-6e8f-4bf2-bd33-6e86e4236c71, Org: 17674cf9-9aab-470b-98d9-b65820a3436e
2026-05-22T11:23:04.641Z [getAllProjects] Database and Model verified. Testing connection...
2026-05-22T11:23:04.642Z [getAllProjects] Connection Successful
2026-05-22T11:23:04.643Z [getAllProjects] Fetching all projects (no pagination)...
2026-05-22T11:23:04.654Z [getAllProjects] Found 15 projects. Computing progress...
2026-05-22T11:23:04.656Z [getAllProjects] Success. Returning response.
2026-05-22T11:27:05.610Z [getAllProjects] Start - User: a6f2643a-6e8f-4bf2-bd33-6e86e4236c71, Org: 17674cf9-9aab-470b-98d9-b65820a3436e
2026-05-22T11:27:05.611Z [getAllProjects] Database and Model verified. Testing connection...
2026-05-22T11:27:05.612Z [getAllProjects] Connection Successful
2026-05-22T11:27:05.614Z [getAllProjects] Fetching paginated projects (page: 1, limit: 10)...
2026-05-22T11:27:05.623Z [getAllProjects] Found 10 projects (Total: 15). Computing progress...
2026-05-22T11:27:05.625Z [getAllProjects] Success. Returning paginated response.
2026-05-22T11:28:48.053Z [getAllProjects] Start - User: a6f2643a-6e8f-4bf2-bd33-6e86e4236c71, Org: 17674cf9-9aab-470b-98d9-b65820a3436e
2026-05-22T11:28:48.057Z [getAllProjects] Database and Model verified. Testing connection...
2026-05-22T11:28:48.060Z [getAllProjects] Connection Successful
2026-05-22T11:28:48.063Z [getAllProjects] Fetching paginated projects (page: 1, limit: 10)...
2026-05-22T11:28:48.163Z [getAllProjects] Found 10 projects (Total: 15). Computing progress...
2026-05-22T11:28:48.165Z [getAllProjects] Success. Returning paginated response.
2026-05-22T11:31:45.108Z [getAllProjects] Start - User: a6f2643a-6e8f-4bf2-bd33-6e86e4236c71, Org: 17674cf9-9aab-470b-98d9-b65820a3436e
2026-05-22T11:31:45.110Z [getAllProjects] Database and Model verified. Testing connection...
2026-05-22T11:31:45.112Z [getAllProjects] Connection Successful
2026-05-22T11:31:45.113Z [getAllProjects] Fetching all projects (no pagination)...
2026-05-22T11:31:45.126Z [getAllProjects] Found 15 projects. Computing progress...
2026-05-22T11:31:45.128Z [getAllProjects] Success. Returning response.
2026-05-22T11:32:01.732Z [getAllProjects] Start - User: a6f2643a-6e8f-4bf2-bd33-6e86e4236c71, Org: 17674cf9-9aab-470b-98d9-b65820a3436e
2026-05-22T11:32:01.734Z [getAllProjects] Database and Model verified. Testing connection...
2026-05-22T11:32:01.735Z [getAllProjects] Connection Successful
2026-05-22T11:32:01.736Z [getAllProjects] Fetching paginated projects (page: 1, limit: 10)...
2026-05-22T11:32:01.746Z [getAllProjects] Found 10 projects (Total: 15). Computing progress...
2026-05-22T11:32:01.747Z [getAllProjects] Success. Returning paginated response.
2026-05-22T11:34:25.627Z [getAllProjects] Start - User: a6f2643a-6e8f-4bf2-bd33-6e86e4236c71, Org: 17674cf9-9aab-470b-98d9-b65820a3436e
2026-05-22T11:34:25.629Z [getAllProjects] Database and Model verified. Testing connection...
2026-05-22T11:34:25.630Z [getAllProjects] Connection Successful
2026-05-22T11:34:25.631Z [getAllProjects] Fetching paginated projects (page: 1, limit: 10)...
2026-05-22T11:34:25.698Z [getAllProjects] Found 10 projects (Total: 15). Computing progress...
2026-05-22T11:34:25.699Z [getAllProjects] Success. Returning paginated response.
2026-05-22T11:35:29.666Z [getAllProjects] Start - User: a6f2643a-6e8f-4bf2-bd33-6e86e4236c71, Org: 17674cf9-9aab-470b-98d9-b65820a3436e
2026-05-22T11:35:29.667Z [getAllProjects] Database and Model verified. Testing connection...
2026-05-22T11:35:29.669Z [getAllProjects] Connection Successful
2026-05-22T11:35:29.670Z [getAllProjects] Fetching all projects (no pagination)...
2026-05-22T11:35:29.681Z [getAllProjects] Found 15 projects. Computing progress...
2026-05-22T11:35:29.682Z [getAllProjects] Success. Returning response.
2026-05-22T11:35:31.448Z [getAllProjects] Start - User: a6f2643a-6e8f-4bf2-bd33-6e86e4236c71, Org: 17674cf9-9aab-470b-98d9-b65820a3436e
2026-05-22T11:35:31.453Z [getAllProjects] Database and Model verified. Testing connection...
2026-05-22T11:35:31.456Z [getAllProjects] Connection Successful
2026-05-22T11:35:31.457Z [getAllProjects] Fetching all projects (no pagination)...
2026-05-22T11:35:31.470Z [getAllProjects] Found 15 projects. Computing progress...
2026-05-22T11:35:31.473Z [getAllProjects] Success. Returning response.
2026-05-22T12:26:43.384Z [getAllProjects] Start - User: a6f2643a-6e8f-4bf2-bd33-6e86e4236c71, Org: 17674cf9-9aab-470b-98d9-b65820a3436e
2026-05-22T12:26:43.387Z [getAllProjects] Database and Model verified. Testing connection...
2026-05-22T12:26:43.389Z [getAllProjects] Connection Successful
2026-05-22T12:26:43.391Z [getAllProjects] Fetching all projects (no pagination)...
2026-05-22T12:26:43.419Z [getAllProjects] Found 15 projects. Computing progress...
2026-05-22T12:26:43.421Z [getAllProjects] Success. Returning response.
2026-05-22T12:50:27.507Z [getAllProjects] Start - User: a6f2643a-6e8f-4bf2-bd33-6e86e4236c71, Org: 17674cf9-9aab-470b-98d9-b65820a3436e
2026-05-22T12:50:27.510Z [getAllProjects] Database and Model verified. Testing connection...
2026-05-22T12:50:27.512Z [getAllProjects] Connection Successful
2026-05-22T12:50:27.513Z [getAllProjects] Fetching all projects (no pagination)...
2026-05-22T12:50:27.631Z [getAllProjects] Found 15 projects. Computing progress...
2026-05-22T12:50:27.634Z [getAllProjects] Success. Returning response.
2026-05-22T12:50:37.580Z [getAllProjects] Start - User: a6f2643a-6e8f-4bf2-bd33-6e86e4236c71, Org: 17674cf9-9aab-470b-98d9-b65820a3436e
2026-05-22T12:50:37.583Z [getAllProjects] Database and Model verified. Testing connection...
2026-05-22T12:50:37.586Z [getAllProjects] Connection Successful
2026-05-22T12:50:37.587Z [getAllProjects] Fetching all projects (no pagination)...
2026-05-22T12:50:37.607Z [getAllProjects] Found 15 projects. Computing progress...
2026-05-22T12:50:37.609Z [getAllProjects] Success. Returning response.
2026-05-22T12:50:40.539Z [getAllProjects] Start - User: a6f2643a-6e8f-4bf2-bd33-6e86e4236c71, Org: 17674cf9-9aab-470b-98d9-b65820a3436e
2026-05-22T12:50:40.542Z [getAllProjects] Database and Model verified. Testing connection...
2026-05-22T12:50:40.544Z [getAllProjects] Connection Successful
2026-05-22T12:50:40.545Z [getAllProjects] Fetching paginated projects (page: 1, limit: 10)...
2026-05-22T12:50:40.562Z [getAllProjects] Found 10 projects (Total: 15). Computing progress...
2026-05-22T12:50:40.565Z [getAllProjects] Success. Returning paginated response.
2026-05-22T12:50:44.213Z [getAllProjects] Start - User: a6f2643a-6e8f-4bf2-bd33-6e86e4236c71, Org: 17674cf9-9aab-470b-98d9-b65820a3436e
2026-05-22T12:50:44.215Z [getAllProjects] Database and Model verified. Testing connection...
2026-05-22T12:50:44.216Z [getAllProjects] Connection Successful
2026-05-22T12:50:44.217Z [getAllProjects] Fetching paginated projects (page: 1, limit: 10)...
2026-05-22T12:50:44.228Z [getAllProjects] Found 10 projects (Total: 14). Computing progress...
2026-05-22T12:50:44.229Z [getAllProjects] Success. Returning paginated response.
2026-05-22T12:50:49.578Z [getAllProjects] Start - User: a6f2643a-6e8f-4bf2-bd33-6e86e4236c71, Org: 17674cf9-9aab-470b-98d9-b65820a3436e
2026-05-22T12:50:49.579Z [getAllProjects] Database and Model verified. Testing connection...
2026-05-22T12:50:49.581Z [getAllProjects] Connection Successful
2026-05-22T12:50:49.583Z [getAllProjects] Fetching paginated projects (page: 1, limit: 10)...
2026-05-22T12:50:49.594Z [getAllProjects] Found 10 projects (Total: 13). Computing progress...
2026-05-22T12:50:49.595Z [getAllProjects] Success. Returning paginated response.
2026-05-22T12:51:10.249Z [getAllProjects] Start - User: a6f2643a-6e8f-4bf2-bd33-6e86e4236c71, Org: 17674cf9-9aab-470b-98d9-b65820a3436e
2026-05-22T12:51:10.251Z [getAllProjects] Database and Model verified. Testing connection...
2026-05-22T12:51:10.253Z [getAllProjects] Connection Successful
2026-05-22T12:51:10.255Z [getAllProjects] Fetching paginated projects (page: 1, limit: 10)...
2026-05-22T12:51:10.265Z [getAllProjects] Found 10 projects (Total: 12). Computing progress...
2026-05-22T12:51:10.267Z [getAllProjects] Success. Returning paginated response.
2026-05-22T12:51:14.504Z [getAllProjects] Start - User: a6f2643a-6e8f-4bf2-bd33-6e86e4236c71, Org: 17674cf9-9aab-470b-98d9-b65820a3436e
2026-05-22T12:51:14.506Z [getAllProjects] Database and Model verified. Testing connection...
2026-05-22T12:51:14.507Z [getAllProjects] Connection Successful
2026-05-22T12:51:14.509Z [getAllProjects] Fetching paginated projects (page: 1, limit: 10)...
2026-05-22T12:51:14.518Z [getAllProjects] Found 10 projects (Total: 11). Computing progress...
2026-05-22T12:51:14.520Z [getAllProjects] Success. Returning paginated response.
2026-05-22T12:51:18.047Z [getAllProjects] Start - User: a6f2643a-6e8f-4bf2-bd33-6e86e4236c71, Org: 17674cf9-9aab-470b-98d9-b65820a3436e
2026-05-22T12:51:18.048Z [getAllProjects] Database and Model verified. Testing connection...
2026-05-22T12:51:18.049Z [getAllProjects] Connection Successful
2026-05-22T12:51:18.051Z [getAllProjects] Fetching paginated projects (page: 1, limit: 10)...
2026-05-22T12:51:18.062Z [getAllProjects] Found 10 projects (Total: 10). Computing progress...
2026-05-22T12:51:18.063Z [getAllProjects] Success. Returning paginated response.
2026-05-22T12:51:39.279Z [getAllProjects] Start - User: a6f2643a-6e8f-4bf2-bd33-6e86e4236c71, Org: 17674cf9-9aab-470b-98d9-b65820a3436e
2026-05-22T12:51:39.281Z [getAllProjects] Database and Model verified. Testing connection...
2026-05-22T12:51:39.282Z [getAllProjects] Connection Successful
2026-05-22T12:51:39.283Z [getAllProjects] Fetching paginated projects (page: 1, limit: 10)...
2026-05-22T12:51:39.293Z [getAllProjects] Found 9 projects (Total: 9). Computing progress...
2026-05-22T12:51:39.295Z [getAllProjects] Success. Returning paginated response.
2026-05-22T12:51:42.649Z [getAllProjects] Start - User: a6f2643a-6e8f-4bf2-bd33-6e86e4236c71, Org: 17674cf9-9aab-470b-98d9-b65820a3436e
2026-05-22T12:51:42.650Z [getAllProjects] Database and Model verified. Testing connection...
2026-05-22T12:51:42.651Z [getAllProjects] Connection Successful
2026-05-22T12:51:42.653Z [getAllProjects] Fetching paginated projects (page: 1, limit: 10)...
2026-05-22T12:51:42.662Z [getAllProjects] Found 8 projects (Total: 8). Computing progress...
2026-05-22T12:51:42.663Z [getAllProjects] Success. Returning paginated response.
2026-05-22T12:51:54.456Z [getAllProjects] Start - User: a6f2643a-6e8f-4bf2-bd33-6e86e4236c71, Org: 17674cf9-9aab-470b-98d9-b65820a3436e
2026-05-22T12:51:54.458Z [getAllProjects] Database and Model verified. Testing connection...
2026-05-22T12:51:54.460Z [getAllProjects] Connection Successful
2026-05-22T12:51:54.461Z [getAllProjects] Fetching all projects (no pagination)...
2026-05-22T12:51:54.472Z [getAllProjects] Found 8 projects. Computing progress...
2026-05-22T12:51:54.474Z [getAllProjects] Success. Returning response.
2026-05-22T12:51:59.149Z [getAllProjects] Start - User: a6f2643a-6e8f-4bf2-bd33-6e86e4236c71, Org: 17674cf9-9aab-470b-98d9-b65820a3436e
2026-05-22T12:51:59.151Z [getAllProjects] Database and Model verified. Testing connection...
2026-05-22T12:51:59.152Z [getAllProjects] Connection Successful
2026-05-22T12:51:59.154Z [getAllProjects] Fetching all projects (no pagination)...
2026-05-22T12:51:59.164Z [getAllProjects] Found 8 projects. Computing progress...
2026-05-22T12:51:59.166Z [getAllProjects] Success. Returning response.
2026-05-22T12:52:07.152Z [getAllProjects] Start - User: a6f2643a-6e8f-4bf2-bd33-6e86e4236c71, Org: 17674cf9-9aab-470b-98d9-b65820a3436e
2026-05-22T12:52:07.154Z [getAllProjects] Database and Model verified. Testing connection...
2026-05-22T12:52:07.155Z [getAllProjects] Connection Successful
2026-05-22T12:52:07.156Z [getAllProjects] Fetching all projects (no pagination)...
2026-05-22T12:52:07.168Z [getAllProjects] Found 8 projects. Computing progress...
2026-05-22T12:52:07.169Z [getAllProjects] Success. Returning response.
2026-05-22T12:52:20.618Z [getAllProjects] Start - User: a6f2643a-6e8f-4bf2-bd33-6e86e4236c71, Org: 17674cf9-9aab-470b-98d9-b65820a3436e
2026-05-22T12:52:20.621Z [getAllProjects] Database and Model verified. Testing connection...
2026-05-22T12:52:20.622Z [getAllProjects] Connection Successful
2026-05-22T12:52:20.624Z [getAllProjects] Fetching all projects (no pagination)...
2026-05-22T12:52:20.633Z [getAllProjects] Found 8 projects. Computing progress...
2026-05-22T12:52:20.634Z [getAllProjects] Success. Returning response.
2026-05-22T12:53:03.244Z [getAllProjects] Start - User: a6f2643a-6e8f-4bf2-bd33-6e86e4236c71, Org: 17674cf9-9aab-470b-98d9-b65820a3436e
2026-05-22T12:53:03.245Z [getAllProjects] Database and Model verified. Testing connection...
2026-05-22T12:53:03.246Z [getAllProjects] Connection Successful
2026-05-22T12:53:03.248Z [getAllProjects] Fetching paginated projects (page: 1, limit: 10)...
2026-05-22T12:53:03.259Z [getAllProjects] Found 8 projects (Total: 8). Computing progress...
2026-05-22T12:53:03.261Z [getAllProjects] Success. Returning paginated response.
2026-05-22T12:53:09.549Z [getAllProjects] Start - User: a6f2643a-6e8f-4bf2-bd33-6e86e4236c71, Org: 17674cf9-9aab-470b-98d9-b65820a3436e
2026-05-22T12:53:09.550Z [getAllProjects] Database and Model verified. Testing connection...
2026-05-22T12:53:09.551Z [getAllProjects] Connection Successful
2026-05-22T12:53:09.552Z [getAllProjects] Fetching paginated projects (page: 1, limit: 10)...
2026-05-22T12:53:09.568Z [getAllProjects] Found 7 projects (Total: 7). Computing progress...
2026-05-22T12:53:09.570Z [getAllProjects] Success. Returning paginated response.
2026-05-22T12:53:12.184Z [getAllProjects] Start - User: a6f2643a-6e8f-4bf2-bd33-6e86e4236c71, Org: 17674cf9-9aab-470b-98d9-b65820a3436e
2026-05-22T12:53:12.186Z [getAllProjects] Database and Model verified. Testing connection...
2026-05-22T12:53:12.188Z [getAllProjects] Connection Successful
2026-05-22T12:53:12.189Z [getAllProjects] Fetching all projects (no pagination)...
2026-05-22T12:53:12.198Z [getAllProjects] Found 7 projects. Computing progress...
2026-05-22T12:53:12.199Z [getAllProjects] Success. Returning response.
2026-05-22T12:57:08.900Z [getAllProjects] Start - User: a6f2643a-6e8f-4bf2-bd33-6e86e4236c71, Org: 17674cf9-9aab-470b-98d9-b65820a3436e
2026-05-22T12:57:08.901Z [getAllProjects] Database and Model verified. Testing connection...
2026-05-22T12:57:08.902Z [getAllProjects] Connection Successful
2026-05-22T12:57:08.903Z [getAllProjects] Fetching paginated projects (page: 1, limit: 10)...
2026-05-22T12:57:08.916Z [getAllProjects] Found 7 projects (Total: 7). Computing progress...
2026-05-22T12:57:08.918Z [getAllProjects] Success. Returning paginated response.
2026-05-22T13:00:24.975Z [getAllProjects] Start - User: a6f2643a-6e8f-4bf2-bd33-6e86e4236c71, Org: 17674cf9-9aab-470b-98d9-b65820a3436e
2026-05-22T13:00:24.976Z [getAllProjects] Database and Model verified. Testing connection...
2026-05-22T13:00:24.977Z [getAllProjects] Connection Successful
2026-05-22T13:00:24.979Z [getAllProjects] Fetching paginated projects (page: 1, limit: 10)...
2026-05-22T13:00:25.051Z [getAllProjects] Found 7 projects (Total: 7). Computing progress...
2026-05-22T13:00:25.053Z [getAllProjects] Success. Returning paginated response.
2026-05-22T13:08:27.931Z [getAllProjects] Start - User: 168ff0b0-b2a7-493e-91a3-59fa595209d8, Org: 17674cf9-9aab-470b-98d9-b65820a3436e
2026-05-22T13:08:27.936Z [getAllProjects] Database and Model verified. Testing connection...
2026-05-22T13:08:27.939Z [getAllProjects] Connection Successful
2026-05-22T13:08:27.942Z [getAllProjects] Fetching all projects (no pagination)...
2026-05-22T13:08:27.963Z [getAllProjects] Found 3 projects. Computing progress...
2026-05-22T13:08:27.964Z [getAllProjects] Success. Returning response.
2026-05-22T13:08:27.988Z [getAllProjects] Start - User: 168ff0b0-b2a7-493e-91a3-59fa595209d8, Org: 17674cf9-9aab-470b-98d9-b65820a3436e
2026-05-22T13:08:27.990Z [getAllProjects] Database and Model verified. Testing connection...
2026-05-22T13:08:27.990Z [getAllProjects] Connection Successful
2026-05-22T13:08:27.991Z [getAllProjects] Fetching all projects (no pagination)...
2026-05-22T13:08:28.018Z [getAllProjects] Found 3 projects. Computing progress...
2026-05-22T13:08:28.019Z [getAllProjects] Success. Returning response.
2026-05-22T13:08:30.115Z [getAllProjects] Start - User: 168ff0b0-b2a7-493e-91a3-59fa595209d8, Org: 17674cf9-9aab-470b-98d9-b65820a3436e
2026-05-22T13:08:30.118Z [getAllProjects] Database and Model verified. Testing connection...
2026-05-22T13:08:30.119Z [getAllProjects] Connection Successful
2026-05-22T13:08:30.121Z [getAllProjects] Fetching all projects (no pagination)...
2026-05-22T13:08:30.144Z [getAllProjects] Found 3 projects. Computing progress...
2026-05-22T13:08:30.145Z [getAllProjects] Success. Returning response.
2026-05-22T13:10:20.109Z [getAllProjects] Start - User: 168ff0b0-b2a7-493e-91a3-59fa595209d8, Org: 17674cf9-9aab-470b-98d9-b65820a3436e
2026-05-22T13:10:20.111Z [getAllProjects] Database and Model verified. Testing connection...
2026-05-22T13:10:20.112Z [getAllProjects] Connection Successful
2026-05-22T13:10:20.113Z [getAllProjects] Fetching all projects (no pagination)...
2026-05-22T13:10:20.128Z [getAllProjects] Found 3 projects. Computing progress...
2026-05-22T13:10:20.131Z [getAllProjects] Success. Returning response.
2026-05-22T13:10:30.547Z [getAllProjects] Start - User: 168ff0b0-b2a7-493e-91a3-59fa595209d8, Org: 17674cf9-9aab-470b-98d9-b65820a3436e
2026-05-22T13:10:30.548Z [getAllProjects] Database and Model verified. Testing connection...
2026-05-22T13:10:30.549Z [getAllProjects] Connection Successful
2026-05-22T13:10:30.550Z [getAllProjects] Fetching all projects (no pagination)...
2026-05-22T13:10:30.570Z [getAllProjects] Found 3 projects. Computing progress...
2026-05-22T13:10:30.571Z [getAllProjects] Success. Returning response.
2026-05-22T13:12:59.827Z [getAllProjects] Start - User: 168ff0b0-b2a7-493e-91a3-59fa595209d8, Org: 17674cf9-9aab-470b-98d9-b65820a3436e
2026-05-22T13:12:59.829Z [getAllProjects] Database and Model verified. Testing connection...
2026-05-22T13:12:59.831Z [getAllProjects] Connection Successful
2026-05-22T13:12:59.832Z [getAllProjects] Fetching all projects (no pagination)...
2026-05-22T13:12:59.842Z [getAllProjects] Found 3 projects. Computing progress...
2026-05-22T13:12:59.844Z [getAllProjects] Success. Returning response.
2026-05-22T13:14:30.449Z [getAllProjects] Start - User: 168ff0b0-b2a7-493e-91a3-59fa595209d8, Org: 17674cf9-9aab-470b-98d9-b65820a3436e
2026-05-22T13:14:30.451Z [getAllProjects] Database and Model verified. Testing connection...
2026-05-22T13:14:30.452Z [getAllProjects] Connection Successful
2026-05-22T13:14:30.454Z [getAllProjects] Fetching all projects (no pagination)...
2026-05-22T13:14:30.474Z [getAllProjects] Found 3 projects. Computing progress...
2026-05-22T13:14:30.475Z [getAllProjects] Success. Returning response.
2026-05-22T13:15:55.102Z [getAllProjects] Start - User: 168ff0b0-b2a7-493e-91a3-59fa595209d8, Org: 17674cf9-9aab-470b-98d9-b65820a3436e
2026-05-22T13:15:55.104Z [getAllProjects] Database and Model verified. Testing connection...
2026-05-22T13:15:55.106Z [getAllProjects] Connection Successful
2026-05-22T13:15:55.107Z [getAllProjects] Fetching all projects (no pagination)...
2026-05-22T13:15:55.121Z [getAllProjects] Found 3 projects. Computing progress...
2026-05-22T13:15:55.122Z [getAllProjects] Success. Returning response.
2026-05-22T13:16:03.832Z [getAllProjects] Start - User: 168ff0b0-b2a7-493e-91a3-59fa595209d8, Org: 17674cf9-9aab-470b-98d9-b65820a3436e
2026-05-22T13:16:03.835Z [getAllProjects] Database and Model verified. Testing connection...
2026-05-22T13:16:03.837Z [getAllProjects] Connection Successful
2026-05-22T13:16:03.839Z [getAllProjects] Fetching all projects (no pagination)...
2026-05-22T13:16:03.864Z [getAllProjects] Found 3 projects. Computing progress...
2026-05-22T13:16:03.865Z [getAllProjects] Success. Returning response.
2026-05-22T13:16:09.816Z [getAllProjects] Start - User: 168ff0b0-b2a7-493e-91a3-59fa595209d8, Org: 17674cf9-9aab-470b-98d9-b65820a3436e
2026-05-22T13:16:09.818Z [getAllProjects] Database and Model verified. Testing connection...
2026-05-22T13:16:09.820Z [getAllProjects] Connection Successful
2026-05-22T13:16:09.821Z [getAllProjects] Fetching all projects (no pagination)...
2026-05-22T13:16:09.840Z [getAllProjects] Found 3 projects. Computing progress...
2026-05-22T13:16:09.841Z [getAllProjects] Success. Returning response.
2026-05-22T13:16:25.921Z [getAllProjects] Start - User: 454265a3-1777-413b-a49f-8735ef6ffa2a, Org: 17674cf9-9aab-470b-98d9-b65820a3436e
2026-05-22T13:16:25.923Z [getAllProjects] Database and Model verified. Testing connection...
2026-05-22T13:16:25.925Z [getAllProjects] Connection Successful
2026-05-22T13:16:25.926Z [getAllProjects] Fetching all projects (no pagination)...
2026-05-22T13:16:25.941Z [getAllProjects] Found 4 projects. Computing progress...
2026-05-22T13:16:25.943Z [getAllProjects] Success. Returning response.
2026-05-22T13:16:26.008Z [getAllProjects] Start - User: 454265a3-1777-413b-a49f-8735ef6ffa2a, Org: 17674cf9-9aab-470b-98d9-b65820a3436e
2026-05-22T13:16:26.019Z [getAllProjects] Database and Model verified. Testing connection...
2026-05-22T13:16:26.026Z [getAllProjects] Connection Successful
2026-05-22T13:16:26.033Z [getAllProjects] Fetching all projects (no pagination)...
2026-05-22T13:16:26.062Z [getAllProjects] Found 4 projects. Computing progress...
2026-05-22T13:16:26.069Z [getAllProjects] Success. Returning response.
2026-05-22T13:16:31.890Z [getAllProjects] Start - User: 454265a3-1777-413b-a49f-8735ef6ffa2a, Org: 17674cf9-9aab-470b-98d9-b65820a3436e
2026-05-22T13:16:31.893Z [getAllProjects] Database and Model verified. Testing connection...
2026-05-22T13:16:31.894Z [getAllProjects] Connection Successful
2026-05-22T13:16:31.895Z [getAllProjects] Fetching all projects (no pagination)...
2026-05-22T13:16:31.920Z [getAllProjects] Found 4 projects. Computing progress...
2026-05-22T13:16:31.922Z [getAllProjects] Success. Returning response.
2026-05-22T13:16:40.204Z [getAllProjects] Start - User: 454265a3-1777-413b-a49f-8735ef6ffa2a, Org: 17674cf9-9aab-470b-98d9-b65820a3436e
2026-05-22T13:16:40.206Z [getAllProjects] Database and Model verified. Testing connection...
2026-05-22T13:16:40.207Z [getAllProjects] Connection Successful
2026-05-22T13:16:40.208Z [getAllProjects] Fetching all projects (no pagination)...
2026-05-22T13:16:40.221Z [getAllProjects] Found 4 projects. Computing progress...
2026-05-22T13:16:40.223Z [getAllProjects] Success. Returning response.
2026-05-22T13:16:43.281Z [getAllProjects] Start - User: 454265a3-1777-413b-a49f-8735ef6ffa2a, Org: 17674cf9-9aab-470b-98d9-b65820a3436e
2026-05-22T13:16:43.284Z [getAllProjects] Database and Model verified. Testing connection...
2026-05-22T13:16:43.285Z [getAllProjects] Connection Successful
2026-05-22T13:16:43.286Z [getAllProjects] Fetching all projects (no pagination)...
2026-05-22T13:16:43.301Z [getAllProjects] Found 4 projects. Computing progress...
2026-05-22T13:16:43.303Z [getAllProjects] Success. Returning response.
2026-05-22T13:16:51.178Z [getAllProjects] Start - User: 168ff0b0-b2a7-493e-91a3-59fa595209d8, Org: 17674cf9-9aab-470b-98d9-b65820a3436e
2026-05-22T13:16:51.181Z [getAllProjects] Database and Model verified. Testing connection...
2026-05-22T13:16:51.183Z [getAllProjects] Connection Successful
2026-05-22T13:16:51.185Z [getAllProjects] Fetching all projects (no pagination)...
2026-05-22T13:16:51.205Z [getAllProjects] Found 3 projects. Computing progress...
2026-05-22T13:16:51.206Z [getAllProjects] Success. Returning response.
2026-05-22T13:16:51.234Z [getAllProjects] Start - User: 168ff0b0-b2a7-493e-91a3-59fa595209d8, Org: 17674cf9-9aab-470b-98d9-b65820a3436e
2026-05-22T13:16:51.235Z [getAllProjects] Database and Model verified. Testing connection...
2026-05-22T13:16:51.237Z [getAllProjects] Connection Successful
2026-05-22T13:16:51.238Z [getAllProjects] Fetching all projects (no pagination)...
2026-05-22T13:16:51.256Z [getAllProjects] Found 3 projects. Computing progress...
2026-05-22T13:16:51.259Z [getAllProjects] Success. Returning response.
2026-05-22T13:16:53.257Z [getAllProjects] Start - User: 168ff0b0-b2a7-493e-91a3-59fa595209d8, Org: 17674cf9-9aab-470b-98d9-b65820a3436e
2026-05-22T13:16:53.259Z [getAllProjects] Database and Model verified. Testing connection...
2026-05-22T13:16:53.260Z [getAllProjects] Connection Successful
2026-05-22T13:16:53.261Z [getAllProjects] Fetching all projects (no pagination)...
2026-05-22T13:16:53.276Z [getAllProjects] Found 3 projects. Computing progress...
2026-05-22T13:16:53.277Z [getAllProjects] Success. Returning response.
2026-05-22T13:17:02.610Z [getAllProjects] Start - User: 168ff0b0-b2a7-493e-91a3-59fa595209d8, Org: 17674cf9-9aab-470b-98d9-b65820a3436e
2026-05-22T13:17:02.611Z [getAllProjects] Database and Model verified. Testing connection...
2026-05-22T13:17:02.613Z [getAllProjects] Connection Successful
2026-05-22T13:17:02.614Z [getAllProjects] Fetching all projects (no pagination)...
2026-05-22T13:17:02.625Z [getAllProjects] Found 3 projects. Computing progress...
2026-05-22T13:17:02.626Z [getAllProjects] Success. Returning response.
2026-05-22T13:17:19.309Z [getAllProjects] Start - User: 168ff0b0-b2a7-493e-91a3-59fa595209d8, Org: 17674cf9-9aab-470b-98d9-b65820a3436e
2026-05-22T13:17:19.311Z [getAllProjects] Database and Model verified. Testing connection...
2026-05-22T13:17:19.312Z [getAllProjects] Connection Successful
2026-05-22T13:17:19.313Z [getAllProjects] Fetching all projects (no pagination)...
2026-05-22T13:17:19.326Z [getAllProjects] Found 3 projects. Computing progress...
2026-05-22T13:17:19.327Z [getAllProjects] Success. Returning response.
2026-05-22T13:17:44.234Z [getAllProjects] Start - User: 168ff0b0-b2a7-493e-91a3-59fa595209d8, Org: 17674cf9-9aab-470b-98d9-b65820a3436e
2026-05-22T13:17:44.236Z [getAllProjects] Database and Model verified. Testing connection...
2026-05-22T13:17:44.238Z [getAllProjects] Connection Successful
2026-05-22T13:17:44.239Z [getAllProjects] Fetching all projects (no pagination)...
2026-05-22T13:17:44.253Z [getAllProjects] Found 3 projects. Computing progress...
2026-05-22T13:17:44.255Z [getAllProjects] Success. Returning response.
2026-05-22T13:18:06.688Z [getAllProjects] Start - User: 168ff0b0-b2a7-493e-91a3-59fa595209d8, Org: 17674cf9-9aab-470b-98d9-b65820a3436e
2026-05-22T13:18:06.690Z [getAllProjects] Database and Model verified. Testing connection...
2026-05-22T13:18:06.691Z [getAllProjects] Connection Successful
2026-05-22T13:18:06.693Z [getAllProjects] Fetching all projects (no pagination)...
2026-05-22T13:18:06.704Z [getAllProjects] Found 3 projects. Computing progress...
2026-05-22T13:18:06.706Z [getAllProjects] Success. Returning response.
